commodity,unit,priority,trade,supply_mix,status,review_candidate,is_energy_carrier,ghg_intensity_tco2eq_per_unit,import_share,n_domestic_producers,secondary_supply_share,min_domestic_hhi,energychain_contrib,supply_mix_source
Additives/Blending Components,tonnes,P1,isard,skip,,False,True,0.7951,0.4525,0,0.0,0.0,0.0,
Anthracite,tonnes,P1,isard,skip,,False,True,0.2211,0.8087,0,0.0,0.0,0.0,
Aviation Gasoline,tonnes,P1,isard,skip,,False,True,0.6721,0.278,0,0.0,0.0,0.0,
BKB/Peat Briquettes,tonnes,P1,skip,skip,,False,True,0.0927,0.0459,0,0.0,0.0,0.0,
Biodiesels,tonnes,P1,isard,skip,,False,True,2.0308,0.2538,1,0.0,0.0,0.0,
Biogas,tonnes,P1,skip,skip,,False,True,0.5023,0.0,0,0.0,0.0,0.0,
Biogasoline,tonnes,P1,skip,skip,,False,True,2.617,0.0408,0,0.0,0.0,0.0,
Bitumen,tonnes,P1,isard,skip,,False,True,0.6943,0.0825,1,0.0,1.0,0.0,
Blast Furnace Gas,tonnes,P1,skip,skip,,False,True,-0.0,0.0,1,0.0,0.0,0.0,
Charcoal,tonnes,P1,skip,skip,,False,True,1.8141,0.0196,0,0.0,0.0,0.0,
Coal Tar,tonnes,P1,isard,skip,,False,True,0.7534,0.0852,0,0.0,0.0,0.0,
Coal gasification hydrogen,kg,P1,skip,skip,,False,True,0.033,0.0,1,0.0,0.0,0.0,
Coal gasification hydrogen with CCS,kg,P1,skip,skip,,False,True,0.02,0.0,1,0.0,0.0,0.0,
Coke Oven Coke,tonnes,P1,isard,skip,,False,True,0.7069,0.2789,1,0.0,0.0,0.0015,
Coke oven gas,tonnes,P1,skip,skip,,False,True,0.7226,0.0,1,0.0,0.0,0.0,
Coking Coal,tonnes,P1,isard,skip,,False,True,0.2827,0.3242,0,0.0,0.0,0.124,
Crude petroleum and services related to crude oil extraction; excluding surveying,tonnes,P1,isard,skip,,False,True,0.4476,0.5661,1,0.0,0.0,0.5056,
Electricity,TJ,P1,pooled,source,done (v3.0),False,True,148.5703,0.0,5,0.0,0.1545,0.8552,EMBER (done)
Electricity need,TJ,P1,pooled,source,done (v3.0),False,True,148.5703,0.0,1,0.0,1.0,0.0,EMBER (done)
Electrolysis hydrogen,kg,P1,skip,skip,,False,True,0.0304,0.0,1,0.0,0.0,0.0,
Ethane,tonnes,P1,skip,skip,,False,True,0.551,0.0036,0,0.0,0.0,0.0,
Gas Coke,tonnes,P1,skip,skip,,False,True,0.9518,0.0,0,0.0,0.0,0.0,
Gas Works Gas,tonnes,P1,skip,skip,,False,True,0.8193,0.0,0,0.0,0.0,0.0002,
Gas/Diesel Oil,tonnes,P1,isard,skip,,False,True,0.7064,0.2738,1,0.0,0.0,0.1167,
Gasoline Type Jet Fuel,tonnes,P1,skip,skip,,False,True,0.5065,0.0,0,0.0,0.0,0.0,
Heavy Fuel Oil,tonnes,P1,isard,skip,,False,True,0.6917,0.6288,1,0.0,0.0,0.0064,
Kerosene,tonnes,P1,isard,skip,,False,True,0.6306,0.2074,1,0.0,0.0,0.0,
Kerosene Type Jet Fuel,tonnes,P1,isard,skip,,False,True,0.673,0.5373,1,0.0,0.0,0.0,
Lignite/Brown Coal,tonnes,P1,isard,skip,,False,True,0.1463,0.0611,0,0.0,0.0,0.0135,
Liquefied Petroleum Gases (LPG),tonnes,P1,isard,skip,,False,True,0.6313,0.2297,1,0.0,0.0,0.0,
Lubricants,tonnes,P1,isard,skip,,False,True,0.7272,0.2206,1,0.0,1.0,0.0,
Motor Gasoline,tonnes,P1,isard,skip,,False,True,0.6734,0.1628,1,0.0,0.0,0.0325,
Naphtha,tonnes,P1,isard,skip,,False,True,0.7282,0.174,1,0.0,0.0,0.0053,
Natural Gas Liquids,tonnes,P1,isard,skip,,False,True,0.2999,0.1034,1,0.0,0.0,0.0,
Natural gas and services related to natural gas extraction; excluding surveying,tonnes,P1,isard,skip,,False,True,0.2915,0.3012,1,0.0,0.0,0.0803,
Non-specified Petroleum Products,tonnes,P1,isard,skip,,False,True,0.7157,0.136,1,0.0,0.0,0.0,
Nuclear fuel,TJ,P1,skip,skip,,False,True,0.1627,0.0,1,0.0,0.0,0.0001,
Other Bituminous Coal,tonnes,P1,isard,skip,,False,True,0.2951,0.1718,0,0.0,0.0,0.7405,
Other Hydrocarbons,tonnes,P1,isard,skip,,False,True,0.0048,0.3738,0,0.0,0.0,0.0,
Other Liquid Biofuels,tonnes,P1,skip,skip,,False,True,1.1795,0.0298,0,0.0,0.0,0.0,
Oxygen Steel Furnace Gas,tonnes,P1,skip,skip,,False,True,0.0,0.0,0,0.0,0.0,0.0,
Paraffin Waxes,tonnes,P1,isard,skip,,False,True,0.8496,0.0778,1,0.0,0.0,0.0,
Patent Fuel,tonnes,P1,skip,skip,,False,True,-0.0,0.0,0,0.0,0.0,0.0,
Peat,tonnes,P1,skip,skip,,False,True,0.0971,0.0264,0,0.0,0.0,0.0,
Petroleum Coke,tonnes,P1,isard,skip,,False,True,0.696,0.2057,1,0.0,0.0,0.0,
Refinery Feedstocks,tonnes,P1,isard,skip,,False,True,1.9975,0.1436,1,0.0,0.0,0.0003,
Refinery Gas,tonnes,P1,skip,skip,,False,True,0.7187,0.0,1,0.0,0.0,0.0,
Steam and hot water supply services,TJ,P1,skip,skip,,False,True,79.6553,0.0001,1,0.0,0.1397,0.0694,IEA balances
Steam reforming hydrogen,kg,P1,skip,skip,,False,True,0.011,0.0,1,0.0,0.0,0.0,
Steam reforming hydrogen with CCS,kg,P1,skip,skip,,False,True,0.0061,0.0,1,0.0,0.0,0.0,
Sub-Bituminous Coal,tonnes,P1,isard,skip,,False,True,0.2328,0.2493,0,0.0,0.0,0.0321,
White Spirit & SBP,tonnes,P1,isard,skip,,False,True,0.7664,0.2593,1,0.0,0.0,0.0,
Aluminium and aluminium products,tonnes,P2,isard,source,,False,False,15.3319,0.2798,1,0.2126,0.0,0.0004,IAI
Aluminium ores and concentrates,tonnes,P2,isard,skip,,False,False,0.0548,0.1822,0,0.0,0.0,0.0,
Ash for treatment; Re-processing of ash into clinker,tonnes (service),P2,skip,skip,,False,False,0.086,0.0,1,0.0,0.0,0.0,GCCA/GNR clinker ratio
Basic iron and steel and of ferro-alloys and first products thereof,tonnes,P2,isard,source,,False,False,2.9657,0.1695,2,0.1698,0.0,0.0112,worldsteel BOF/EAF
Cement; lime and plaster,tonnes,P2,skip,skip,,False,False,0.9365,0.0419,2,0.0,0.501,0.001,GCCA/GNR clinker ratio
Copper ores and concentrates,tonnes,P2,isard,skip,,False,False,1.4102,0.3404,1,0.0,0.0,0.0,
Copper products,tonnes,P2,isard,candidate,,False,False,3.9144,0.2868,1,0.1328,0.0,0.0,ICSG
Glass and glass products,tonnes,P2,isard,candidate,,False,False,0.9711,0.1676,2,0.4743,0.3351,0.0009,FEVE (EU)
Iron ores,tonnes,P2,isard,skip,,False,False,0.019,0.3901,0,0.0,0.0,0.0,
Plastics; basic,tonnes,P2,isard,source,,False,False,3.2572,0.3004,2,0.0541,0.5,0.028,PlasticsEurope/OECD
Secondary aluminium for treatment; Re-processing of secondary aluminium into new aluminium,tonnes (service),P2,isard,skip,,False,False,32.7607,0.4043,1,1.0,0.0,0.0,IAI
Secondary copper for treatment; Re-processing of secondary copper into new copper,tonnes (service),P2,isard,skip,,False,False,85.0213,0.8848,1,1.0,0.0,0.0,ICSG
Secondary glass for treatment; Re-processing of secondary glass into new glass,tonnes (service),P2,skip,skip,,False,False,10.8381,0.0,1,1.0,0.0,0.0001,FEVE (EU)
Secondary plastic for treatment; Re-processing of secondary plastic into new plastic,tonnes (service),P2,isard,skip,,False,False,0.856,0.2625,1,1.0,1.0,0.0,PlasticsEurope/OECD
Secondary steel for treatment; Re-processing of secondary steel into new steel,tonnes (service),P2,isard,skip,,False,False,11.5504,0.0928,1,1.0,0.0,0.0003,worldsteel BOF/EAF
Air transport services (62),Meuro,P3,skip,skip,,False,False,1815.9947,0.2545,1,0.0,1.0,0.0037,
Animal products nec,tonnes,P3,skip,skip,,False,False,4.0498,0.2489,1,0.0,0.0,0.0,
Beverages,tonnes,P3,skip,skip,,False,False,6.68,0.1155,1,0.0,1.0,0.0001,
Bottles for treatment; Recycling of bottles by direct reuse,tonnes (service),P3,skip,skip,,False,False,0.1133,0.0,1,1.0,0.0,0.0,
Bricks; tiles and construction products; in baked clay,tonnes,P3,skip,skip,,False,False,0.133,0.0105,1,0.0,1.0,0.0,
Cattle,tonnes,P3,skip,skip,,False,False,72.0513,0.014,2,0.0,0.5005,0.0013,
Ceramic goods,tonnes,P3,skip,skip,,False,False,1.7321,0.0959,1,0.0,1.0,0.0001,
Cereal grains nec,tonnes,P3,skip,skip,,False,False,0.4377,0.1135,1,0.0,1.0,0.0006,
Chemical and fertilizer minerals; salt and other mining and quarrying products n.e.c.,tonnes,P3,skip,skip,,False,False,0.0541,0.31,1,0.0,0.0,0.0004,
Chemicals nec,tonnes,P3,skip,skip,,False,False,2.1085,0.3664,1,0.0,1.0,0.0137,
Collected and purified water; distribution services of water (41),Meuro,P3,skip,skip,,False,False,464.0713,0.0,1,0.0,1.0,0.0,
Computer and related services (72),Meuro,P3,skip,skip,,False,False,221.2381,0.0727,1,0.0,1.0,0.0002,
Construction work (45),Meuro,P3,skip,skip,,False,False,701.7199,0.0109,1,0.0,1.0,0.0005,
Crops nec,tonnes,P3,skip,skip,,False,False,1.7863,0.6627,1,0.0,0.0,0.0001,
Dairy products,tonnes,P3,skip,skip,,False,False,19.4431,0.1481,1,0.0,1.0,0.0,
Distribution and trade services of electricity,Meuro,P3,skip,skip,,False,False,105.2407,0.0,1,0.0,1.0,0.0001,
Distribution services of gaseous fuels through mains,Meuro,P3,skip,skip,,False,False,304.2495,0.0,1,0.0,1.0,0.0004,
Education services (80),Meuro,P3,skip,skip,,False,False,320.821,0.0082,1,0.0,1.0,0.0,
Electrical machinery and apparatus n.e.c. (31),tonnes,P3,skip,skip,,False,False,5.649,0.2448,1,0.0,1.0,0.0001,
Electrolyser,kg,P3,skip,skip,,False,False,0.0003,0.0,1,0.0,0.0,0.0,
Extra-territorial organizations and bodies,Meuro,P3,skip,skip,,False,False,,,0,0.0,0.0,0.0,
Fabricated metal products; except machinery and equipment (28),tonnes,P3,skip,skip,,False,False,4.276,0.1721,1,0.0,1.0,0.0001,
Financial intermediation services; except insurance and pension funding services (65),Meuro,P3,skip,skip,,False,False,144.3301,0.0643,1,0.0,1.0,0.0002,
Fish and other fishing products; services incidental of fishing (05),tonnes,P3,skip,skip,,False,False,4.434,0.2013,1,0.0,0.0,0.0,
Fish products,tonnes,P3,skip,skip,,False,False,41.7927,0.0,1,0.0,0.0,0.0,
Food products nec,tonnes,P3,skip,skip,,False,False,2.3849,0.2516,1,0.0,1.0,0.0001,
Food waste for treatment: biogasification and land application,tonnes (service),P3,skip,skip,,False,False,0.7935,0.0,0,0.0,0.0,0.0,
Food waste for treatment: composting and land application,tonnes (service),P3,skip,skip,,False,False,0.4608,0.0,1,0.0,0.0,0.0,
Food waste for treatment: incineration,tonnes (service),P3,skip,skip,,False,False,0.1803,0.0,1,0.0,0.0,0.0001,
Food waste for treatment: landfill,tonnes (service),P3,skip,skip,,False,False,2.7329,0.0,1,0.0,0.0,0.0011,
Food waste for treatment: waste water treatment,tonnes (service),P3,skip,skip,,False,False,0.3145,0.0,1,0.0,1.0,0.0,
Foundry work services,tonnes,P3,skip,skip,,False,False,5.5685,0.0,1,0.0,1.0,0.0001,
Furniture; other manufactured goods n.e.c. (36),tonnes,P3,skip,skip,,False,False,4.7211,0.2234,1,0.0,1.0,0.0001,
Health and social work services (85),Meuro,P3,skip,skip,,False,False,341.3971,0.0064,1,0.0,1.0,0.0,
Hotel and restaurant services (55),Meuro,P3,skip,skip,,False,False,861.5799,0.1695,1,0.0,1.0,0.0004,
Inert/metal/hazardous waste for treatment: landfill,tonnes (service),P3,skip,skip,,False,False,0.0422,0.0,1,0.0,0.0,0.0004,
Inland water transportation services,Meuro,P3,skip,skip,,False,False,2470.2563,0.0649,1,0.0,1.0,0.002,
Insurance and pension funding services; except compulsory social security services (66),Meuro,P3,skip,skip,,False,False,181.7776,0.0907,1,0.0,1.0,0.0002,
Intert/metal waste for treatment: incineration,tonnes (service),P3,skip,skip,,False,False,1.2041,0.0,1,0.0,0.0,0.0,
Lead; zinc and tin and products thereof,tonnes,P3,skip,skip,,False,False,2.1043,0.4179,1,0.115,0.0,0.0,
Lead; zinc and tin ores and concentrates,tonnes,P3,skip,skip,,False,False,0.6022,0.2228,1,0.0,0.0,0.0,
Leather and leather products (19),tonnes,P3,skip,skip,,False,False,49.3094,0.3356,1,0.0,1.0,0.0001,
Machinery and equipment n.e.c. (29),tonnes,P3,skip,skip,,False,False,5.7339,0.2927,1,0.0,1.0,0.0007,
Manure (biogas treatment),tonnes (service),P3,skip,skip,,False,False,,,0,0.0,0.0,0.0,
Manure (conventional treatment),tonnes (service),P3,skip,skip,,False,False,0.3015,0.0,1,0.0,1.0,0.0004,
Meat animals nec,tonnes,P3,skip,skip,,False,False,21.6173,0.0187,1,0.0,0.5019,0.0003,
Meat products nec,tonnes,P3,skip,skip,,False,False,25.3509,0.1383,1,0.0,1.0,0.0,
Medical; precision and optical instruments; watches and clocks (33),tonnes,P3,skip,skip,,False,False,11.6781,0.4178,1,0.0,1.0,0.0001,
Membership organisation services n.e.c. (91),Meuro,P3,skip,skip,,False,False,369.1998,0.0045,1,0.0,1.0,0.0002,
Motor vehicles; trailers and semi-trailers (34),Meuro,P3,skip,skip,,False,False,669.6506,0.3447,1,0.0,1.0,0.0001,
N-fertiliser,tonnes,P3,skip,skip,,False,False,3.9389,0.2493,2,0.0,0.4942,0.0006,
Nickel ores and concentrates,tonnes,P3,skip,skip,,False,False,5.8612,0.0081,0,0.0,0.0,0.0,
Office machinery and computers (30),tonnes,P3,skip,skip,,False,False,18.2463,0.332,1,0.0,0.0,0.0004,
Oil seeds,tonnes,P3,skip,skip,,False,False,0.5484,0.3077,1,0.0,0.0,0.0004,
Oil/hazardous waste for treatment: incineration,tonnes (service),P3,skip,skip,,False,False,3.0896,0.0,1,0.0,0.0,0.0052,
Other business services (74),Meuro,P3,skip,skip,,False,False,247.4318,0.0809,1,0.0,1.0,0.0094,
Other land transportation services,Meuro,P3,skip,skip,,False,False,473.7943,0.0729,1,0.0,1.0,0.003,
Other non-ferrous metal ores and concentrates,tonnes,P3,skip,skip,,False,False,0.5518,0.0055,1,0.0,0.0,0.0,
Other non-ferrous metal products,tonnes,P3,skip,skip,,False,False,5.9045,0.4364,1,0.0101,0.5066,0.0003,
Other non-metallic mineral products,tonnes,P3,skip,skip,,False,False,1.1575,0.1162,1,0.0,1.0,0.0024,
Other services (93),Meuro,P3,skip,skip,,False,False,365.9005,0.0077,1,0.0,1.0,0.0001,
Other transport equipment (35),Meuro,P3,skip,skip,,False,False,881.3879,0.3441,1,0.0,1.0,0.0,
Other waste for treatment: waste water treatment,tonnes (service),P3,skip,skip,,False,False,0.1584,0.0,1,0.0,1.0,0.0,
P- and other fertiliser,tonnes,P3,skip,skip,,False,False,0.3671,0.3979,2,0.0,0.4996,0.0,
Paddy rice,tonnes,P3,skip,skip,,False,False,3.4983,0.0,1,0.0,0.0,0.0011,
Paper and paper products,tonnes,P3,skip,skip,,False,False,3.2121,0.1446,1,0.0,1.0,0.0009,
Paper and wood waste for treatment: composting and land application,tonnes (service),P3,skip,skip,,False,False,27.5799,0.0,0,0.0,0.0,0.0,
Paper for treatment: landfill,tonnes (service),P3,skip,skip,,False,False,4.753,0.0,1,0.0,0.0,0.0006,
Paper waste for treatment: biogasification and land application,tonnes (service),P3,skip,skip,,False,False,4.9321,0.0,0,0.0,0.0,0.0,
Paper waste for treatment: incineration,tonnes (service),P3,skip,skip,,False,False,0.8591,0.0,1,0.0,0.0,0.0001,
Pigs,tonnes,P3,skip,skip,,False,False,12.0627,0.0109,1,0.0,1.0,0.0002,
Plant-based fibers,tonnes,P3,skip,skip,,False,False,1.0518,0.2378,1,0.0,0.0,0.0,
Plastic waste for treatment: incineration,tonnes (service),P3,skip,skip,,False,False,3.7766,0.0477,1,0.0,0.0,0.0047,
Plastic waste for treatment: landfill,tonnes (service),P3,skip,skip,,False,False,0.2141,0.001,1,0.0,0.0,0.0005,
Post and telecommunication services (64),Meuro,P3,skip,skip,,False,False,251.4351,0.0302,1,0.0,1.0,0.0015,
Poultry,tonnes,P3,skip,skip,,False,False,8.1327,0.0196,1,0.0,1.0,0.0001,
Precious metal ores and concentrates,tonnes,P3,skip,skip,,False,False,257.7562,0.0058,1,0.0,0.0,0.0,
Precious metals,tonnes,P3,skip,skip,,False,False,3457.9501,0.3909,1,0.1437,0.0,0.0001,
Printed matter and recorded media (22),tonnes,P3,skip,skip,,False,False,9.101,0.0428,1,0.0,1.0,0.0,
Private households with employed persons (95),Meuro,P3,skip,skip,,False,False,481.7388,0.6089,1,0.0,0.0,0.0,
Processed rice,tonnes,P3,skip,skip,,False,False,5.1973,0.0061,1,0.0,0.0,0.0,
Products of forestry; logging and related services (02),tonnes,P3,skip,skip,,False,False,0.0527,0.1312,1,0.0,1.0,0.0003,
Products of meat cattle,tonnes,P3,skip,skip,,False,False,84.701,0.2065,1,0.0,1.0,0.0,
Products of meat pigs,tonnes,P3,skip,skip,,False,False,14.5432,0.1451,1,0.0,1.0,0.0,
Products of meat poultry,tonnes,P3,skip,skip,,False,False,12.0727,0.158,1,0.0,1.0,0.0,
Public administration and defence services; compulsory social security services (75),Meuro,P3,skip,skip,,False,False,333.7386,0.0102,1,0.0,1.0,0.0,
Pulp,tonnes,P3,skip,skip,,False,False,0.4679,0.5308,2,0.326,0.5002,0.0,
Radio; television and communication equipment and apparatus (32),tonnes,P3,skip,skip,,False,False,9.5172,0.4673,1,0.0,1.0,0.0,
Railway transportation services,Meuro,P3,skip,skip,,False,False,676.6443,0.0652,1,0.0,1.0,0.0012,
Raw milk,tonnes,P3,skip,skip,,False,False,19.7466,0.0,1,0.0,0.817,0.0006,
Real estate services (70),Meuro,P3,skip,skip,,False,False,117.8552,0.0191,1,0.0,1.0,0.0001,
Recreational; cultural and sporting services (92),Meuro,P3,skip,skip,,False,False,335.1413,0.015,1,0.0,1.0,0.0002,
Renting services of machinery and equipment without operator and of personal and household goods (71),Meuro,P3,skip,skip,,False,False,267.7455,0.0379,1,0.0,1.0,0.0014,
Research and development services (73),Meuro,P3,skip,skip,,False,False,363.1774,0.1085,1,0.0,1.0,0.0002,
Retail  trade services; except of motor vehicles and motorcycles; repair services of personal and household goods (52),Meuro,P3,skip,skip,,False,False,631.026,0.0576,1,0.0,1.0,0.004,
Retail trade services of motor fuel,Meuro,P3,skip,skip,,False,False,353.0324,0.0368,1,0.0,1.0,0.0001,
Rubber and plastic products (25),tonnes,P3,skip,skip,,False,False,5.9328,0.3656,1,0.0,1.0,0.0006,
Sale; maintenance; repair of motor vehicles; motor vehicles parts; motorcycles; motor cycles parts and accessoiries,Meuro,P3,skip,skip,,False,False,199.9492,0.0241,1,0.0,1.0,0.0005,
Sand and clay,tonnes,P3,skip,skip,,False,False,0.0037,0.0355,1,0.0147,0.5016,0.0,
Sea and coastal water transportation services,Meuro,P3,skip,skip,,False,False,2437.7245,0.3868,1,0.0,1.0,0.0098,
Secondary construction material for treatment; Re-processing of secondary construction material into aggregates,tonnes (service),P3,skip,skip,,False,False,0.0766,0.0,1,1.0,0.0,0.0,
Secondary lead for treatment; Re-processing of secondary lead into new lead,tonnes (service),P3,skip,skip,,False,False,4.2578,0.0314,1,1.0,0.0,0.0,
Secondary other non-ferrous metals for treatment; Re-processing of secondary other non-ferrous metals into new other non-ferrous metals,tonnes (service),P3,skip,skip,,False,False,34.329,0.7171,1,1.0,0.0,0.0,
Secondary paper for treatment; Re-processing of secondary paper into new pulp,tonnes (service),P3,skip,skip,,False,False,1.5028,0.1349,1,1.0,1.0,0.0,
Secondary preciuos metals for treatment; Re-processing of secondary preciuos metals into new preciuos metals,tonnes (service),P3,skip,skip,,False,False,20408.0779,0.9998,1,1.0,0.0,0.0,
Secondary raw materials,Meuro,P3,skip,skip,,False,False,1336.8048,0.0,1,1.0,0.0,0.0005,
Services auxiliary to financial intermediation (67),Meuro,P3,skip,skip,,False,False,156.0447,0.0224,1,0.0,1.0,0.0001,
Sewage sludge for treatment: biogasification and land application,tonnes (service),P3,skip,skip,,False,False,0.9834,0.0,1,0.0,0.0,0.0001,
Steam reformer,kg,P3,skip,skip,,False,False,0.0001,0.0,1,0.0,0.0,0.0,
Stone,tonnes,P3,skip,skip,,False,False,0.0034,0.0853,1,0.0,0.0,0.0,
Sugar,tonnes,P3,skip,skip,,False,False,0.8302,0.2764,1,0.0,0.0,0.0002,
Sugar cane; sugar beet,tonnes,P3,skip,skip,,False,False,0.0999,0.0002,1,0.0,0.0,0.0001,
Supporting and auxiliary transport services; travel agency services (63),Meuro,P3,skip,skip,,False,False,385.2802,0.0514,1,0.0,1.0,0.0014,
Textiles (17),tonnes,P3,skip,skip,,False,False,8.5239,0.2247,1,0.0,1.0,0.0002,
Textiles waste for treatment: incineration,tonnes (service),P3,skip,skip,,False,False,1.6697,0.0,1,0.0,0.0,0.0,
Textiles waste for treatment: landfill,tonnes (service),P3,skip,skip,,False,False,5.6506,0.0,1,0.0,0.0,0.0001,
Tobacco products (16),tonnes,P3,skip,skip,,False,False,8.6033,0.1136,1,0.0,1.0,0.0,
Transmission services of electricity,Meuro,P3,skip,skip,,False,False,127.6642,0.0,1,0.0,1.0,0.0,
Transportation services via pipelines,Meuro,P3,skip,skip,,False,False,1837.8915,0.1567,1,0.0,1.0,0.0132,
Uranium and thorium ores (12),tonnes,P3,skip,skip,,False,False,19.1872,0.7458,0,0.0,0.0,0.0,
Vegetables; fruit; nuts,tonnes,P3,skip,skip,,False,False,0.7806,0.0446,1,0.0,1.0,0.0003,
Wearing apparel; furs (18),tonnes,P3,skip,skip,,False,False,14.1446,0.2228,1,0.0,0.0,0.0,
Wheat,tonnes,P3,skip,skip,,False,False,0.6046,0.1903,1,0.0,0.0,0.0001,
Wholesale trade and commission trade services; except of motor vehicles and motorcycles (51),Meuro,P3,skip,skip,,False,False,246.0761,0.0422,1,0.0,1.0,0.0032,
Wood and products of wood and cork (except furniture); articles of straw and plaiting materials (20),tonnes,P3,skip,skip,,False,False,0.5205,0.2654,2,0.2088,0.5015,0.0001,
Wood material for treatment; Re-processing of secondary wood material into new wood material,tonnes (service),P3,skip,skip,,False,False,,,0,0.0,0.0,0.0,
Wood waste for treatment: incineration,tonnes (service),P3,skip,skip,,False,False,2.4008,0.0,1,0.0,0.0,0.0,
Wood waste for treatment: landfill,tonnes (service),P3,skip,skip,,False,False,1.3939,0.0,1,0.0,0.0,0.0,
Wool; silk-worm cocoons,tonnes,P3,skip,skip,,False,False,25.754,0.413,1,0.0,0.0,0.0,
products of Vegetable oils and fats,tonnes,P3,skip,skip,,False,False,0.855,0.3661,2,0.0,0.5021,0.0,
