region,activity,s_ele,u_need,net,residual
AT,Bioenergy,14397.672601718084,697.2774367216821,697.2774367216821,13700.395164996402
AT,"Biogasification of food waste, incl. land application",65.76651065945245,0.4294751655384074,0.4294751655384074,65.33703549391404
AT,"Biogasification of paper, incl. land application",9.134237592157255,0.0544940117856825,0.0544940117856825,9.079743580371574
AT,"Biogasification of sewage slugde, incl. land application",50.74632824680929,0.2654842970160925,0.2654842970160925,50.4808439497932
AT,Coal,66.13223180152426,2.5382844975309165,2.5382844975309165,63.59394730399334
AT,Gas,23674.76411432487,889.2662452813754,889.2662452813754,22785.497869043495
AT,Hydro,128469.79633179482,5862.882214519977,5862.882214519977,122606.91411727484
AT,Incineration of waste: Food,598.272910018736,215.41268310496355,215.41268310496355,382.8602269137724
AT,Incineration of waste: Oil/Hazardous waste,1599.9281680309275,183.79027589504992,183.79027589504992,1416.1378921358776
AT,Incineration of waste: Paper,813.0954831369979,189.72420623909144,189.72420623909144,623.3712768979065
AT,Incineration of waste: Plastic,1431.2540970399043,137.52995681007883,137.52995681007883,1293.7241402298255
AT,Incineration of waste: Textiles,134.98070905092928,29.811407919537412,29.811407919537412,105.16930113139186
AT,Incineration of waste: Wood,290.7848058496919,58.5785895028967,58.5785895028967,232.2062163467952
AT,Other Fossil,10835.316233866924,405.64446701388385,405.64446701388385,10429.67176685304
AT,Other Renewables,0.0157931489233233,0.000515249423274,0.000515249423274,0.0152778995000493
AT,Solar,20198.84049190128,773.5912523897747,773.5912523897747,19425.249239511504
AT,Wind,25384.9757835635,972.9156086357762,972.9156086357762,24412.060174927723
AU,Bioenergy,13203.908703236471,722.4300940895,722.4300940895,12481.478609146972
AU,"Biogasification of food waste, incl. land application",5496.947093630863,66.43062158478985,66.43062158478985,5430.5164720460725
AU,"Biogasification of paper, incl. land application",610.7718993126878,6.232914641719146,6.232914641719146,604.5389846709686
AU,"Biogasification of sewage slugde, incl. land application",81.17055001262784,0.7812954884173707,0.7812954884173707,80.38925452421047
AU,Coal,385924.92665845185,21290.550605570792,21290.550605570792,364634.37605288107
AU,Gas,147754.22789905837,8150.17613007517,8150.17613007517,139604.0517689832
AU,Hydro,47684.31093598322,2631.007422977931,2631.007422977931,45053.30351300529
AU,Other Fossil,14708.521124817707,814.7006045450074,814.7006045450074,13893.8205202727
AU,Solar,126900.50625522665,7000.36983215667,7000.36983215667,119900.13642306998
AU,Wind,94898.70734852328,5236.955475567969,5236.955475567969,89661.75187295531
BE,Bioenergy,13762.491132342922,19.182119773021387,19.182119773021387,13743.309012569902
BE,"Biogasification of food waste, incl. land application",305.32235695053316,2.5864672215560747,2.5864672215560747,302.7358897289771
BE,"Biogasification of paper, incl. land application",42.40588290921608,0.2348735756144938,0.2348735756144938,42.17100933360159
BE,"Biogasification of sewage slugde, incl. land application",742.1111966244652,4.984776060880938,4.984776060880938,737.1264205635842
BE,Coal,145.13883189747293,5.729975829119396,5.729975829119396,139.40885606835354
BE,Gas,66196.33726531826,2613.3019581956623,2613.3019581956623,63583.0353071226
BE,Hydro,1471.6570835289913,74.52529191865128,74.52529191865128,1397.13179161034
BE,Incineration of waste: Food,2076.5888944790436,721.7613514894002,721.7613514894002,1354.8275429896435
BE,Incineration of waste: Oil/Hazardous waste,6632.236838889105,716.6335411249039,716.6335411249039,5915.603297764201
BE,Incineration of waste: Paper,2229.903710146763,304.4715338749387,304.4715338749387,1925.4321762718241
BE,Incineration of waste: Plastic,2073.2129186399993,116.09166114254144,116.09166114254144,1957.121257497458
BE,Incineration of waste: Textiles,468.51434632367625,59.80871561069916,59.80871561069916,408.7056307129771
BE,Incineration of waste: Wood,862.3305791993782,93.7219135182264,93.7219135182264,768.6086656811518
BE,Other Fossil,13355.668072360975,333.03146274616796,333.03146274616796,13022.636609614807
BE,Solar,28303.881931128144,4006.1985804155897,4006.1985804155897,24297.683350712556
BE,Wind,55897.995160632985,2206.757807200927,2206.757807200927,53691.23735343206
BE,Nuclear,119179.97363682793,1366.7300915764636,1366.7300915764636,117813.24354525146
BG,Bioenergy,6846.324029138248,0.0,0.0,6846.324029138248
BG,"Biogasification of sewage slugde, incl. land application",19.96779363003632,0.072441771876696,0.072441771876696,19.89535185815962
BG,Coal,42846.891397874526,8073.650853955135,8073.650853955135,34773.24054391939
BG,Gas,7094.771529154565,354.7385764171624,354.7385764171624,6740.032952737402
BG,Hydro,11252.699690031097,562.6349845015548,562.6349845015548,10690.064705529541
BG,Incineration of waste: Food,9.252013308903184,10.012464708384888,9.252013308903184,0.0
BG,Incineration of waste: Oil/Hazardous waste,36.70223396713688,27.277632503800163,27.277632503800163,9.424601463336714
BG,Incineration of waste: Paper,12.544054292356767,3.9843962354659337,3.9843962354659337,8.559658056890834
BG,Incineration of waste: Plastic,5.4583464101162225,1.5929237822143298,1.5929237822143298,3.865422627901893
BG,Incineration of waste: Textiles,2.0874141134599538,1.46720997640114,1.46720997640114,0.6202041370588138
BG,Incineration of waste: Wood,3.0199740090904736,1.9879708727200711,1.9879708727200711,1.0320031363704025
BG,Other Fossil,1144.2847551702848,162.88884195759988,162.88884195759988,981.395913212685
BG,Solar,12862.267290164737,1928.270236245599,1928.270236245599,10933.997053919138
BG,Wind,5786.313998703669,867.4658059735399,867.4658059735399,4918.848192730129
BG,Nuclear,59049.57671784425,8852.524884211836,8852.524884211836,50197.05183363241
BR,Bioenergy,235009.30492910452,0.0,0.0,235009.30492910452
BR,Coal,22072.588239039535,260.20819342143784,260.20819342143784,21812.380045618098
BR,Gas,96716.7283372118,1129.3867782534523,1129.3867782534523,95587.34155895835
BR,Hydro,1067699.9437007064,12461.161204400818,12461.161204400818,1055238.7824963056
BR,Other Fossil,40188.53989112424,458.6157001404404,458.6157001404404,39729.924190983795
BR,Solar,126904.2891450414,0.0,0.0,126904.2891450414
BR,Wind,240111.1780230676,2818.1081472632964,2818.1081472632964,237293.0698758043
BR,Nuclear,36351.56449348005,423.6971140885468,423.6971140885468,35927.86737939151
CA,Bioenergy,36310.54835138703,639.3297094892363,639.3297094892363,35671.218641897794
CA,"Biogasification of sewage slugde, incl. land application",175.14790004566586,1.446843904074315,1.446843904074315,173.70105614159155
CA,Coal,80230.49476163951,2545.601751900296,2545.601751900296,77684.89300973921
CA,Gas,331124.005273695,10664.03215373818,10664.03215373818,320459.9731199568
CA,Hydro,1240263.1136171352,40430.05573674924,40430.05573674924,1199833.057880386
CA,Incineration of waste: Food,251.4414563334767,6.806903333902011,6.806903333902011,244.6345529995747
CA,Incineration of waste: Oil/Hazardous waste,9.305013287048016,5.45457884838161,5.45457884838161,3.8504344386664062
CA,Incineration of waste: Paper,301.01038078073293,7.232798265222283,7.232798265222283,293.77758251551063
CA,Incineration of waste: Plastic,213.5479409291572,67.1336816003057,67.1336816003057,146.41425932885147
CA,Incineration of waste: Textiles,25.71739076241681,19.43479348754069,19.43479348754069,6.282597274876117
CA,Incineration of waste: Wood,18.094989574608142,7.856382300388452,7.856382300388452,10.23860727421969
CA,Other Fossil,18485.370069797027,604.4731597558093,604.4731597558093,17880.896910041218
CA,Solar,24313.625700062275,788.9864660446808,788.9864660446808,23524.639234017595
CA,Wind,139279.83631830328,4499.215375799792,4499.215375799792,134780.62094250348
CA,Nuclear,306188.01127329166,9884.75298777911,9884.75298777911,296303.25828551257
CH,Bioenergy,9078.154929178394,0.0,0.0,9078.154929178394
CH,"Biogasification of food waste, incl. land application",267.105758740498,1.302178193062216,1.302178193062216,265.8035805474358
CH,"Biogasification of paper, incl. land application",37.098022031674134,0.1372157643236507,0.1372157643236507,36.960806267350485
CH,Gas,1185.3319970916823,31.415906112817808,31.415906112817808,1153.9160909788645
CH,Hydro,162916.26219336953,6471.332193985041,6471.332193985041,156444.9299993845
CH,Incineration of waste: Food,3339.483931262338,256.0167792343349,256.0167792343349,3083.467152028003
CH,Incineration of waste: Oil/Hazardous waste,974.0161466533208,55.42032897258602,55.42032897258602,918.5958176807347
CH,Incineration of waste: Paper,3339.483931262338,179.0134744551554,179.0134744551554,3160.4704568071825
CH,Incineration of waste: Plastic,727.5564120204331,15.530831045556146,15.530831045556146,712.0255809748769
CH,Incineration of waste: Textiles,753.4452943486172,37.30129714278018,37.30129714278018,716.143997205837
CH,Incineration of waste: Wood,954.2357067604167,34.47102670859111,34.47102670859111,919.7646800518256
CH,Other Fossil,5044.91838020774,0.0,0.0,5044.91838020774
CH,Solar,20150.34328403972,524.0739552459994,524.0739552459994,19626.26932879372
CH,Wind,734.3540061975497,19.204418629175365,19.204418629175365,715.1495875683743
CH,Nuclear,106253.06400601238,0.0,0.0,106253.06400601238
CN,Bioenergy,46239.81593535134,0.0,0.0,46239.81593535134
CN,"Biogasification of sewage slugde, incl. land application",3937.4543837925794,24.7153701036276,24.7153701036276,3912.7390136889517
CN,Coal,11104305.618185444,666087.4864879007,666087.4864879007,10438218.131697543
CN,Gas,610501.6818635704,34461.855152277756,34461.855152277756,576039.8267112926
CN,Hydro,2413209.36819048,147485.8818778519,147485.8818778519,2265723.486312628
CN,Incineration of waste: Food,10338.782307871648,1570.913901696765,1570.913901696765,8767.868406174883
CN,Incineration of waste: Oil/Hazardous waste,2725.0795404772803,2306.3891325013037,2306.3891325013037,418.69040797597654
CN,Incineration of waste: Paper,7212.000495665145,3791.8872399014263,3791.8872399014263,3420.1132557637184
CN,Incineration of waste: Plastic,2189.120532782528,444.3750463426689,444.3750463426689,1744.745486439859
CN,Incineration of waste: Textiles,2279.6052956181084,1068.689931392024,1068.689931392024,1210.9153642260844
CN,Incineration of waste: Wood,2848.8571665659906,551.6970063982135,551.6970063982135,2297.160160167777
CN,Other Fossil,308114.4142896922,16712.34238593569,16712.34238593569,291402.07190375647
CN,Solar,1125170.2733787885,68680.69775177562,68680.69775177562,1056489.5756270129
CN,Wind,1706337.8276605506,102453.61923992992,102453.61923992992,1603884.2084206208
CN,Nuclear,837357.940451485,47470.02140912487,47470.02140912487,789887.9190423602
CY,Bioenergy,179.722547633332,0.0,0.0,179.722547633332
CY,"Biogasification of sewage slugde, incl. land application",5.278600073221101,0.0865435051544369,0.0865435051544369,5.192056568066664
CY,Incineration of waste: Food,0.0639013246938728,1.950452334495711,0.0639013246938728,0.0
CY,Incineration of waste: Oil/Hazardous waste,3.617110820464814,1.981495401243732,1.981495401243732,1.6356154192210821
CY,Incineration of waste: Paper,0.0639013246938728,0.04135085969304,0.04135085969304,0.022550465000832805
CY,Incineration of waste: Plastic,0.0139218569582408,0.1157621127296527,0.0139218569582408,0.0
CY,Incineration of waste: Textiles,0.014417243277339,0.0086077755833885,0.0086077755833885,0.0058094676939505
CY,Incineration of waste: Wood,0.0182593861470977,0.3311582174703462,0.0182593861470977,0.0
CY,Other Fossil,14132.184441185524,0.0,0.0,14132.184441185524
CY,Solar,2770.658946560944,0.0,0.0,2770.658946560944
CY,Wind,695.4878615067687,32.59426904458189,32.59426904458189,662.8935924621868
CZ,Bioenergy,16877.89332332088,843.894666166044,843.894666166044,16033.998657154836
CZ,"Biogasification of sewage slugde, incl. land application",1183.819508907916,8.097489129155543,8.097489129155543,1175.7220197787606
CZ,Coal,97358.57015159364,18498.231213380703,18498.231213380703,78860.33893821294
CZ,Gas,11917.199547528448,595.8599772681251,595.8599772681251,11321.339570260323
CZ,Hydro,7683.732458552625,384.1866229276313,384.1866229276313,7299.545835624994
CZ,Incineration of waste: Food,245.5207738455966,292.50791913107366,245.5207738455966,0.0
CZ,Incineration of waste: Oil/Hazardous waste,420.51743485342257,249.33771025571443,249.33771025571443,171.17972459770814
CZ,Incineration of waste: Paper,262.1866057414248,215.7713593163634,215.7713593163634,46.41524642506138
CZ,Incineration of waste: Plastic,116.67715150641838,32.39408676951526,32.39408676951526,84.28306473690313
CZ,Incineration of waste: Textiles,55.39373015818483,36.28722226996456,36.28722226996456,19.10650788822027
CZ,Incineration of waste: Wood,78.68898851214523,49.1413421507239,49.1413421507239,29.54764636142133
CZ,Other Fossil,2525.327869987103,126.26639349935516,126.26639349935516,2399.0614764877478
CZ,Solar,9404.263965746966,470.21319828734835,470.21319828734835,8934.050767459617
CZ,Wind,2281.5369952455417,114.07684976227706,114.07684976227706,2167.4601454832646
CZ,Nuclear,98886.1806231146,4086.557576870448,4086.557576870448,94799.62304624416
DE,Bioenergy,167213.7886216253,5751.789043406005,5751.789043406005,161461.99957821931
DE,"Biogasification of food waste, incl. land application",1773.912215533011,15.78741091542627,15.78741091542627,1758.1248046175847
DE,"Biogasification of paper, incl. land application",246.37669656944712,1.893150460598623,1.893150460598623,244.4835461088485
DE,"Biogasification of sewage slugde, incl. land application",10355.601373668253,73.1843926095647,73.1843926095647,10282.416981058688
DE,Coal,455205.0583031713,0.0,0.0,455205.0583031713
DE,Gas,294582.85565978935,0.0,0.0,294582.85565978935
DE,Hydro,72462.82943426089,3623.1414717130447,3623.1414717130447,68839.68796254785
DE,Incineration of waste: Food,10043.411511430088,5780.336607431629,5780.336607431629,4263.0749039984585
DE,Incineration of waste: Oil/Hazardous waste,15743.530110775577,3997.313999765372,3997.313999765372,11746.216111010204
DE,Incineration of waste: Paper,14268.88636456249,5319.503426236496,5319.503426236496,8949.382938325994
DE,Incineration of waste: Plastic,14009.973174216791,2407.3068950613037,2407.3068950613037,11602.666279155488
DE,Incineration of waste: Textiles,2265.967228251435,886.89906061174,886.89906061174,1379.0681676396948
DE,Incineration of waste: Wood,9366.336191208926,3107.410819744654,3107.410819744654,6258.925371464272
DE,Other Fossil,84741.15941644691,0.0,0.0,84741.15941644691
DE,Other Renewables,710.2770553775447,35.5138534956404,35.5138534956404,674.7632018819043
DE,Solar,231572.17473170656,9253.392265065737,9253.392265065737,222318.7824666408
DE,Wind,511902.1374802533,18196.68512558826,18196.68512558826,493705.45235466503
DE,Nuclear,26283.89349540698,0.0,0.0,26283.89349540698
DK,Bioenergy,14444.57772207057,0.0,0.0,14444.57772207057
DK,"Biogasification of food waste, incl. land application",61.22429510108948,0.4887229233712797,0.4887229233712797,60.735572177718204
DK,"Biogasification of paper, incl. land application",8.503374320127453,0.0518948703279291,0.0518948703279291,8.451479449799523
DK,"Biogasification of sewage slugde, incl. land application",868.0624403742245,5.679798496978608,5.679798496978608,862.3826418772459
DK,Coal,5666.420406655812,279.1473941064297,279.1473941064297,5387.273012549383
DK,Gas,2244.4897865747157,107.70933903414438,107.70933903414438,2136.7804475405715
DK,Hydro,44.04634458638334,2.0674989594770796,2.0674989594770796,41.97884562690626
DK,Incineration of waste: Food,2332.644633149499,862.5774450025533,862.5774450025533,1470.0671881469457
DK,Incineration of waste: Oil/Hazardous waste,1035.2229694869009,254.9820349332552,254.9820349332552,780.2409345536457
DK,Incineration of waste: Paper,2332.6453808393853,585.8326147158282,585.8326147158282,1746.8127661235571
DK,Incineration of waste: Plastic,508.202871638207,49.953943454718186,49.953943454718186,458.24892818348883
DK,Incineration of waste: Textiles,526.2849465424663,121.38483281753768,121.38483281753768,404.9001137249286
DK,Incineration of waste: Wood,666.5380380353315,115.90966696201578,115.90966696201578,550.6283710733157
DK,Other Fossil,2232.2641657622735,107.41612226622412,107.41612226622412,2124.8480434960493
DK,Solar,7547.386474821797,349.45897103323,349.45897103323,7197.927503788566
DK,Wind,43519.42212461243,2056.989093694716,2056.989093694716,41462.43303091772
EE,Bioenergy,4851.224640818565,0.0,0.0,4851.224640818565
EE,"Biogasification of sewage slugde, incl. land application",32.45905842495147,0.728974665415308,0.728974665415308,31.730083759536164
EE,Gas,75.73917718936377,3.786958858592352,3.786958858592352,71.95221833077142
EE,Hydro,84.54605825789444,4.144552558192202,4.144552558192202,80.40150569970224
EE,Incineration of waste: Oil/Hazardous waste,77.93429216064224,10.515309809075903,10.515309809075903,67.41898235156634
EE,Incineration of waste: Paper,0.0147096567261299,0.0041382795161452,0.0041382795161452,0.0105713772099847
EE,Incineration of waste: Plastic,0.1922830971136149,0.0207039296541988,0.0207039296541988,0.17157916745941612
EE,Incineration of waste: Wood,8.118158019651949,1.0758114070588378,1.0758114070588378,7.042346612593111
EE,Other Fossil,10280.909889485216,1476.776705144163,1476.776705144163,8804.133184341053
EE,Solar,2539.904500164246,0.0,0.0,2539.904500164246
EE,Wind,2406.03990792258,122.01659688649808,122.01659688649808,2284.023311036082
ES,Bioenergy,21757.234710813165,1087.8617355406582,1087.8617355406582,20669.37297527251
ES,"Biogasification of food waste, incl. land application",2952.7242980081755,17.9633271991758,17.9633271991758,2934.760970809
ES,"Biogasification of paper, incl. land application",410.1005969955978,2.094233280046173,2.094233280046173,408.00636371555163
ES,"Biogasification of sewage slugde, incl. land application",2175.202798557012,10.580171305292671,10.580171305292671,2164.622627251719
ES,Coal,13353.627199267505,464.5705283459602,464.5705283459602,12889.056670921544
ES,Gas,236893.27279915023,8241.612493167684,8241.612493167684,228651.66030598254
ES,Hydro,92130.07603447158,2797.391215369828,2797.391215369828,89332.68481910175
ES,Incineration of waste: Food,1234.2368251618109,663.6412820183587,663.6412820183587,570.5955431434522
ES,Incineration of waste: Oil/Hazardous waste,1879.0374583187456,521.3245904025486,521.3245904025486,1357.712867916197
ES,Incineration of waste: Paper,1377.6349318110526,516.1086866428412,516.1086866428412,861.5262451682114
ES,Incineration of waste: Plastic,793.6254032106033,113.83362019423004,113.83362019423004,679.7917830163733
ES,Incineration of waste: Textiles,278.46516037698683,100.92494531754886,100.92494531754886,177.54021505943797
ES,Incineration of waste: Wood,405.7438636166028,112.1349252530692,112.1349252530692,293.60893836353364
ES,Other Fossil,41397.91398185328,0.0,0.0,41397.91398185328
ES,Other Renewables,44.22951321866135,0.0,0.0,44.22951321866135
ES,Solar,179077.92743682335,3612.472224513747,3612.472224513747,175465.4552123096
ES,Wind,236904.3301774549,1582.070453204819,1582.070453204819,235322.25972425006
ES,Nuclear,209622.09210707727,0.0,0.0,209622.09210707727
FI,Bioenergy,25169.40302355288,428.9057292915854,428.9057292915854,24740.497294261295
FI,"Biogasification of sewage slugde, incl. land application",507.07441781823826,5.60419149190333,5.60419149190333,501.4702263263349
FI,Coal,3466.21620154541,154.57622421246094,154.57622421246094,3311.639977332949
FI,Gas,1464.5983950191874,63.61577238396816,63.61577238396816,1400.9826226352193
FI,Hydro,33730.144854987346,1465.0474567244062,1465.0474567244062,32265.09739826294
FI,Incineration of waste: Food,84.71981117911926,36.25907417853949,36.25907417853949,48.46073700057977
FI,Incineration of waste: Oil/Hazardous waste,1327.162000346286,327.9560204623498,327.9560204623498,999.2059798839363
FI,Incineration of waste: Paper,96.38326408643788,29.06497752302779,29.06497752302779,67.31828656341008
FI,Incineration of waste: Plastic,54.05477515884781,6.227140495738349,6.227140495738349,47.827634663109464
FI,Incineration of waste: Textiles,19.1142536945835,5.336457358283856,5.336457358283856,13.777796336299645
FI,Incineration of waste: Wood,134.35680606852696,21.43717299436495,21.43717299436495,112.91963307416202
FI,Other Fossil,6011.035800076432,119.9760448717098,119.9760448717098,5891.059755204722
FI,Solar,1589.843748678101,59.47680595348944,59.47680595348944,1530.3669427246116
FI,Wind,33381.74796405097,1457.6408780778877,1457.6408780778877,31924.107085973083
FI,Nuclear,76132.48747927013,3306.7472048432164,3306.7472048432164,72825.74027442692
FR,Bioenergy,38852.81261975575,0.0,0.0,38852.81261975575
FR,"Biogasification of food waste, incl. land application",565.877474508544,6.0295317291468145,6.0295317291468145,559.8479427793972
FR,"Biogasification of paper, incl. land application",78.59409368117664,0.5810223833561926,0.5810223833561926,78.01307129782045
FR,"Biogasification of sewage slugde, incl. land application",5509.288864733867,47.116143896936485,47.116143896936485,5462.17272083693
FR,Coal,7546.750353835477,371.6086556564994,371.6086556564994,7175.141698178977
FR,Gas,113939.02772011636,5615.80355360771,5615.80355360771,108323.22416650865
FR,Hydro,216340.95194943168,11995.085042756908,11995.085042756908,204345.86690667478
FR,Incineration of waste: Food,4561.856350070078,1681.8373318736017,1681.8373318736017,2880.0190181964767
FR,Incineration of waste: Oil/Hazardous waste,8315.511470305486,1636.3621557548397,1636.3621557548397,6679.1493145506465
FR,Incineration of waste: Paper,4761.570781074781,1222.3539338684398,1222.3539338684398,3539.2168472063413
FR,Incineration of waste: Plastic,1999.712208112171,200.1059667239091,200.1059667239091,1799.6062413882619
FR,Incineration of waste: Textiles,1029.233639470032,245.59149337478516,245.59149337478516,783.6421460952467
FR,Incineration of waste: Wood,1490.2068402634677,175.54023245362566,175.54023245362566,1314.666607809842
FR,Other Fossil,42028.05122494858,2078.6175476978374,2078.6175476978374,39949.43367725074
FR,Other Renewables,2207.3299534827806,107.73528452894097,107.73528452894097,2099.5946689538396
FR,Solar,83329.83494005867,4096.000175858708,4096.000175858708,79233.83476419997
FR,Wind,196605.8282035956,9652.149928852612,9652.149928852612,186953.67827474297
FR,Nuclear,1291398.7302701042,63156.73142162274,63156.73142162274,1228241.9988484816
GB,Bioenergy,150933.56853513996,7546.678423239493,7546.678423239493,143386.89011190046
GB,"Biogasification of food waste, incl. land application",147.0298679234543,1.7226876633635393,1.7226876633635393,145.30718026009077
GB,"Biogasification of paper, incl. land application",20.42081499104499,0.1744312926229418,0.1744312926229418,20.246383698422047
GB,"Biogasification of sewage slugde, incl. land application",7588.11881841227,70.78825564671847,70.78825564671847,7517.330562765552
GB,Coal,16716.9179098333,753.8563721305952,753.8563721305952,15963.061537702706
GB,Gas,452665.760489382,20412.579313582708,20412.579313582708,432253.18117579934
GB,Hydro,24518.97455574448,503.9566950976184,503.9566950976184,24015.01786064686
GB,Incineration of waste: Food,2243.645505522023,488.2450421670398,488.2450421670398,1755.4004633549832
GB,Incineration of waste: Oil/Hazardous waste,2554.98419453747,481.6593767921578,481.6593767921578,2073.3248177453124
GB,Incineration of waste: Paper,2270.543337896473,243.574366129934,243.574366129934,2026.9689717665392
GB,Incineration of waste: Plastic,535.6923288118255,218.0966336333201,218.0966336333201,317.5956951785054
GB,Incineration of waste: Textiles,506.2052050449063,150.41057468068684,150.41057468068684,355.7946303642194
GB,Incineration of waste: Wood,641.1070387625713,131.8331421340588,131.8331421340588,509.2738966285125
GB,Other Fossil,40421.26266806187,1822.833200804551,1822.833200804551,38598.429467257316
GB,Other Renewables,51.884597228486015,0.0,0.0,51.884597228486015
GB,Solar,61497.45199873161,2773.1974852700323,2773.1974852700323,58724.25451346158
GB,Wind,364443.6408038792,11964.514737275327,11964.514737275327,352479.1260666039
GB,Nuclear,179750.19767821423,265.76113398639103,265.76113398639103,179484.43654422785
GR,Bioenergy,2823.5484262166347,0.0,0.0,2823.5484262166347
GR,"Biogasification of sewage slugde, incl. land application",475.0844390746369,2.9053332109921004,2.9053332109921004,472.1791058636448
GR,Coal,19793.53362516236,371.94090510926367,371.94090510926367,19421.592720053097
GR,Gas,68897.81368133544,0.0,0.0,68897.81368133544
GR,Hydro,16450.70919934498,822.535459967249,822.535459967249,15628.173739377731
GR,Incineration of waste: Oil/Hazardous waste,227.9496161779053,334.8976833866298,227.9496161779053,0.0
GR,Other Fossil,20404.2401095267,1020.2120049946916,1020.2120049946916,19384.028104532008
GR,Solar,38346.786099501,1917.3393049750496,1917.3393049750496,36429.446794525946
GR,Wind,47523.00049374768,2376.1500246873834,2376.1500246873834,45146.85046906029
HR,Bioenergy,2454.240107200698,10.084344124870109,10.084344124870109,2444.1557630758275
HR,"Biogasification of sewage slugde, incl. land application",16.55424743789924,0.0963595168726765,0.0963595168726765,16.45788792102656
HR,Coal,3107.8442332177397,108.70413262011058,108.70413262011058,2999.140100597629
HR,Gas,9062.27866435254,319.37029990638996,319.37029990638996,8742.90836444615
HR,Hydro,19137.913420746576,862.6019568758944,862.6019568758944,18275.311463870683
HR,Incineration of waste: Food,4.556476114835675,0.0,0.0,4.556476114835675
HR,Incineration of waste: Oil/Hazardous waste,11.815905826528146,0.0001695934774357,0.0001695934774357,11.81573623305071
HR,Incineration of waste: Paper,0.901331272599713,0.0,0.0,0.901331272599713
HR,Incineration of waste: Plastic,27.02572082644425,5.002848728305637,5.002848728305637,22.022872098138613
HR,Incineration of waste: Wood,33.112534447259215,0.0227136511271754,0.0227136511271754,33.08982079613204
HR,Other Fossil,87.00650547266686,3.0563581106861157,3.0563581106861157,83.95014736198074
HR,Other Renewables,48.31088983118429,0.0,0.0,48.31088983118429
HR,Solar,968.797504333118,0.0,0.0,968.797504333118
HR,Wind,6065.830900405737,214.0689943768988,214.0689943768988,5851.761906028839
HU,Bioenergy,4907.413801773504,160.31657024159125,160.31657024159125,4747.097231531913
HU,"Biogasification of sewage slugde, incl. land application",609.5769851314104,4.603459554473465,4.603459554473465,604.9735255769369
HU,Coal,7822.367396305211,391.11836981526056,391.11836981526056,7431.24902648995
HU,Gas,22839.555666949705,1141.9777833474852,1141.9777833474852,21697.577883602222
HU,Hydro,696.5766393821726,34.828831969108634,34.828831969108634,661.747807413064
HU,Incineration of waste: Food,417.9714193352241,257.1999916801495,257.1999916801495,160.7714276550746
HU,Incineration of waste: Oil/Hazardous waste,639.4433618288973,170.34791903432867,170.34791903432867,469.0954427945686
HU,Incineration of waste: Paper,443.0013915601624,122.64056664460765,122.64056664460765,320.36082491555476
HU,Incineration of waste: Plastic,284.40758880544485,31.34904984670142,31.34904984670142,253.05853895874344
HU,Incineration of waste: Textiles,94.30157640794611,24.03537534609328,24.03537534609328,70.26620106185284
HU,Incineration of waste: Wood,121.02630674572166,27.900985609725236,27.900985609725236,93.12532113599642
HU,Other Fossil,1514.96633414315,75.7483166924078,75.7483166924078,1439.2180174507423
HU,Other Renewables,50.203721757273705,0.0,0.0,50.203721757273705
HU,Solar,21728.798323070027,1086.4399161535014,1086.4399161535014,20642.358406916526
HU,Wind,2026.975265949926,359.35591712264124,359.35591712264124,1667.6193488272847
HU,Nuclear,49946.42768326766,1238.3131159988282,1238.3131159988282,48708.114567268836
ID,Bioenergy,15622.051202898296,0.0,0.0,15622.051202898296
ID,Coal,460170.31933288474,17363.875756071993,17363.875756071993,442806.44357681274
ID,Gas,100069.43635279137,1954.633495645339,1954.633495645339,98114.80285714603
ID,Hydro,43957.68841735543,0.0,0.0,43957.68841735543
ID,Other Fossil,21860.86098641072,824.8986159613162,824.8986159613162,21035.962370449404
ID,Other Renewables,30275.20988354338,0.0,0.0,30275.20988354338
ID,Solar,1149.210213617946,43.363772970366995,43.363772970366995,1105.8464406475791
ID,Wind,859.8474228852364,0.0,0.0,859.8474228852364
IE,Bioenergy,2583.825989780634,112.4204833391492,112.4204833391492,2471.4055064414847
IE,"Biogasification of sewage slugde, incl. land application",115.98191528881034,1.4629532169314208,1.4629532169314208,114.51896207187892
IE,Coal,3765.272808387492,0.0,0.0,3765.272808387492
IE,Gas,47738.140861733795,0.0,0.0,47738.140861733795
IE,Hydro,2931.8077396388926,0.0,0.0,2931.8077396388926
IE,Incineration of waste: Oil/Hazardous waste,228.53144932223387,118.7949107872928,118.7949107872928,109.73653853494106
IE,Incineration of waste: Paper,0.0392759391649198,0.0242775316621226,0.0242775316621226,0.014998407502797202
IE,Incineration of waste: Plastic,0.1026821952583312,0.0243059185131096,0.0243059185131096,0.0783762767452216
IE,Incineration of waste: Wood,0.3195326993088277,0.130213333556678,0.130213333556678,0.18931936575214972
IE,Other Fossil,2218.0497362923497,103.1404723496135,103.1404723496135,2114.9092639427363
IE,Solar,2010.4554868483233,0.0,0.0,2010.4554868483233
IE,Wind,36893.12482143824,1715.5735812756427,1715.5735812756427,35177.551240162604
IN,Bioenergy,170868.86222802667,0.0,0.0,170868.86222802667
IN,Coal,2769354.021112812,138467.70105564062,138467.70105564062,2630886.3200571714
IN,Gas,123432.07079859498,0.0,0.0,123432.07079859498
IN,Hydro,279695.12861747766,7401.282866568302,7401.282866568302,272293.84575090936
IN,Other Fossil,15163.600740425314,0.0,0.0,15163.600740425314
IN,Solar,235359.7516571078,11761.80640153462,11761.80640153462,223597.94525557317
IN,Wind,181678.40153056188,9083.920076528097,9083.920076528097,172594.48145403378
IN,Nuclear,93180.52248617714,4659.026124308858,4659.026124308858,88521.49636186828
IT,Bioenergy,50448.82425043389,257.1584931665039,257.1584931665039,50191.66575726739
IT,"Biogasification of food waste, incl. land application",226.86176684350465,2.3695261532425267,2.3695261532425267,224.49224069026212
IT,"Biogasification of paper, incl. land application",31.508578725018463,0.2107457488756692,0.2107457488756692,31.297832976142793
IT,"Biogasification of sewage slugde, incl. land application",38.29210100667622,0.3172068377046098,0.3172068377046098,37.97489416897161
IT,Coal,41637.081360749224,1619.758442178029,1619.758442178029,40017.3229185712
IT,Gas,374757.51157343714,14495.673883098922,14495.673883098922,360261.8376903382
IT,Hydro,127612.3362266426,6705.710433826431,6705.710433826431,120906.62579281616
IT,Incineration of waste: Food,2019.005908467186,1303.0373243277384,1303.0373243277384,715.9685841394476
IT,Incineration of waste: Oil/Hazardous waste,3207.923339562581,510.9605384461584,510.9605384461584,2696.9628011164227
IT,Incineration of waste: Paper,2956.3038566827513,415.1218259493827,415.1218259493827,2541.1820307333687
IT,Incineration of waste: Plastic,4919.864154075251,852.0264974895482,852.0264974895482,4067.8376565857025
IT,Incineration of waste: Textiles,455.5226293086832,188.81367161703187,188.81367161703187,266.70895769165134
IT,Incineration of waste: Wood,1147.1061544269205,277.0322301803119,277.0322301803119,870.0739242466086
IT,Other Fossil,45292.05206186645,1776.9201676850048,1776.9201676850048,43515.131894181446
IT,Other Renewables,17928.018640038743,699.2325207231478,699.2325207231478,17228.786119315595
IT,Solar,96727.00026593584,3775.9334648186455,3775.9334648186455,92951.0668011172
IT,Wind,74457.55058160596,2908.583363856939,2908.583363856939,71548.96721774901
JP,Bioenergy,151092.67686545264,0.0,0.0,151092.67686545264
JP,"Biogasification of sewage slugde, incl. land application",201.9262566072023,1.023703619312634,1.023703619312634,200.90255298788966
JP,Coal,968583.3778023,35947.56131731424,35947.56131731424,932635.8164849858
JP,Gas,1217534.2563483885,45186.56675259653,45186.56675259653,1172347.689595792
JP,Hydro,276829.3482202059,13841.75935213762,13841.75935213762,262987.5888680683
JP,Incineration of waste: Food,31133.869171506296,17785.059506716178,17785.059506716178,13348.809664790118
JP,Incineration of waste: Oil/Hazardous waste,9080.711841356317,3236.052331941737,3236.052331941737,5844.65950941458
JP,Incineration of waste: Paper,31133.869171506296,11683.25936278951,11683.25936278951,19450.609808716785
JP,Incineration of waste: Plastic,6782.978032174265,1698.3027633341271,1698.3027633341271,5084.6752688401375
JP,Incineration of waste: Textiles,7024.339001151758,2691.0944986289715,2691.0944986289715,4333.244502522786
JP,Incineration of waste: Wood,8896.2996260382,3172.308468191902,3172.308468191902,5723.991157846298
JP,Other Fossil,326845.95174330106,12129.8965089035,12129.8965089035,314716.0552343976
JP,Other Renewables,12523.07751169452,0.0,0.0,12523.07751169452
JP,Solar,355306.37042584305,13186.49390783282,13186.49390783282,342119.8765180102
JP,Wind,38647.01083589587,1434.3097031599032,1434.3097031599032,37212.701132735965
JP,Nuclear,309614.9583589781,0.0,0.0,309614.9583589781
KR,Bioenergy,31326.120523151803,1476.3396681631227,1476.3396681631227,29849.78085498868
KR,"Biogasification of sewage slugde, incl. land application",88.36713895557666,0.59781946673024,0.59781946673024,87.76931948884642
KR,Coal,586900.2564427494,0.0,0.0,586900.2564427494
KR,Gas,507119.1729091118,19640.458495346313,19640.458495346313,487478.71441376547
KR,Hydro,11719.56305182739,0.0,0.0,11719.56305182739
KR,Incineration of waste: Food,1870.9458056585504,2369.786761981444,1870.9458056585504,0.0
KR,Incineration of waste: Oil/Hazardous waste,545.6925265373674,506.1167270486193,506.1167270486193,39.57579948874809
KR,Incineration of waste: Paper,1870.9458056585504,1787.6672705754634,1787.6672705754634,83.27853508308704
KR,Incineration of waste: Plastic,407.6134652000632,182.7064721899542,182.7064721899542,224.906993010109
KR,Incineration of waste: Textiles,422.1177110331885,315.50487321537264,315.50487321537264,106.61283781781589
KR,Incineration of waste: Wood,534.6105354463057,341.40658952545334,341.40658952545334,193.20394592085233
KR,Other Fossil,101194.12094525712,3880.539717606294,3880.539717606294,97313.58122765082
KR,Other Renewables,1379.841511076054,0.0,0.0,1379.841511076054
KR,Solar,94298.6470634608,3553.4560411817006,3553.4560411817006,90745.19102227909
KR,Wind,10711.777067888434,0.0,0.0,10711.777067888434
KR,Nuclear,569177.3972099047,17592.319722664844,17592.319722664844,551585.0774872398
LT,Bioenergy,835.6829329755697,0.0,0.0,835.6829329755697
LT,"Biogasification of sewage slugde, incl. land application",31.47370678459567,0.1297652264007452,0.1297652264007452,31.343941558194924
LT,Gas,640.160526099712,32.008026310925565,32.008026310925565,608.1524997887865
LT,Hydro,493.4091231811166,24.670456159055835,24.670456159055835,468.7386670220608
LT,Incineration of waste: Food,0.0046993026412314,0.0250130209698282,0.0046993026412314,0.0
LT,Incineration of waste: Oil/Hazardous waste,0.2341793641857492,0.0,0.0,0.2341793641857492
LT,Incineration of waste: Paper,0.0046993026412314,0.0,0.0,0.0046993026412314
LT,Incineration of waste: Plastic,0.0010238128845398,0.0691063826444286,0.0010238128845398,0.0
LT,Incineration of waste: Textiles,0.0010602443667078,0.0033683614847426,0.0010602443667078,0.0
LT,Incineration of waste: Wood,0.0013427949026154,0.1506121253799213,0.0013427949026154,0.0
LT,Other Fossil,458.88582824507665,1.3190353424752863,1.3190353424752863,457.5667929026014
LT,Solar,754.4709915545997,0.0,0.0,754.4709915545997
LT,Wind,2779.5088345171703,130.36434486639374,130.36434486639374,2649.1444896507764
LU,Bioenergy,3155.5372775439237,0.0,0.0,3155.5372775439237
LU,"Biogasification of sewage slugde, incl. land application",6.31084164651804,0.0060809357320903,0.0060809357320903,6.30476071078595
LU,Gas,734.8181602081314,5.164432108490364,5.164432108490364,729.6537280996411
LU,Hydro,764.8364547558508,0.0,0.0,764.8364547558508
LU,Incineration of waste: Food,107.64063903474263,38.531953816927434,38.531953816927434,69.10868521781521
LU,Incineration of waste: Oil/Hazardous waste,8.22466032035173,158.43456486548013,8.22466032035173,0.0
LU,Incineration of waste: Paper,118.70832126239851,23.8709930057133,23.8709930057133,94.83732825668521
LU,Incineration of waste: Plastic,69.99264182948436,7.067377838013,7.067377838013,62.925263991471354
LU,Incineration of waste: Textiles,24.28558861903135,12.626410953561644,12.626410953561644,11.659177665469707
LU,Incineration of waste: Wood,39.88220478442989,8.797124407177117,8.797124407177117,31.085080377252773
LU,Other Fossil,484.461440844777,0.0,0.0,484.461440844777
LU,Solar,2537.1327909584684,17.909516129998487,17.909516129998487,2519.22327482847
LU,Wind,4274.793297368099,30.1626126540002,30.1626126540002,4244.630684714099
LV,Bioenergy,1487.3177717580286,0.0,0.0,1487.3177717580286
LV,"Biogasification of sewage slugde, incl. land application",12.017763627883216,0.0464547270516108,0.0464547270516108,11.971308900831605
LV,Gas,3208.8866765089706,160.44433382544858,160.44433382544858,3048.442342683522
LV,Hydro,8562.826259987653,1081.3401726796003,1081.3401726796003,7481.486087308052
LV,Incineration of waste: Food,0.0036662228777832,0.011997164186782,0.0036662228777832,0.0
LV,Incineration of waste: Oil/Hazardous waste,13.47369628380438,2.4435967331940707,2.4435967331940707,11.03009955061031
LV,Incineration of waste: Paper,0.0915612025004958,0.2104048543270337,0.0915612025004958,0.0
LV,Incineration of waste: Plastic,0.000798741565998,0.0007019109720906,0.0007019109720906,9.683059390740005e-05
LV,Incineration of waste: Textiles,0.0008271629030126,0.0017525485839041,0.0008271629030126,0.0
LV,Incineration of waste: Wood,20.787044214675408,7.337271024341628,7.337271024341628,13.44977319033378
LV,Other Fossil,5.10006898158052,0.0,0.0,5.10006898158052
LV,Solar,539.4970315435805,0.0,0.0,539.4970315435805
LV,Wind,611.0085740025652,0.0,0.0,611.0085740025652
MT,Bioenergy,31.57969382691471,0.0,0.0,31.57969382691471
MT,Gas,6602.1997690136395,0.0,0.0,6602.1997690136395
MT,Other Fossil,54.87263415976232,0.0,0.0,54.87263415976232
MT,Solar,1015.1864471797992,50.759322358989955,50.759322358989955,964.4271248208092
MT,Wind,0.1084309537288716,0.0,0.0,0.1084309537288716
MX,Bioenergy,20093.39859035783,1238.9688600750603,1238.9688600750603,18854.42973028277
MX,"Biogasification of sewage slugde, incl. land application",448.1913302843768,4.418774530934355,4.418774530934355,443.7725557534425
MX,Coal,41005.08038122797,2540.838554276028,2540.838554276028,38464.24182695194
MX,Gas,664445.9588159957,40978.02289068329,40978.02289068329,623467.9359253125
MX,Hydro,62462.28430577299,3859.0027420196257,3859.0027420196257,58603.281563753364
MX,Other Fossil,106861.72462986685,6725.717424704208,6725.717424704208,100136.00720516263
MX,Solar,70736.03666650857,4353.287453728026,4353.287453728026,66382.74921278055
MX,Wind,62735.04537261044,3884.013106520351,3884.013106520351,58851.032266090086
MX,Nuclear,37550.106867953786,2325.075069244899,2325.075069244899,35225.031798708886
NL,Bioenergy,24444.121045967466,35.142483593137484,35.142483593137484,24408.97856237433
NL,"Biogasification of food waste, incl. land application",485.5339285765291,1.8934177290917575,1.8934177290917575,483.6405108474373
NL,"Biogasification of paper, incl. land application",67.43526786240338,0.1523308546470815,0.1523308546470815,67.2829370077563
NL,"Biogasification of sewage slugde, incl. land application",2098.009422464447,6.551012442260851,6.551012442260851,2091.4584100221864
NL,Coal,27994.90799093721,843.8065910496945,843.8065910496945,27151.101399887513
NL,Gas,147666.49453148167,3447.419178827375,3447.419178827375,144219.0753526543
NL,Hydro,222.91473411598344,0.0,0.0,222.91473411598344
NL,Incineration of waste: Food,6287.525026999034,1138.7796025908235,1138.7796025908235,5148.74542440821
NL,Incineration of waste: Oil/Hazardous waste,7518.455829600432,974.1779070353764,974.1779070353764,6544.277922565056
NL,Incineration of waste: Paper,6375.496265716417,870.4301770226936,870.4301770226936,5505.066088693723
NL,Incineration of waste: Plastic,2377.4327733341624,144.15412259191416,144.15412259191416,2233.2786507422484
NL,Incineration of waste: Textiles,1418.5743196101678,190.4366058291119,190.4366058291119,1228.137713781056
NL,Incineration of waste: Wood,2305.7847698319533,163.27122613597953,163.27122613597953,2142.5135436959736
NL,Other Fossil,18964.799822547186,427.3174038412179,427.3174038412179,18537.482418705968
NL,Solar,62913.78818337785,0.0,0.0,62913.78818337785
NL,Wind,94877.76356683642,2641.4520171985428,2641.4520171985428,92236.31154963787
NL,Nuclear,12806.592706674308,356.988389055283,356.988389055283,12449.604317619025
NO,Bioenergy,667.6705070409372,9.266336042901742,9.266336042901742,658.4041709980354
NO,"Biogasification of sewage slugde, incl. land application",23.433511711157127,0.1565014883840604,0.1565014883840604,23.277010222773068
NO,Coal,72.12888673808223,0.0,0.0,72.12888673808223
NO,Gas,4099.226811745985,0.0,0.0,4099.226811745985
NO,Hydro,366335.3380082528,3402.325924558538,3402.325924558538,362933.0120836942
NO,Incineration of waste: Food,258.4171401583983,17.925615018178377,17.925615018178377,240.49152514021992
NO,Incineration of waste: Oil/Hazardous waste,243.80410137894785,10.69301146727122,10.69301146727122,233.11108991167663
NO,Incineration of waste: Paper,258.4171401583983,10.76231923943288,10.76231923943288,247.6548209189654
NO,Incineration of waste: Plastic,56.30003053983442,0.8995229549166552,0.8995229549166552,55.40050758491776
NO,Incineration of waste: Textiles,58.30337328801444,2.244210056130336,2.244210056130336,56.059163231884106
NO,Incineration of waste: Wood,73.8410088033615,2.5215089233816155,2.5215089233816155,71.31949987997989
NO,Other Fossil,2121.2988224143605,0.0,0.0,2121.2988224143605
NO,Solar,958.2680862763294,0.0,0.0,958.2680862763294
NO,Wind,37420.559153123744,179.87553284209758,179.87553284209758,37240.68362028165
PL,Bioenergy,22112.41867535437,578.0387633089634,578.0387633089634,21534.379912045406
PL,"Biogasification of food waste, incl. land application",26.52170664151176,0.1587502781877525,0.1587502781877525,26.362956363324006
PL,"Biogasification of paper, incl. land application",3.6835703669275337,0.0140339299955563,0.0140339299955563,3.6695364369319776
PL,"Biogasification of sewage slugde, incl. land application",1539.9541666592831,7.367558919730652,7.367558919730652,1532.5866077395524
PL,Coal,267851.8347611867,13392.591734890222,13392.591734890222,254459.24302629646
PL,Gas,44693.18525384059,2234.65926170711,2234.65926170711,42458.52599213348
PL,Hydro,6529.098729594532,1300.5612198386843,1300.5612198386843,5228.537509755848
PL,Incineration of waste: Food,29.981620286085107,24.002456161511816,24.002456161511816,5.979164124573291
PL,Incineration of waste: Oil/Hazardous waste,1070.8183108324672,556.1283696797565,556.1283696797565,514.6899411527107
PL,Incineration of waste: Paper,134.86526922466538,59.73962857399582,59.73962857399582,75.12564065066957
PL,Incineration of waste: Plastic,478.02604845523655,104.20008516453404,104.20008516453404,373.8259632907025
PL,Incineration of waste: Textiles,6.7643717377415555,3.0720000720775045,3.0720000720775045,3.692371665664051
PL,Incineration of waste: Wood,422.4994719566924,132.4727581310219,132.4727581310219,290.0267138256705
PL,Other Fossil,13120.241904560564,642.4613123199832,642.4613123199832,12477.78059224058
PL,Solar,30097.0946716547,0.0,0.0,30097.0946716547
PL,Wind,65511.141159274695,11797.753806849416,11797.753806849416,53713.38735242528
PT,Bioenergy,14401.56967874088,478.8678182405977,478.8678182405977,13922.701860500281
PT,"Biogasification of food waste, incl. land application",82.08108714552597,0.6358438646438505,0.6358438646438505,81.44524328088212
PT,"Biogasification of paper, incl. land application",11.400150994341836,0.0872893631983851,0.0872893631983851,11.31286163114345
PT,Gas,39474.52650013243,1014.634706467672,1014.634706467672,38459.891793664756
PT,Hydro,45626.170617553136,0.0,0.0,45626.170617553136
PT,Incineration of waste: Food,591.7393277598557,225.94605923768765,225.94605923768765,365.793268522168
PT,Incineration of waste: Oil/Hazardous waste,250.4698703309362,60.02740953115242,60.02740953115242,190.4424607997838
PT,Incineration of waste: Paper,615.0619251254222,148.21683393831432,148.21683393831432,466.8450911871079
PT,Incineration of waste: Plastic,237.07738048389933,23.678337953843023,23.678337953843023,213.3990425300563
PT,Incineration of waste: Textiles,133.5066199607122,29.974676831744365,29.974676831744365,103.53194312896782
PT,Incineration of waste: Wood,172.72008423046668,39.317810702881715,39.317810702881715,133.40227352758495
PT,Other Fossil,5479.710480838849,47.26241725669195,47.26241725669195,5432.448063582157
PT,Other Renewables,786.4756171125157,20.196211915484824,20.196211915484824,766.2794051970309
PT,Solar,19555.750365322074,489.611674916748,489.611674916748,19066.138690405325
PT,Wind,49818.02282239158,1199.1758293316764,1199.1758293316764,48618.8469930599
RO,Bioenergy,1296.3449528079184,0.0,0.0,1296.3449528079184
RO,"Biogasification of sewage slugde, incl. land application",90.90898102390636,0.5198341421684984,0.5198341421684984,90.38914688173787
RO,Coal,23500.456722291736,1175.0418556285697,1175.0418556285697,22325.414866663166
RO,Gas,26687.13583383897,1334.4091578297805,1334.4091578297805,25352.726676009188
RO,Hydro,52891.45148508802,2644.6307231644564,2644.6307231644564,50246.82076192357
RO,Incineration of waste: Food,0.1096781351330661,4.878576811293877,0.1096781351330661,0.0
RO,Incineration of waste: Oil/Hazardous waste,48.30019591581709,2261.5552122588665,48.30019591581709,0.0
RO,Incineration of waste: Paper,0.111743959292406,3.4796533821244484,0.111743959292406,0.0
RO,Incineration of waste: Plastic,0.0275005100470148,0.3279816614642558,0.0275005100470148,0.0
RO,Incineration of waste: Textiles,0.0247452825388613,0.7084926183526081,0.0247452825388613,0.0
RO,Incineration of waste: Wood,0.0328528473863251,0.7662049571504977,0.0328528473863251,0.0
RO,Other Fossil,2078.864527564988,103.94507487697922,103.94507487697922,1974.9194526880087
RO,Solar,6494.55610903848,324.73655316099735,324.73655316099735,6169.819555877482
RO,Wind,22011.589102634625,1100.6391098489248,1100.6391098489248,20910.9499927857
RO,Nuclear,32635.619061872578,1631.9317510914402,1631.9317510914402,31003.687310781137
RU,Bioenergy,157.04041611776506,0.0,0.0,157.04041611776506
RU,Coal,434657.9007838221,21732.895039191106,21732.895039191106,412925.005744631
RU,Gas,1104227.469178266,55211.373469687496,55211.373469687496,1049016.0957085784
RU,Hydro,431738.03072477377,21586.901536238685,21586.901536238685,410151.1291885351
RU,Incineration of waste: Food,1423.796062535935,286.7320323723956,286.7320323723956,1137.0640301635394
RU,Incineration of waste: Oil/Hazardous waste,415.2738516131317,41.71679455931499,41.71679455931499,373.5570570538167
RU,Incineration of waste: Paper,1423.796062535935,201.01384078917405,201.01384078917405,1222.782221746761
RU,Incineration of waste: Plastic,310.19522066807286,16.49003963517363,16.49003963517363,293.70518103289925
RU,Incineration of waste: Textiles,321.2330005803931,42.17929247949362,42.17929247949362,279.0537081008995
RU,Incineration of waste: Wood,406.84041909635766,51.57139223932831,51.57139223932831,355.26902685702936
RU,Other Fossil,48681.85240563537,2434.0926198742095,2434.0926198742095,46247.75978576116
RU,Other Renewables,985.271946846857,49.26359734234284,49.26359734234284,936.0083495045142
RU,Solar,5856.942386971388,0.0,0.0,5856.942386971388
RU,Wind,10325.684589069911,516.2842294534956,516.2842294534956,9809.400359616417
RU,Nuclear,469074.1826804913,23453.70913402456,23453.70913402456,445620.47354646673
SE,Bioenergy,39986.45536330576,73.93930951138702,73.93930951138702,39912.516053794374
SE,"Biogasification of food waste, incl. land application",66.77768137123903,0.869339145879399,0.869339145879399,65.90834222535963
SE,"Biogasification of paper, incl. land application",9.274677968620828,0.1162266078927738,0.1162266078927738,9.158451360728055
SE,"Biogasification of sewage slugde, incl. land application",881.1041970250851,9.093364148230874,9.093364148230874,872.0108328768542
SE,Coal,92.27643545378253,4.613796197737386,4.613796197737386,87.66263925604514
SE,Gas,526.3174466623151,12.1124488888214,12.1124488888214,514.2049977734937
SE,Hydro,226203.7197547964,5382.610230409584,5382.610230409584,220821.10952438682
SE,Incineration of waste: Food,1410.7720607105018,342.9537819171255,342.9537819171255,1067.8182787933763
SE,Incineration of waste: Oil/Hazardous waste,1840.319385469453,268.5070655152937,268.5070655152937,1571.8123199541592
SE,Incineration of waste: Paper,1410.7720607105018,225.43447985553453,225.43447985553453,1185.3375808549672
SE,Incineration of waste: Plastic,901.6070557144558,55.4109141788332,55.4109141788332,846.1961415356226
SE,Incineration of waste: Textiles,318.29456061856416,46.83420555290047,46.83420555290047,271.4603550656637
SE,Incineration of waste: Wood,1331.8060340692064,184.63601403800268,184.63601403800268,1147.1700200312036
SE,Other Fossil,7324.0148584242925,271.9382811709423,271.9382811709423,7052.0765772533505
SE,Solar,10642.548889002916,244.9259293230461,244.9259293230461,10397.62295967987
SE,Wind,117037.27896721414,2693.3692411297066,2693.3692411297066,114343.90972608443
SE,Nuclear,165653.28986832732,3812.193804175317,3812.193804175317,161841.096064152
SI,Bioenergy,1145.6409008665623,47.705335974209945,47.705335974209945,1097.9355648923524
SI,"Biogasification of sewage slugde, incl. land application",28.42311835419079,0.1664310423762947,0.1664310423762947,28.256687311814495
SI,Coal,12165.312808179966,593.9222439615361,593.9222439615361,11571.390564218429
SI,Gas,1926.7997388853432,95.14173743532383,95.14173743532383,1831.6580014500194
SI,Hydro,19398.729514559876,888.4760062508543,888.4760062508543,18510.253508309022
SI,Incineration of waste: Oil/Hazardous waste,476.1446881626261,336.02999504436417,336.02999504436417,140.11469311826193
SI,Incineration of waste: Paper,0.0657005695943065,0.0471900135568087,0.0471900135568087,0.018510556037497794
SI,Incineration of waste: Plastic,1.4533271563200718,0.3408805037863068,0.3408805037863068,1.112446652533765
SI,Incineration of waste: Wood,2.62919051452877,1.2899637358640026,1.2899637358640026,1.3392267786647676
SI,Other Fossil,73.37164756961228,0.0,0.0,73.37164756961228
SI,Solar,3803.2670684558184,190.0633381189392,190.0633381189392,3613.2037303368793
SI,Wind,24.61949122241019,0.0,0.0,24.61949122241019
SI,Nuclear,21648.329729458823,917.4148940394616,917.4148940394616,20730.91483541936
SK,Bioenergy,7265.531349291295,344.63220642444435,344.63220642444435,6920.8991428668505
SK,"Biogasification of sewage slugde, incl. land application",289.0889778907953,0.5302364404923547,0.5302364404923547,288.558741450303
SK,Coal,6273.842841219712,319.047460743051,319.047460743051,5954.795380476661
SK,Gas,11730.698776826046,598.9259700095326,598.9259700095326,11131.772806816512
SK,Hydro,24077.991444681054,1251.317496431304,1251.317496431304,22826.67394824975
SK,Incineration of waste: Food,137.3383037586891,38.56425442232638,38.56425442232638,98.77404933636274
SK,Incineration of waste: Oil/Hazardous waste,485.8488881463283,147.9335792075237,147.9335792075237,337.9153089388046
SK,Incineration of waste: Paper,148.32673244574912,31.81387583544832,31.81387583544832,116.51285661030079
SK,Incineration of waste: Plastic,53.4706942059908,5.799904700573675,5.799904700573675,47.670789505417126
SK,Incineration of waste: Textiles,30.985895077828346,4.897637164214338,4.897637164214338,26.088257913614008
SK,Incineration of waste: Wood,76.7602726812529,12.302887723284346,12.302887723284346,64.45738495796856
SK,Other Fossil,5215.356661619989,232.992936759211,232.992936759211,4982.363724860777
SK,Solar,3108.660867271028,163.19992429196915,163.19992429196915,2945.460942979059
SK,Wind,20.55312970096548,0.9213066350611364,0.9213066350611364,19.631823065904346
SK,Nuclear,94200.13170195,12115.256024765691,12115.256024765691,82084.8756771843
TR,Bioenergy,21340.597437472436,0.0,0.0,21340.597437472436
TR,"Biogasification of sewage slugde, incl. land application",222.85722702221648,0.5103861166027724,0.5103861166027724,222.3468409056137
TR,Coal,287544.8565824214,0.0,0.0,287544.8565824214
TR,Gas,170002.58829252323,7438.597058006343,7438.597058006343,162563.9912345169
TR,Hydro,156659.2705806599,8028.753040727142,8028.753040727142,148630.51753993277
TR,Incineration of waste: Oil/Hazardous waste,490.6207357550584,494.12317211005313,490.6207357550584,0.0
TR,Other Fossil,10273.483719323383,522.6361464361695,522.6361464361695,9750.847572887214
TR,Other Renewables,27174.634871242513,1358.7317435621255,1358.7317435621255,25815.903127680387
TR,Solar,54071.23219800602,0.0,0.0,54071.23219800602
TR,Wind,83488.97560963548,4174.448780481774,4174.448780481774,79314.5268291537
US,Bioenergy,179518.4890283499,0.0,0.0,179518.4890283499
US,"Biogasification of sewage slugde, incl. land application",55560.38626298939,571.9158371765893,571.9158371765893,54988.470425812804
US,Coal,2530093.895513852,140938.86005545614,140938.86005545614,2389155.035458396
US,Gas,6396923.264368003,357759.3027670422,357759.3027670422,6039163.961600961
US,Hydro,846236.1361672241,47258.20185750999,47258.20185750999,798977.9343097141
US,Incineration of waste: Food,9015.362605065502,6263.615018772272,6263.615018772272,2751.7475862932297
US,Incineration of waste: Oil/Hazardous waste,7326.426521485464,2420.274475514589,2420.274475514589,4906.152045970875
US,Incineration of waste: Paper,8824.260676581129,4174.092387974363,4174.092387974363,4650.168288606766
US,Incineration of waste: Plastic,30778.804807533543,5536.531150055328,5536.531150055328,25242.273657478214
US,Incineration of waste: Textiles,4393.859604303534,1966.990081721934,1966.990081721934,2426.8695225816
US,Incineration of waste: Wood,11754.33781106781,4672.457710546778,4672.457710546778,7081.880100521032
US,Other Fossil,196152.8785063827,11038.714593026363,11038.714593026363,185114.16391335634
US,Other Renewables,66873.54646375823,3743.522392777356,3743.522392777356,63130.02407098088
US,Solar,746010.8767341719,41656.75842284038,41656.75842284038,704354.1183113315
US,Wind,1460737.6842508365,81618.35395532892,81618.35395532892,1379119.3302955076
US,Nuclear,2771243.388861401,155541.49510936334,155541.49510936334,2615701.8937520375
WA,Bioenergy,54874.10396269917,0.0,0.0,54874.10396269917
WA,Coal,720423.0706004347,57938.86970987383,57938.86970987383,662484.2008905609
WA,Gas,933404.8408991854,46589.75459411184,46589.75459411184,886815.0863050736
WA,Hydro,522805.8612166845,25904.112717341977,25904.112717341977,496901.74849934253
WA,Incineration of waste: Food,1.5601253374867592,3971.136308621216,1.5601253374867592,0.0
WA,Incineration of waste: Oil/Hazardous waste,0.7564916210088816,1682.0890749495247,0.7564916210088816,0.0
WA,Incineration of waste: Paper,1.9601016801228133,892.347484885126,1.9601016801228133,0.0
WA,Incineration of waste: Plastic,0.6865326884903474,464.32183008108217,0.6865326884903474,0.0
WA,Incineration of waste: Textiles,0.4541948894708888,691.6185081913072,0.4541948894708888,0.0
WA,Incineration of waste: Wood,0.6398843183917484,1086.301921994567,0.6398843183917484,0.0
WA,Other Fossil,108119.8291538964,5376.113782312774,5376.113782312774,102743.71537158362
WA,Other Renewables,28121.16767201954,1396.319560983429,1396.319560983429,26724.84811103611
WA,Solar,84415.26832513433,3841.415963547619,3841.415963547619,80573.8523615867
WA,Wind,46313.94505011792,2277.5480599217267,2277.5480599217267,44036.3969901962
WA,Nuclear,39506.12656091232,1941.5749999170837,1941.5749999170837,37564.55156099524
WE,Bioenergy,5598.911362839512,0.0,0.0,5598.911362839512
WE,Coal,236641.53688905784,11832.076844452891,11832.076844452891,224809.46004460496
WE,Gas,164984.88897286454,8249.244446057935,8249.244446057935,156735.6445268066
WE,Hydro,209538.43373869944,10476.921686934971,10476.921686934971,199061.51205176447
WE,Incineration of waste: Oil/Hazardous waste,139.32019154180242,1371.9751457247846,139.32019154180242,0.0
WE,Incineration of waste: Textiles,0.0052794958087365,0.0674187431256985,0.0052794958087365,0.0
WE,Other Fossil,15139.119221736702,756.859919077438,756.859919077438,14382.259302659264
WE,Other Renewables,21795.521162955298,1089.7760581477648,1089.7760581477648,20705.745104807535
WE,Solar,21253.8935429469,1062.694677147345,1062.694677147345,20191.198865799553
WE,Wind,13460.195891132804,508.25364777093966,508.25364777093966,12951.942243361864
WE,Nuclear,231498.9394567757,3103.943175281496,3103.943175281496,228394.9962814942
WF,Bioenergy,5232.0481594755565,35.46575700389082,35.46575700389082,5196.582402471666
WF,"Biogasification of food waste, incl. land application",2.607726011631811,1.181093114712324,1.181093114712324,1.426632896919487
WF,"Biogasification of paper, incl. land application",0.5322744474660014,0.1716485703973158,0.1716485703973158,0.3606258770686856
WF,"Biogasification of sewage slugde, incl. land application",16.70227147070357,6.046327264668418,6.046327264668418,10.655944206035155
WF,Coal,74937.2665908413,0.0,0.0,74937.2665908413
WF,Gas,450810.1470642198,22475.192033231993,22475.192033231993,428334.9550309878
WF,Hydro,291110.0192909277,14819.210551779644,14819.210551779644,276290.808739148
WF,Incineration of waste: Food,1.7600866633941472,319.1054342652471,1.7600866633941472,0.0
WF,Incineration of waste: Oil/Hazardous waste,1.582903030653683,140.9572249349031,1.582903030653683,0.0
WF,Incineration of waste: Paper,2.315103589085884,66.3239721022036,2.315103589085884,0.0
WF,Incineration of waste: Plastic,1.747970218932271,85.55182902764416,1.747970218932271,0.0
WF,Incineration of waste: Textiles,0.5228630686164712,0.0,0.0,0.5228630686164712
WF,Incineration of waste: Wood,0.9147372634006052,30.50585991386042,0.9147372634006052,0.0
WF,Other Fossil,89573.65532546105,3605.065019937517,3605.065019937517,85968.59030552352
WF,Other Renewables,12423.98933921586,621.3585320031617,621.3585320031617,11802.630807212698
WF,Solar,15346.191099112746,0.0,0.0,15346.191099112746
WF,Wind,21295.776797278588,1065.1784310244084,1065.1784310244084,20230.59836625418
WL,Bioenergy,68795.23213067485,0.3935863883646588,0.3935863883646588,68794.83854428648
WL,"Biogasification of food waste, incl. land application",0.009874622217521,0.0899049698991378,0.009874622217521,0.0
WL,"Biogasification of paper, incl. land application",0.0104167387453923,0.092879256954877,0.0104167387453923,0.0
WL,"Biogasification of sewage slugde, incl. land application",1.9842676451616963,14.657652151576604,1.9842676451616963,0.0
WL,Coal,107188.49481418166,4905.91677510687,4905.91677510687,102282.57803907478
WL,Gas,527582.7831827584,23818.7372954736,23818.7372954736,503764.0458872848
WL,Hydro,911914.0347989564,42642.52370142939,42642.52370142939,869271.511097527
WL,Incineration of waste: Food,0.1699089445105077,20.28030526807285,0.1699089445105077,0.0
WL,Incineration of waste: Oil/Hazardous waste,0.058964358472173,1.5387126928224688,0.058964358472173,0.0
WL,Incineration of waste: Paper,0.2825902375881481,13.984079090343746,0.2825902375881481,0.0
WL,Incineration of waste: Plastic,0.5227678302282067,65.25327262944319,0.5227678302282067,0.0
WL,Incineration of waste: Textiles,0.0819079733965368,8.668044717196466,0.0819079733965368,0.0
WL,Incineration of waste: Wood,0.1169799940720037,12.712409091583604,0.1169799940720037,0.0
WL,Other Fossil,205850.21749835857,9544.499486797373,9544.499486797373,196305.7180115612
WL,Other Renewables,13662.925923091534,618.9743364154974,618.9743364154974,13043.951586676038
WL,Solar,86462.43754936491,3963.957226235153,3963.957226235153,82498.48032312976
WL,Wind,105358.384216873,4830.066899280581,4830.066899280581,100528.31731759242
WL,Nuclear,25005.19254518341,1146.3883636270425,1146.3883636270425,23858.804181556367
WM,Bioenergy,2611.5070695722015,0.0,0.0,2611.5070695722015
WM,"Biogasification of food waste, incl. land application",10.350359582479896,0.1871543992013852,0.1871543992013852,10.163205183278512
WM,"Biogasification of paper, incl. land application",1.5181761850279905,0.027103561142729,0.027103561142729,1.4910726238852614
WM,"Biogasification of sewage slugde, incl. land application",69.87700460949993,1.0107945509410476,1.0107945509410476,68.86621005855889
WM,Coal,28029.617675761303,0.0,0.0,28029.617675761303
WM,Gas,2595834.312260286,101308.88585888928,101308.88585888928,2494525.4264013967
WM,Hydro,73219.12251521357,2857.59245940528,2857.59245940528,70361.5300558083
WM,Incineration of waste: Food,0.3213186155262862,1830.206531515504,0.3213186155262862,0.0
WM,Incineration of waste: Oil/Hazardous waste,0.282994852659959,32.07129432779786,0.282994852659959,0.0
WM,Incineration of waste: Paper,0.4127738252842455,48.02422420761211,0.4127738252842455,0.0
WM,Incineration of waste: Plastic,0.2966970028511588,453.76517259684135,0.2966970028511588,0.0
WM,Incineration of waste: Textiles,0.0907725505256299,122.67498185131087,0.0907725505256299,0.0
WM,Incineration of waste: Wood,0.1607496245860536,18.7812542491074,0.1607496245860536,0.0
WM,Other Fossil,620557.8917583838,0.0,0.0,620557.8917583838
WM,Solar,86504.66662812805,3357.833327155506,3357.833327155506,83146.83330097255
WM,Wind,22067.59688839189,864.2340661527343,864.2340661527343,21203.362822239156
WM,Nuclear,83317.16221586465,3082.957591674365,3082.957591674365,80234.20462419029
ZA,Bioenergy,1355.7960524596476,0.0,0.0,1355.7960524596476
ZA,Coal,675314.3839164334,0.0,0.0,675314.3839164334
ZA,Hydro,7622.262284521122,381.1149441197941,381.1149441197941,7241.147340401328
ZA,Other Fossil,20559.44133758609,1027.9720668793043,1027.9720668793043,19531.469270706784
ZA,Solar,24192.888829333267,1209.6446132893398,1209.6446132893398,22983.244216043928
ZA,Wind,35271.46833975093,0.0,0.0,35271.46833975093
ZA,Nuclear,29490.86658406952,0.0,0.0,29490.86658406952
