site,decision,year,tvd,dtot,unsd_twh,ember_twh,chp_share_of_thermal,autoproducer_share,years_compared
AE,UNSD,Y23,0.0114,0.007,168.71,167.53,0.0,0.0,Y21:tvd=0.027;Y22:tvd=0.009;Y23:tvd=0.011
AF,REVIEW|dtot,Y23,0.1177,0.3446,1.3,0.97,0.0,0.255,Y21:tvd=0.142;Y22:tvd=0.156;Y23:tvd=0.118
AG,UNSD,Y23,0.0058,0.0891,0.39,0.36,0.0,0.042,Y21:tvd=0.004;Y22:tvd=0.009;Y23:tvd=0.006
AL,UNSD,Y23,0.0003,0.0004,9.01,9.01,,0.0,Y21:tvd=0.000;Y22:tvd=0.000;Y23:tvd=0.000
AM,UNSD,Y23,0.0177,0.0181,8.81,8.65,0.002,0.04,Y21:tvd=0.014;Y22:tvd=0.077;Y23:tvd=0.018
AO,UNSD,Y23,0.0276,0.1217,15.76,17.94,0.0,0.049,Y21:tvd=0.059;Y22:tvd=0.067;Y23:tvd=0.028
AR,REVIEW,Y23,0.0505,0.0293,152.91,148.56,0.0,0.083,Y21:tvd=0.043;Y22:tvd=0.010;Y23:tvd=0.050
AS,UNSD,Y23,0.0224,0.0744,0.18,0.17,0.0,0.0,Y21:tvd=0.037;Y22:tvd=0.033;Y23:tvd=0.022
AT,UNSD,Y23,0.0093,0.0094,70.61,71.28,0.607,0.191,Y21:tvd=0.004;Y22:tvd=0.003;Y23:tvd=0.009
AU,UNSD,Y23,0.0179,0.0064,274.85,273.11,0.081,0.197,Y21:tvd=0.027;Y22:tvd=0.023;Y23:tvd=0.018
AW,UNSD,Y22,0.0405,0.0363,0.96,1.0,0.0,0.0,Y21:tvd=0.040;Y22:tvd=0.041
AZ,UNSD,Y23,0.0079,0.0075,29.31,29.09,0.179,0.074,Y21:tvd=0.004;Y22:tvd=0.004;Y23:tvd=0.008
BA,UNSD,Y23,0.039,0.018,17.17,16.87,0.029,0.025,Y21:tvd=0.006;Y22:tvd=0.007;Y23:tvd=0.039
BB,UNSD,Y23,0.0262,0.0029,1.1,1.1,0.0,0.017,Y21:tvd=0.014;Y22:tvd=0.033;Y23:tvd=0.026
BD,UNSD,Y23,0.011,0.0331,102.64,106.16,0.0,0.174,Y21:tvd=0.117;Y22:tvd=0.137;Y23:tvd=0.011
BE,UNSD,Y23,0.0034,0.0033,82.42,82.15,0.56,0.208,Y21:tvd=0.002;Y22:tvd=0.003;Y23:tvd=0.003
BF,REVIEW,Y23,0.089,0.0412,1.66,1.73,0.0,0.435,Y21:tvd=0.041;Y22:tvd=0.055;Y23:tvd=0.089
BG,UNSD,Y23,0.0028,0.0024,40.21,40.11,0.328,0.023,Y21:tvd=0.002;Y22:tvd=0.004;Y23:tvd=0.003
BH,UNSD,Y23,0.0002,0.0557,38.18,36.17,0.0,0.446,Y21:tvd=0.000;Y22:tvd=0.000;Y23:tvd=0.000
BI,REVIEW,Y23,0.116,0.1188,0.34,0.39,0.0,0.048,Y21:tvd=0.179;Y22:tvd=0.148;Y23:tvd=0.116
BJ,UNSD,Y23,0.0436,0.2169,0.78,1.0,0.0,0.201,Y21:tvd=0.003;Y22:tvd=0.013;Y23:tvd=0.044
BM,UNSD,Y23,0.0261,0.1108,0.57,0.64,0.0,0.033,Y21:tvd=0.007;Y22:tvd=0.026;Y23:tvd=0.026
BN,UNSD,Y23,0.014,0.0038,5.61,5.59,0.0,0.272,Y21:tvd=0.001;Y22:tvd=0.001;Y23:tvd=0.014
BO,REVIEW,Y23,0.0632,0.0378,12.39,11.94,0.0,0.047,Y21:tvd=0.038;Y22:tvd=0.044;Y23:tvd=0.063
BR,UNSD,Y23,0.0497,0.0509,744.13,708.12,0.543,0.191,Y21:tvd=0.050;Y22:tvd=0.050;Y23:tvd=0.050
BS,UNSD,Y22,0.0052,0.1444,2.35,2.05,0.0,0.043,Y21:tvd=0.001;Y22:tvd=0.005
BT,UNSD,Y23,0.0001,0.0577,10.52,11.16,0.0,0.0,Y21:tvd=0.000;Y22:tvd=0.000;Y23:tvd=0.000
BW,UNSD,Y23,0.0098,0.1949,3.09,2.59,0.0,0.0,Y21:tvd=0.003;Y22:tvd=0.005;Y23:tvd=0.010
BY,UNSD,Y23,0.0313,0.0429,41.71,43.58,0.569,0.078,Y21:tvd=0.001;Y22:tvd=0.049;Y23:tvd=0.031
BZ,EMBER|dtot,Y23,0.2317,0.2538,0.56,0.45,0.418,0.253,Y21:tvd=0.181;Y22:tvd=0.202;Y23:tvd=0.232
CA,UNSD,Y23,0.0126,0.0133,632.89,641.39,0.134,0.1,Y21:tvd=0.009;Y22:tvd=0.009;Y23:tvd=0.013
CD,REVIEW,Y23,0.14,0.1621,13.32,15.9,0.0,0.0,Y21:tvd=0.076;Y22:tvd=0.139;Y23:tvd=0.140
CF,UNSD,Y22,0.0082,0.1097,0.16,0.14,0.0,0.0,Y21:tvd=0.008;Y22:tvd=0.008
CG,REVIEW|dtot,Y23,0.147,0.3264,3.48,5.17,0.0,0.013,Y21:tvd=0.038;Y22:tvd=0.100;Y23:tvd=0.147
CH,UNSD,Y23,0.0347,0.0388,70.08,67.46,0.994,0.148,Y21:tvd=0.018;Y22:tvd=0.018;Y23:tvd=0.035
CI,REVIEW,Y23,0.0656,0.2216,13.6,11.13,0.0,0.018,Y21:tvd=0.029;Y22:tvd=0.039;Y23:tvd=0.066
CK,EMBER,Y22,0.3086,0.0622,0.04,0.04,0.0,0.172,Y21:tvd=0.289;Y22:tvd=0.309
CL,UNSD,Y23,0.0356,0.0303,90.32,87.67,0.148,0.081,Y21:tvd=0.010;Y22:tvd=0.004;Y23:tvd=0.036
CM,REVIEW,Y23,0.1245,0.0218,8.15,8.33,0.0,0.234,Y21:tvd=0.044;Y22:tvd=0.049;Y23:tvd=0.124
CN,UNSD,Y23,0.0184,0.0035,9423.44,9456.45,0.0,0.047,Y21:tvd=0.017;Y22:tvd=0.018;Y23:tvd=0.018
CO,UNSD,Y23,0.0421,0.0127,89.27,90.42,0.0,0.12,Y21:tvd=0.033;Y22:tvd=0.016;Y23:tvd=0.042
CR,REVIEW,Y23,0.0543,0.0314,12.08,11.71,0.076,0.011,Y21:tvd=0.013;Y22:tvd=0.020;Y23:tvd=0.054
CU,UNSD,Y23,0.0442,0.016,15.53,15.29,0.0,0.04,Y21:tvd=0.031;Y22:tvd=0.024;Y23:tvd=0.044
CV,REVIEW,Y22,0.0981,0.0874,0.54,0.5,0.0,0.001,Y21:tvd=0.010;Y22:tvd=0.098
CY,UNSD,Y23,0.004,0.0036,5.33,5.31,0.013,0.078,Y21:tvd=0.001;Y22:tvd=0.001;Y23:tvd=0.004
CZ,UNSD,Y23,0.0019,0.0017,75.94,75.81,0.35,0.103,Y21:tvd=0.002;Y22:tvd=0.002;Y23:tvd=0.002
DE,UNSD,Y23,0.0163,0.0055,506.44,503.69,0.395,0.093,Y21:tvd=0.011;Y22:tvd=0.008;Y23:tvd=0.016
DJ,REVIEW,Y23,0.1132,0.2198,0.24,0.2,0.0,0.002,Y21:tvd=0.007;Y22:tvd=0.114;Y23:tvd=0.113
DK,UNSD,Y23,0.0102,0.0081,33.73,34.01,0.999,0.161,Y21:tvd=0.004;Y22:tvd=0.008;Y23:tvd=0.010
DM,UNSD,Y23,0.011,0.0438,0.16,0.15,0.0,0.303,Y21:tvd=0.011;Y22:tvd=0.032;Y23:tvd=0.011
DO,REVIEW,Y23,0.0889,0.0065,24.4,24.56,0.011,0.081,Y21:tvd=0.039;Y22:tvd=0.091;Y23:tvd=0.089
DZ,UNSD,Y23,0.0032,0.007,95.63,96.3,0.0,0.059,Y21:tvd=0.006;Y22:tvd=0.003;Y23:tvd=0.003
EC,UNSD,Y23,0.0462,0.0448,35.68,34.15,0.0,0.173,Y21:tvd=0.016;Y22:tvd=0.010;Y23:tvd=0.046
EE,UNSD,Y23,0.0162,0.0179,5.75,5.85,0.262,0.025,Y21:tvd=0.001;Y22:tvd=0.001;Y23:tvd=0.016
EG,UNSD,Y23,0.0151,0.0243,216.54,221.92,0.0,0.026,Y21:tvd=0.044;Y22:tvd=0.051;Y23:tvd=0.015
ER,UNSD,Y23,0.0156,0.1029,0.49,0.44,0.0,0.074,Y21:tvd=0.009;Y22:tvd=0.010;Y23:tvd=0.016
ES,UNSD,Y23,0.0028,0.0002,279.77,279.84,0.258,0.12,Y21:tvd=0.001;Y22:tvd=0.003;Y23:tvd=0.003
ET,UNSD,Y23,0.003,0.1245,20.53,18.26,0.0,0.002,Y21:tvd=0.016;Y22:tvd=0.004;Y23:tvd=0.003
FI,UNSD,Y23,0.0039,0.0049,81.54,81.14,0.984,0.126,Y21:tvd=0.000;Y22:tvd=0.000;Y23:tvd=0.004
FJ,REVIEW,Y23,0.1164,0.0069,1.16,1.15,0.041,0.066,Y21:tvd=0.055;Y22:tvd=0.025;Y23:tvd=0.116
FK,EMBER|dtot,Y22,0.251,0.9225,0.02,0.01,0.0,0.005,Y21:tvd=0.244;Y22:tvd=0.251
FO,REVIEW,Y22,0.0639,0.0957,0.43,0.48,0.0,0.0,Y21:tvd=0.026;Y22:tvd=0.064
FR,UNSD,Y23,0.0097,0.0095,521.75,516.86,0.433,0.041,Y21:tvd=0.002;Y22:tvd=0.004;Y23:tvd=0.010
GA,UNSD,Y23,0.0148,0.0161,3.14,3.19,0.0,0.069,Y21:tvd=0.025;Y22:tvd=0.185;Y23:tvd=0.015
GB,UNSD,Y23,0.0057,0.0033,291.57,292.53,0.224,0.235,Y21:tvd=0.006;Y22:tvd=0.006;Y23:tvd=0.006
GD,UNSD,Y22,0.0172,0.0493,0.25,0.24,0.0,0.028,Y21:tvd=0.020;Y22:tvd=0.017
GE,UNSD,Y23,0.0004,0.0003,14.4,14.4,0.0,0.0,Y21:tvd=0.000;Y22:tvd=0.000;Y23:tvd=0.000
GH,UNSD,Y23,0.0027,0.0011,24.26,24.29,0.0,0.0,Y21:tvd=0.008;Y22:tvd=0.005;Y23:tvd=0.003
GI,EMBER,Y23,0.1903,0.0508,0.23,0.22,0.0,0.0,Y21:tvd=0.191;Y22:tvd=0.190;Y23:tvd=0.190
GL,REVIEW,Y22,0.1112,0.1382,0.61,0.54,1.0,0.0,Y21:tvd=0.084;Y22:tvd=0.111
GM,UNSD|dtot,Y23,0.0092,0.3442,0.69,0.51,0.0,0.058,Y21:tvd=0.012;Y22:tvd=0.011;Y23:tvd=0.009
GN,EMBER,Y23,0.1642,0.1951,3.26,4.05,0.0,0.0,Y21:tvd=0.143;Y22:tvd=0.163;Y23:tvd=0.164
GQ,UNSD|dtot,Y23,0.0353,0.3579,1.01,1.57,0.0,0.0,Y21:tvd=0.109;Y22:tvd=0.116;Y23:tvd=0.035
GR,UNSD,Y23,0.0137,0.0176,49.69,48.83,0.194,0.057,Y21:tvd=0.007;Y22:tvd=0.015;Y23:tvd=0.014
GT,REVIEW,Y23,0.1136,0.185,15.95,13.46,0.0,0.067,Y21:tvd=0.133;Y22:tvd=0.085;Y23:tvd=0.114
GU,UNSD,Y22,0.0178,0.0541,1.7,1.8,0.0,0.01,Y21:tvd=0.006;Y22:tvd=0.018
GW,REVIEW|dtot,Y22,0.0787,1.4516,0.2,0.08,0.0,0.098,Y21:tvd=0.069;Y22:tvd=0.079
GY,REVIEW,Y23,0.0518,0.0016,1.34,1.34,0.0,0.115,Y21:tvd=0.008;Y22:tvd=0.006;Y23:tvd=0.052
HK,UNSD,Y23,0.029,0.0002,37.63,37.64,0.0,0.0,Y21:tvd=0.026;Y22:tvd=0.052;Y23:tvd=0.029
HN,REVIEW,Y23,0.0826,0.0448,12.23,11.71,0.0,0.167,Y21:tvd=0.008;Y22:tvd=0.009;Y23:tvd=0.083
HR,UNSD,Y23,0.011,0.013,17.45,17.23,0.779,0.016,Y21:tvd=0.001;Y22:tvd=0.001;Y23:tvd=0.011
HT,UNSD,Y22,0.0087,0.018,1.03,1.01,0.0,0.022,Y21:tvd=0.013;Y22:tvd=0.009
HU,UNSD,Y23,0.001,0.0007,35.55,35.52,0.669,0.114,Y21:tvd=0.000;Y22:tvd=0.000;Y23:tvd=0.001
ID,REVIEW,Y23,0.0781,0.0753,377.02,350.6,0.0,0.137,Y21:tvd=0.053;Y22:tvd=0.073;Y23:tvd=0.078
IE,UNSD,Y23,0.0052,0.0082,31.56,31.3,0.106,0.07,Y21:tvd=0.004;Y22:tvd=0.004;Y23:tvd=0.005
IL,UNSD,Y23,0.0147,0.0294,76.59,74.41,0.102,0.171,Y21:tvd=0.010;Y22:tvd=0.008;Y23:tvd=0.015
IN,UNSD,Y23,0.044,0.0372,1990.28,1918.97,0.0,0.1,Y21:tvd=0.079;Y22:tvd=0.067;Y23:tvd=0.044
IQ,REVIEW|dtot,Y23,0.1062,0.3715,94.45,150.29,0.0,0.001,Y21:tvd=0.074;Y22:tvd=0.217;Y23:tvd=0.106
IR,REVIEW,Y23,0.0774,0.0084,385.24,382.02,0.0,0.018,Y21:tvd=0.053;Y22:tvd=0.077;Y23:tvd=0.077
IS,UNSD,Y23,0.0022,0.0061,20.24,20.12,1132.346,0.0,Y21:tvd=0.004;Y22:tvd=0.004;Y23:tvd=0.002
IT,UNSD,Y23,0.0057,0.0064,263.17,261.5,0.592,0.203,Y21:tvd=0.005;Y22:tvd=0.006;Y23:tvd=0.006
JM,REVIEW,Y22,0.0928,0.1459,5.14,4.49,0.0,0.193,Y21:tvd=0.032;Y22:tvd=0.093
JO,REVIEW,Y22,0.0659,0.0684,24.11,22.57,0.0,0.15,Y21:tvd=0.019;Y22:tvd=0.066
JP,REVIEW,Y23,0.072,0.0138,992.81,1006.73,0.0,0.169,Y21:tvd=0.081;Y22:tvd=0.075;Y23:tvd=0.072
KE,UNSD,Y23,0.0067,0.0068,12.7,12.79,0.0,0.018,Y21:tvd=0.001;Y22:tvd=0.004;Y23:tvd=0.007
KG,UNSD,Y23,0.019,0.0079,13.84,13.73,0.989,0.001,Y21:tvd=0.019;Y22:tvd=0.002;Y23:tvd=0.019
KH,UNSD,Y23,0.0417,0.0574,14.56,13.77,0.0,0.001,Y21:tvd=0.008;Y22:tvd=0.001;Y23:tvd=0.042
KI,REVIEW,Y22,0.1165,0.045,0.04,0.04,0.0,0.06,Y21:tvd=0.118;Y22:tvd=0.116
KM,UNSD,Y23,0.0275,0.065,0.15,0.14,0.0,0.0,Y21:tvd=0.029;Y22:tvd=0.029;Y23:tvd=0.027
KN,UNSD,Y22,0.0227,0.1152,0.25,0.22,0.0,0.004,Y21:tvd=0.022;Y22:tvd=0.023
KP,UNSD,Y22,0.0032,0.0032,26.47,26.55,0.0,0.0,Y21:tvd=0.003;Y22:tvd=0.003
KR,UNSD,Y23,0.0476,0.0171,606.9,617.49,0.151,0.057,Y21:tvd=0.058;Y22:tvd=0.041;Y23:tvd=0.048
KW,REVIEW,Y23,0.1152,0.0306,88.19,85.57,0.0,0.0,Y21:tvd=0.052;Y22:tvd=0.020;Y23:tvd=0.115
KY,UNSD,Y23,0.0286,0.0766,0.75,0.7,0.0,0.0,Y21:tvd=0.029;Y22:tvd=0.029;Y23:tvd=0.029
KZ,UNSD,Y23,0.0094,0.0,113.59,113.59,0.876,0.112,Y21:tvd=0.051;Y22:tvd=0.001;Y23:tvd=0.009
LA,UNSD,Y23,0.0333,0.0681,48.74,52.3,0.0,0.0,Y21:tvd=0.042;Y22:tvd=0.001;Y23:tvd=0.033
LB,REVIEW,Y23,0.1084,0.2035,5.44,4.52,0.0,0.267,Y21:tvd=0.026;Y22:tvd=0.033;Y23:tvd=0.108
LC,UNSD,Y22,0.0071,0.0235,0.41,0.4,0.0,0.002,Y21:tvd=0.007;Y22:tvd=0.007
LK,UNSD,Y23,0.0298,0.0442,15.73,16.46,0.0,0.131,Y21:tvd=0.006;Y22:tvd=0.144;Y23:tvd=0.030
LR,EMBER,Y23,0.3816,0.1797,0.46,0.39,0.0,0.228,Y21:tvd=0.413;Y22:tvd=0.277;Y23:tvd=0.382
LS,UNSD,Y22,0.0029,0.0035,0.48,0.48,0.0,0.0,Y21:tvd=0.002;Y22:tvd=0.003
LT,UNSD,Y23,0.0232,0.0441,5.44,5.21,1.0,0.1,Y21:tvd=0.013;Y22:tvd=0.036;Y23:tvd=0.023
LU,UNSD,Y23,0.0128,0.0109,1.38,1.4,1.0,0.281,Y21:tvd=0.005;Y22:tvd=0.008;Y23:tvd=0.013
LV,UNSD,Y23,0.0019,0.0028,6.39,6.37,1.0,0.051,Y21:tvd=0.001;Y22:tvd=0.001;Y23:tvd=0.002
LY,UNSD,Y23,0.0227,0.0388,33.75,35.11,0.0,0.0,Y21:tvd=0.000;Y22:tvd=0.000;Y23:tvd=0.023
MA,UNSD,Y23,0.0288,0.0256,43.55,42.46,0.0,0.036,Y21:tvd=0.030;Y22:tvd=0.028;Y23:tvd=0.029
MD,EMBER|dtot,Y23,0.4635,0.7685,1.17,5.05,0.985,0.199,Y21:tvd=0.128;Y22:tvd=0.349;Y23:tvd=0.463
ME,UNSD,Y23,0.0067,0.0078,4.19,4.22,0.0,0.0,Y21:tvd=0.002;Y22:tvd=0.002;Y23:tvd=0.007
MG,EMBER,Y22,0.1504,0.1272,2.3,2.64,0.0,0.148,Y21:tvd=0.131;Y22:tvd=0.150
MK,UNSD,Y23,0.0178,0.0196,6.77,6.91,0.292,0.0,Y21:tvd=0.002;Y22:tvd=0.002;Y23:tvd=0.018
ML,REVIEW,Y23,0.0547,0.0008,4.36,4.36,0.034,0.315,Y21:tvd=0.040;Y22:tvd=0.053;Y23:tvd=0.055
MM,REVIEW,Y23,0.126,0.1848,20.94,25.69,0.0,0.673,Y21:tvd=0.092;Y22:tvd=0.033;Y23:tvd=0.126
MN,UNSD,Y23,0.0064,0.073,8.49,7.91,0.901,0.006,Y21:tvd=0.023;Y22:tvd=0.018;Y23:tvd=0.006
MO,EMBER,Y22,0.2417,0.2432,0.61,0.49,0.0,0.068,Y21:tvd=0.210;Y22:tvd=0.242
MR,REVIEW,Y22,0.134,0.088,1.5,1.64,0.0,0.22,Y21:tvd=0.133;Y22:tvd=0.134
MS,UNSD|dtot,Y22,0.0142,0.3515,0.01,0.01,0.0,0.0,Y21:tvd=0.024;Y22:tvd=0.014
MT,UNSD,Y23,0.0017,0.0023,2.34,2.35,0.005,0.136,Y21:tvd=0.003;Y22:tvd=0.002;Y23:tvd=0.002
MU,REVIEW,Y23,0.0789,0.0932,3.57,3.27,0.0,0.434,Y21:tvd=0.092;Y22:tvd=0.075;Y23:tvd=0.079
MV,UNSD|dtot,Y23,0.0241,0.3585,1.15,0.85,0.0,0.156,Y21:tvd=0.024;Y22:tvd=0.033;Y23:tvd=0.024
MW,REVIEW,Y22,0.1135,0.185,2.17,1.83,0.0,0.06,Y21:tvd=0.030;Y22:tvd=0.113
MX,REVIEW,Y23,0.0589,0.0866,382.16,351.7,0.047,0.147,Y21:tvd=0.093;Y22:tvd=0.063;Y23:tvd=0.059
MY,UNSD,Y23,0.0218,0.0276,192.99,187.8,0.0,0.041,Y21:tvd=0.026;Y22:tvd=0.027;Y23:tvd=0.022
MZ,UNSD,Y23,0.0031,0.0147,19.85,19.56,0.0,0.008,Y21:tvd=0.009;Y22:tvd=0.005;Y23:tvd=0.003
NA,UNSD,Y23,0.0354,0.042,1.81,1.89,0.0,0.015,Y21:tvd=0.008;Y22:tvd=0.062;Y23:tvd=0.035
NC,UNSD,Y22,0.0348,0.0189,3.15,3.09,0.0,0.549,Y21:tvd=0.003;Y22:tvd=0.035
NE,REVIEW|dtot,Y23,0.0874,0.3874,1.11,0.8,0.0,0.146,Y21:tvd=0.266;Y22:tvd=0.327;Y23:tvd=0.087
NG,UNSD,Y23,0.0042,0.0365,40.96,42.51,0.0,0.627,Y21:tvd=0.018;Y22:tvd=0.008;Y23:tvd=0.004
NI,UNSD,Y23,0.0474,0.0355,4.53,4.37,0.0,0.204,Y21:tvd=0.003;Y22:tvd=0.031;Y23:tvd=0.047
NL,UNSD,Y23,0.0126,0.0099,121.33,120.14,0.557,0.331,Y21:tvd=0.010;Y22:tvd=0.013;Y23:tvd=0.013
NO,UNSD,Y23,0.0006,0.0007,153.63,153.53,0.776,0.015,Y21:tvd=0.002;Y22:tvd=0.001;Y23:tvd=0.001
NP,UNSD,Y22,0.0022,0.0118,10.83,10.7,0.0,0.022,Y21:tvd=0.004;Y22:tvd=0.002
NR,REVIEW,Y23,0.1092,0.145,0.05,0.04,0.0,0.0,Y21:tvd=0.104;Y22:tvd=0.109;Y23:tvd=0.109
NZ,UNSD,Y23,0.0308,0.0183,44.66,43.86,0.291,0.036,Y21:tvd=0.012;Y22:tvd=0.017;Y23:tvd=0.031
OM,UNSD,Y23,0.0072,0.0453,47.05,45.01,0.0,0.0,Y21:tvd=0.002;Y22:tvd=0.012;Y23:tvd=0.007
PA,REVIEW,Y23,0.112,0.14,14.67,12.87,0.014,0.161,Y21:tvd=0.121;Y22:tvd=0.125;Y23:tvd=0.112
PE,UNSD,Y23,0.0218,0.0087,62.73,62.19,0.0,0.032,Y21:tvd=0.012;Y22:tvd=0.015;Y23:tvd=0.022
PF,UNSD,Y22,0.0212,0.0417,0.68,0.71,0.0,0.0,Y21:tvd=0.006;Y22:tvd=0.021
PG,REVIEW,Y23,0.132,0.0487,4.96,4.73,0.0,0.626,Y21:tvd=0.073;Y22:tvd=0.103;Y23:tvd=0.132
PH,UNSD,Y23,0.0154,0.0225,119.38,116.76,0.0,0.012,Y21:tvd=0.014;Y22:tvd=0.012;Y23:tvd=0.015
PK,EMBER,Y23,0.158,0.2269,138.47,179.11,0.0,0.008,Y21:tvd=0.157;Y22:tvd=0.141;Y23:tvd=0.158
PL,UNSD,Y23,0.008,0.0097,166.04,164.45,0.96,0.15,Y21:tvd=0.000;Y22:tvd=0.001;Y23:tvd=0.008
PM,UNSD,Y22,0.0,0.0057,0.05,0.05,0.845,0.0,Y21:tvd=0.000;Y22:tvd=0.000
PS,UNSD,Y22,0.0016,0.001,1.02,1.02,0.0,0.237,Y21:tvd=0.003;Y22:tvd=0.002
PT,UNSD,Y23,0.0018,0.0005,46.21,46.19,0.279,0.154,Y21:tvd=0.004;Y22:tvd=0.004;Y23:tvd=0.002
PY,UNSD,Y23,0.001,0.2014,53.15,44.24,0.674,0.004,Y21:tvd=0.002;Y22:tvd=0.002;Y23:tvd=0.001
QA,UNSD,Y23,0.0333,0.0201,56.25,55.14,0.0,0.935,Y21:tvd=0.003;Y22:tvd=0.011;Y23:tvd=0.033
RO,UNSD,Y23,0.0091,0.0091,57.47,56.95,0.331,0.14,Y21:tvd=0.010;Y22:tvd=0.016;Y23:tvd=0.009
RS,UNSD,Y23,0.004,0.0039,39.32,39.17,0.241,0.013,Y21:tvd=0.000;Y22:tvd=0.000;Y23:tvd=0.004
RU,UNSD,Y23,0.0126,0.0162,1159.17,1178.25,0.972,0.071,Y21:tvd=0.008;Y22:tvd=0.022;Y23:tvd=0.013
RW,REVIEW,Y23,0.1144,0.1633,1.23,1.06,0.0,0.002,Y21:tvd=0.107;Y22:tvd=0.115;Y23:tvd=0.114
SA,REVIEW,Y23,0.0996,0.0285,441.5,429.25,0.0,0.389,Y21:tvd=0.039;Y22:tvd=0.114;Y23:tvd=0.100
SB,UNSD,Y23,0.034,0.141,0.13,0.11,0.0,0.161,Y21:tvd=0.063;Y22:tvd=0.044;Y23:tvd=0.034
SC,REVIEW,Y23,0.1018,0.0975,0.57,0.63,0.0,0.179,Y21:tvd=0.099;Y22:tvd=0.103;Y23:tvd=0.102
SD,REVIEW,Y23,0.0943,0.1358,14.47,16.75,0.028,0.008,Y21:tvd=0.023;Y22:tvd=0.006;Y23:tvd=0.094
SE,UNSD,Y23,0.0009,0.0009,166.04,165.89,0.998,0.049,Y21:tvd=0.000;Y22:tvd=0.000;Y23:tvd=0.001
SG,UNSD,Y23,0.012,0.0246,58.73,57.32,0.0,0.077,Y21:tvd=0.011;Y22:tvd=0.018;Y23:tvd=0.012
SH,EMBER,Y22,0.1861,0.0458,0.01,0.01,0.0,0.0,Y21:tvd=0.207;Y22:tvd=0.186
SI,UNSD,Y23,0.0013,0.0018,15.58,15.55,0.998,0.091,Y21:tvd=0.001;Y22:tvd=0.001;Y23:tvd=0.001
SK,UNSD,Y23,0.0011,0.001,29.56,29.53,0.789,0.095,Y21:tvd=0.001;Y22:tvd=0.001;Y23:tvd=0.001
SL,EMBER|dtot,Y23,0.4639,1.3542,0.49,0.21,0.03,0.015,Y21:tvd=0.430;Y22:tvd=0.496;Y23:tvd=0.464
SN,REVIEW,Y23,0.1309,0.0048,8.01,8.05,0.0,0.086,Y21:tvd=0.047;Y22:tvd=0.090;Y23:tvd=0.131
SO,REVIEW|dtot,Y23,0.0603,0.4234,0.6,0.42,0.0,0.192,Y21:tvd=0.025;Y22:tvd=0.063;Y23:tvd=0.060
SR,EMBER,Y23,0.1584,0.0368,2.06,2.14,0.0,0.756,Y21:tvd=0.066;Y22:tvd=0.011;Y23:tvd=0.158
SS,UNSD,Y23,0.0283,0.2193,0.72,0.59,0.0,0.123,Y21:tvd=0.005;Y22:tvd=0.008;Y23:tvd=0.028
ST,REVIEW,Y22,0.0942,0.2237,0.11,0.09,0.0,0.0,Y21:tvd=0.043;Y22:tvd=0.094
SV,EMBER|dtot,Y23,0.2543,0.3247,8.61,6.5,0.191,0.089,Y21:tvd=0.102;Y22:tvd=0.193;Y23:tvd=0.254
SY,EMBER,Y22,0.1503,0.182,23.74,20.08,0.0,0.047,Y21:tvd=0.152;Y22:tvd=0.150
SZ,EMBER|dtot,Y23,0.23,0.8117,1.01,0.56,0.49,0.329,Y21:tvd=0.310;Y22:tvd=0.288;Y23:tvd=0.230
TC,UNSD,Y23,0.0131,0.1769,0.31,0.26,0.0,0.0,Y21:tvd=0.014;Y22:tvd=0.013;Y23:tvd=0.013
TD,UNSD,Y22,0.0256,0.1344,0.34,0.39,0.0,0.005,Y21:tvd=0.023;Y22:tvd=0.026
TG,REVIEW,Y23,0.0726,0.2187,0.72,0.92,0.0,0.024,Y21:tvd=0.107;Y22:tvd=0.074;Y23:tvd=0.073
TH,UNSD,Y23,0.0447,0.1644,221.79,190.48,0.004,0.0,Y21:tvd=0.050;Y22:tvd=0.059;Y23:tvd=0.045
TJ,UNSD,Y23,0.0179,0.012,21.86,21.6,1.0,0.0,Y21:tvd=0.019;Y22:tvd=0.013;Y23:tvd=0.018
TL,UNSD,Y23,0.004,0.0358,0.53,0.51,0.0,0.0,Y21:tvd=0.004;Y22:tvd=0.004;Y23:tvd=0.004
TM,UNSD,Y23,0.0001,0.0352,32.6,33.79,1.0,0.0,Y21:tvd=0.000;Y22:tvd=0.000;Y23:tvd=0.000
TN,UNSD,Y23,0.0007,0.0079,21.46,21.29,0.041,0.088,Y21:tvd=0.001;Y22:tvd=0.000;Y23:tvd=0.001
TO,UNSD,Y23,0.0317,0.2114,0.08,0.07,0.0,0.0,Y21:tvd=0.059;Y22:tvd=0.041;Y23:tvd=0.032
TR,UNSD,Y23,0.0233,0.0355,331.15,319.79,0.059,0.092,Y21:tvd=0.017;Y22:tvd=0.022;Y23:tvd=0.023
TT,UNSD,Y23,0.004,0.0017,9.52,9.5,0.0,0.008,Y21:tvd=0.001;Y22:tvd=0.001;Y23:tvd=0.004
TW,UNSD,Y23,0.0207,0.0112,279.11,282.28,0.14,0.154,Y21:tvd=0.023;Y22:tvd=0.021;Y23:tvd=0.021
TZ,UNSD,Y23,0.0468,0.0297,10.65,10.98,0.0,0.072,Y21:tvd=0.062;Y22:tvd=0.059;Y23:tvd=0.047
UA,UNSD,Y22,0.0321,0.0067,110.76,111.51,0.336,0.022,Y21:tvd=0.033;Y22:tvd=0.032
UG,REVIEW,Y22,0.0629,0.0349,5.95,5.75,0.0,0.205,Y21:tvd=0.041;Y22:tvd=0.063
US,UNSD,Y23,0.014,0.0415,4430.41,4253.91,0.108,0.049,Y21:tvd=0.015;Y22:tvd=0.015;Y23:tvd=0.014
UY,UNSD,Y23,0.0022,0.0022,12.91,12.88,0.0,0.161,Y21:tvd=0.002;Y22:tvd=0.004;Y23:tvd=0.002
UZ,UNSD,Y23,0.0355,0.0206,77.82,76.25,0.364,0.004,Y21:tvd=0.001;Y22:tvd=0.011;Y23:tvd=0.036
VC,UNSD,Y23,0.0212,0.0884,0.16,0.15,0.0,0.009,Y21:tvd=0.026;Y22:tvd=0.028;Y23:tvd=0.021
VE,REVIEW,Y23,0.0772,0.0015,82.81,82.94,0.0,0.01,Y21:tvd=0.057;Y22:tvd=0.065;Y23:tvd=0.077
VG,UNSD|dtot,Y23,0.0233,0.2744,0.22,0.17,0.0,0.0,Y21:tvd=0.022;Y22:tvd=0.023;Y23:tvd=0.023
VI,UNSD,Y23,0.0402,0.0433,0.7,0.67,0.0,0.043,Y21:tvd=0.031;Y22:tvd=0.035;Y23:tvd=0.040
VN,UNSD,Y23,0.0217,0.009,274.1,276.59,0.0,0.036,Y21:tvd=0.014;Y22:tvd=0.016;Y23:tvd=0.022
VU,REVIEW,Y23,0.0616,0.0515,0.08,0.08,0.0,0.053,Y21:tvd=0.053;Y22:tvd=0.058;Y23:tvd=0.062
WS,REVIEW|dtot,Y23,0.1015,0.3473,0.2,0.15,0.0,0.0,Y21:tvd=0.058;Y22:tvd=0.106;Y23:tvd=0.101
XK,UNSD,Y23,0.0407,0.0447,6.35,6.08,0.0,0.0,Y21:tvd=0.002;Y22:tvd=0.033;Y23:tvd=0.041
YE,EMBER|dtot,Y23,0.2326,0.6734,5.14,3.07,0.0,0.146,Y21:tvd=0.269;Y22:tvd=0.236;Y23:tvd=0.233
ZA,UNSD,Y23,0.0416,0.064,218.75,233.71,0.0,0.127,Y21:tvd=0.003;Y22:tvd=0.015;Y23:tvd=0.042
ZM,UNSD,Y23,0.0036,0.0032,19.52,19.46,0.0,0.004,Y21:tvd=0.019;Y22:tvd=0.017;Y23:tvd=0.004
ZW,EMBER,Y23,0.2526,0.0663,8.86,8.31,0.0,0.005,Y21:tvd=0.013;Y22:tvd=0.012;Y23:tvd=0.253
