site,year,eta_total,eta_elec_plants,eta_chp_total,eta_coal,eta_mgas,eta_peat,eta_oilshale,eta_gas,eta_oil,eta_bio,eta_waste,eta_coal_el,eta_mgas_el,eta_peat_el,eta_oilshale_el,eta_gas_el,eta_oil_el,eta_bio_el,eta_waste_el,fuel_in_PJ,elec_out_TWh,heat_out_PJ,flags,step0_decision,arbitrated_decision
AD,Y21,0.457,,0.457,,,,,0.527,,,0.415,,,,,0.174,,,0.324,0.4,0.03,0.1,,,
AD,Y22,0.492,,0.492,,,,,0.578,,,0.447,,,,,0.142,,,0.261,0.4,0.02,0.1,,,
AD,Y23,0.562,,0.562,,,,,0.559,,,0.565,,,,,0.169,,,0.284,0.4,0.03,0.1,,,
AE,Y21,0.356,0.356,,,,,,0.356,0.34,0.667,0.303,,,,,0.356,0.34,0.667,0.303,1348.1,133.23,0.0,,UNSD,UNSD
AE,Y22,0.343,0.343,,,,,,0.343,0.343,0.667,0.297,,,,,0.343,0.343,0.667,0.297,1342.5,127.79,0.0,,UNSD,UNSD
AE,Y23,0.366,0.366,,,,,,0.365,0.339,0.667,0.565,,,,,0.365,0.339,0.667,0.565,1191.6,121.21,0.0,,UNSD,UNSD
AF,Y21,0.36,0.36,,,,,,0.4,0.276,,,,,,,0.4,0.276,,,2.6,0.26,0.0,,REVIEW|dtot,UNSD(eta)
AF,Y22,0.371,0.371,,,,,,0.4,0.268,,,,,,,0.4,0.268,,,2.3,0.24,0.0,,REVIEW|dtot,UNSD(eta)
AF,Y23,0.372,0.372,,,,,,0.4,0.255,,,,,,,0.4,0.255,,,1.7,0.17,0.0,,REVIEW|dtot,UNSD(eta)
AG,Y21,0.322,0.322,,,,,,,0.322,,,,,,,,0.322,,,3.9,0.35,0.0,,UNSD,UNSD
AG,Y22,0.325,0.325,,,,,,,0.325,,,,,,,,0.325,,,3.9,0.35,0.0,,UNSD,UNSD
AG,Y23,0.34,0.34,,,,,,,0.34,,,,,,,,0.34,,,3.9,0.37,0.0,,UNSD,UNSD
AI,Y21,0.353,0.353,,,,,,,0.353,,,,,,,,0.353,,,1.0,0.1,0.0,,,
AI,Y22,0.375,0.375,,,,,,,0.375,,,,,,,,0.375,,,1.0,0.1,0.0,,,
AI,Y23,0.375,0.375,,,,,,,0.375,,,,,,,,0.375,,,1.0,0.11,0.0,,,
AM,Y21,0.379,0.378,0.574,,,,,0.379,,,,,,,,0.378,,,,32.2,3.38,0.0,,UNSD,UNSD
AM,Y22,0.423,0.423,0.299,,,,,0.423,,,,,,,,0.423,,,,33.0,3.88,0.0,eta_chp_total,UNSD,UNSD
AM,Y23,0.449,0.45,0.392,,,,,0.449,,,,,,,,0.449,,,,29.8,3.72,0.0,,UNSD,UNSD
AO,Y21,0.367,0.367,,,,,,0.427,0.301,0.641,,,,,,0.427,0.301,0.641,,34.3,3.5,0.0,,UNSD,UNSD
AO,Y22,0.365,0.365,,,,,,0.486,0.277,0.641,,,,,,0.486,0.277,0.641,,30.1,3.05,0.0,,UNSD,UNSD
AO,Y23,0.313,0.313,,,,,,0.486,0.249,0.641,,,,,,0.486,0.249,0.641,,47.0,4.08,0.0,,UNSD,UNSD
AR,Y21,0.418,0.417,,0.264,0.368,,,0.458,0.229,0.291,,0.264,0.368,,,0.458,0.229,0.291,,927.8,107.63,0.0,,REVIEW,UNSD(eta)
AR,Y22,0.456,0.456,,0.273,0.375,,,0.506,0.395,0.194,,0.273,0.375,,,0.506,0.395,0.194,,771.5,97.69,0.0,,REVIEW,UNSD(eta)
AR,Y23,0.419,0.419,,0.264,0.181,,,0.461,0.371,0.153,,0.264,0.181,,,0.461,0.371,0.153,,733.8,85.35,0.0,,REVIEW,UNSD(eta)
AS,Y21,0.36,0.36,,,,,,,0.36,,,,,,,,0.36,,,1.8,0.18,0.0,,UNSD,UNSD
AS,Y22,0.36,0.36,,,,,,,0.36,,,,,,,,0.36,,,1.8,0.18,0.0,,UNSD,UNSD
AS,Y23,0.36,0.36,,,,,,,0.36,,,,,,,,0.36,,,1.8,0.18,0.0,,UNSD,UNSD
AT,Y21,0.663,0.377,0.752,0.687,0.42,,,0.686,0.418,0.767,0.582,0.573,0.362,,,0.37,0.175,0.196,0.16,238.8,18.68,91.0,,UNSD,UNSD
AT,Y22,0.679,0.445,0.756,0.723,0.449,,,0.69,0.686,0.751,0.575,0.72,0.387,,,0.41,0.274,0.21,0.169,221.4,19.01,81.9,,UNSD,UNSD
AT,Y23,0.678,0.4,0.76,0.866,0.451,,,0.705,0.714,0.748,0.543,0.866,0.387,,,0.376,0.293,0.205,0.157,197.9,15.49,78.4,,UNSD,UNSD
AU,Y21,0.322,0.32,0.344,0.313,,,,0.346,0.372,0.459,,0.313,,,,0.346,0.372,0.459,,2215.1,198.1,0.0,eta_chp_total,UNSD,UNSD
AU,Y22,0.323,0.321,0.341,0.314,,,,0.345,0.394,0.453,,0.314,,,,0.345,0.394,0.453,,2126.8,190.73,0.0,eta_chp_total,UNSD,UNSD
AU,Y23,0.321,0.319,0.341,0.311,,,,0.341,0.391,0.441,,0.311,,,,0.341,0.391,0.441,,2071.9,184.46,0.0,eta_chp_total,UNSD,UNSD
AW,Y21,0.343,0.343,,,,,,,0.343,,,,,,,,0.343,,,8.1,0.77,0.0,,UNSD,UNSD
AW,Y22,0.338,0.338,,,,,,,0.338,,,,,,,,0.338,,,8.3,0.78,0.0,,UNSD,UNSD
AW,Y23,0.338,0.338,,,,,,,0.338,,,,,,,,0.338,,,8.3,0.78,0.0,,UNSD,UNSD
AZ,Y21,0.43,0.42,0.416,,,,,0.434,0.379,,0.23,,,,,0.374,0.378,,0.23,255.6,26.46,14.7,,UNSD,UNSD
AZ,Y22,0.433,0.422,0.423,,,,,0.435,0.366,,0.239,,,,,0.38,0.355,,0.239,259.8,27.3,14.1,,UNSD,UNSD
AZ,Y23,0.435,0.42,0.44,,,,,0.437,0.378,,0.252,,,,,0.378,0.368,,0.252,261.8,27.41,15.2,,UNSD,UNSD
BA,Y21,0.35,0.32,0.67,0.339,0.202,,,0.827,0.458,0.648,,0.316,0.202,,,0.008,0.277,0.072,,133.1,11.29,6.0,,UNSD,UNSD
BA,Y22,0.342,0.312,0.711,0.33,0.24,,,0.845,0.457,0.709,,0.308,0.24,,,0.017,0.309,0.067,,134.0,11.14,5.7,,UNSD,UNSD
BA,Y23,0.335,0.302,0.701,0.322,0.219,,,0.839,0.377,0.701,,0.297,0.219,,,0.016,0.307,0.069,,122.6,9.81,5.7,,UNSD,UNSD
BB,Y21,0.545,0.545,,,,,,0.544,0.548,0.307,,,,,,0.544,0.548,0.307,,6.2,0.94,0.0,,UNSD,UNSD
BB,Y22,0.48,0.48,,,,,,0.522,0.48,0.44,,,,,,0.522,0.48,0.44,,7.2,0.96,0.0,,UNSD,UNSD
BB,Y23,0.486,0.486,,,,,,0.49,0.488,0.426,,,,,,0.49,0.488,0.426,,7.3,0.98,0.0,,UNSD,UNSD
BD,Y21,0.401,0.401,,0.298,,,,0.419,0.334,,,0.298,,,,0.419,0.334,,,809.2,90.03,0.0,,UNSD,UNSD
BD,Y22,0.421,0.421,,0.331,,,,0.433,0.401,,,0.331,,,,0.433,0.401,,,801.9,93.81,0.0,,UNSD,UNSD
BD,Y23,0.373,0.373,,0.328,,,,0.402,0.324,,,0.328,,,,0.402,0.324,,,973.1,100.93,0.0,,UNSD,UNSD
BE,Y21,0.541,0.429,0.661,0.841,0.414,,,0.614,0.636,0.508,0.314,0.841,0.414,,,0.518,0.612,0.449,0.212,242.3,30.68,20.6,,UNSD,UNSD
BE,Y22,0.529,0.432,0.646,0.842,0.419,,,0.592,0.642,0.496,0.33,0.842,0.419,,,0.51,0.633,0.437,0.239,243.2,30.77,17.9,,UNSD,UNSD
BE,Y23,0.537,0.43,0.63,0.848,0.417,,,0.614,0.643,0.554,0.303,0.848,0.417,,,0.532,0.628,0.44,0.227,199.3,25.41,15.5,,UNSD,UNSD
BF,Y21,0.356,0.356,,,,,,,0.417,0.29,0.158,,,,,,0.417,0.29,0.158,15.0,1.49,0.0,,REVIEW,UNSD(eta)
BF,Y22,0.246,0.246,,,,,,,0.38,0.29,0.064,,,,,,0.38,0.29,0.064,20.3,1.39,0.0,eta_waste,REVIEW,EMBER(eta)
BF,Y23,0.244,0.244,,,,,,,0.378,0.3,0.064,,,,,,0.378,0.3,0.064,20.8,1.41,0.0,eta_waste,REVIEW,EMBER(eta)
BG,Y21,0.305,0.202,0.6,0.217,,,,0.691,0.464,0.545,0.813,0.197,,,,0.223,0.439,0.285,0.0,397.8,23.08,38.1,,UNSD,UNSD
BG,Y22,0.276,0.199,0.613,0.211,,,,0.761,0.502,0.536,0.812,0.197,,,,0.199,0.47,0.3,0.0,467.1,26.58,33.3,eta_elec_plants,UNSD,UNSD
BG,Y23,0.321,0.197,0.593,0.222,,,0.775,0.772,0.431,0.546,0.835,0.194,,,0.359,0.197,0.389,0.298,0.0,279.0,15.83,32.5,eta_elec_plants,UNSD,UNSD
BH,Y21,0.326,0.326,,,,,,0.326,0.668,,,,,,,0.326,0.668,,,391.2,35.41,0.0,,UNSD,UNSD
BH,Y22,0.331,0.331,,,,,,0.331,0.38,,,,,,,0.331,0.38,,,401.0,36.88,0.0,,UNSD,UNSD
BH,Y23,0.339,0.339,,,,,,0.339,0.38,,,,,,,0.339,0.38,,,404.0,38.09,0.0,,UNSD,UNSD
BI,Y21,0.344,0.344,,,,,,,0.355,0.415,,,,,,,0.355,0.415,,1.3,0.12,0.0,,REVIEW,UNSD(eta)
BI,Y22,0.321,0.321,,,,,,,0.344,0.453,,,,,,,0.344,0.453,,1.4,0.12,0.0,,REVIEW,UNSD(eta)
BI,Y23,0.366,0.366,,,,,,,0.391,0.536,,,,,,,0.391,0.536,,0.8,0.08,0.0,,REVIEW,UNSD(eta)
BJ,Y21,0.43,0.43,,,,,,0.448,0.372,,,,,,,0.448,0.372,,,9.3,1.11,0.0,,UNSD,UNSD
BJ,Y22,0.396,0.396,,,,,,0.425,0.327,,,,,,,0.425,0.327,,,8.8,0.97,0.0,,UNSD,UNSD
BJ,Y23,0.324,0.324,,,,,,0.323,0.328,,,,,,,0.323,0.328,,,8.1,0.73,0.0,,UNSD,UNSD
BL,Y21,0.445,0.445,,,,,,,0.445,,,,,,,,0.445,,,1.1,0.13,0.0,,,
BL,Y22,0.448,0.445,,,,,,,0.445,,0.938,,,,,,0.445,,0.0,1.2,0.14,0.0,,,
BL,Y23,0.45,0.445,,,,,,,0.445,,0.958,,,,,,0.445,,0.0,1.2,0.15,0.0,,,
BM,Y21,0.398,0.398,,,,,,,0.438,,0.09,,,,,,0.438,,0.09,5.2,0.58,0.0,eta_waste,UNSD,UNSD
BM,Y22,0.403,0.403,,,,,,,0.442,,0.109,,,,,,0.442,,0.109,5.0,0.56,0.0,eta_waste,UNSD,UNSD
BM,Y23,0.391,0.391,,,,,,,0.432,,0.089,,,,,,0.432,,0.089,5.1,0.55,0.0,eta_waste,UNSD,UNSD
BN,Y21,0.312,0.312,,0.512,,,,0.281,0.35,,,0.512,,,,0.281,0.35,,,65.8,5.7,0.0,,UNSD,UNSD
BN,Y22,0.33,0.33,,0.517,,,,0.3,0.367,,,0.517,,,,0.3,0.367,,,61.0,5.6,0.0,,UNSD,UNSD
BN,Y23,0.327,0.327,,0.517,,,,0.298,0.318,,,0.517,,,,0.298,0.318,,,61.8,5.61,0.0,,UNSD,UNSD
BO,Y21,0.327,0.327,,,,,,0.387,0.331,0.202,,,,,,0.387,0.331,0.202,,79.1,7.17,0.0,,REVIEW,UNSD(eta)
BO,Y22,0.361,0.361,,,,,,0.402,0.341,0.31,,,,,,0.402,0.341,0.31,,77.5,7.77,0.0,,REVIEW,UNSD(eta)
BO,Y23,0.362,0.362,,,,,,0.388,0.283,0.329,,,,,,0.388,0.283,0.329,,87.5,8.79,0.0,,REVIEW,UNSD(eta)
BQ,Y21,0.425,0.425,,,,,,,0.425,,,,,,,,0.425,,,1.0,0.12,0.0,,,
BQ,Y22,0.428,0.428,,,,,,,0.428,,,,,,,,0.428,,,1.1,0.13,0.0,,,
BQ,Y23,0.369,0.369,,,,,,,0.369,,,,,,,,0.369,,,1.4,0.14,0.0,,,
BR,Y21,0.391,0.254,1.12,0.291,1.374,,,0.384,0.38,0.687,,0.291,1.374,,,0.384,0.38,0.687,,1742.7,189.3,0.0,eta_chp_total;eta_mgas,UNSD,UNSD
BR,Y22,0.385,0.171,0.934,0.205,0.369,,,0.346,0.362,0.777,0.766,0.205,0.369,,,0.346,0.362,0.777,0.766,1154.4,123.47,0.0,eta_elec_plants,UNSD,UNSD
BR,Y23,0.381,0.155,0.939,0.202,0.359,,,0.345,0.357,0.796,0.485,0.202,0.359,,,0.345,0.357,0.796,0.485,1136.3,120.12,0.0,eta_elec_plants,UNSD,UNSD
BS,Y21,0.328,0.328,,,,,,,0.328,,,,,,,,0.328,,,22.1,2.01,0.0,,UNSD,UNSD
BS,Y22,0.373,0.373,,,,,,,0.373,,,,,,,,0.373,,,22.5,2.33,0.0,,UNSD,UNSD
BS,Y23,0.393,0.393,,,,,,,0.393,,,,,,,,0.393,,,21.0,2.29,0.0,,UNSD,UNSD
BT,Y21,0.32,0.32,,,,,,,0.32,,,,,,,,0.32,,,0.0,0.0,0.0,,UNSD,UNSD
BT,Y22,0.304,0.304,,,,,,,0.304,,,,,,,,0.304,,,0.0,0.0,0.0,,UNSD,UNSD
BT,Y23,0.335,0.335,,,,,,,0.335,,,,,,,,0.335,,,0.0,0.0,0.0,,UNSD,UNSD
BW,Y21,0.222,0.222,,0.221,,,,,0.252,,,0.221,,,,,0.252,,,38.9,2.4,0.0,,UNSD,UNSD
BW,Y22,0.189,0.189,,0.187,,,,,0.251,,,0.187,,,,,0.251,,,48.5,2.54,0.0,eta_total;eta_elec_plants,UNSD,UNSD
BW,Y23,0.231,0.231,,0.23,,,,,0.251,,,0.23,,,,,0.251,,,48.1,3.08,0.0,,UNSD,UNSD
BY,Y21,0.663,0.407,0.719,0.737,,0.823,,0.662,0.597,0.696,0.816,0.0,,0.026,,0.229,0.294,0.041,0.124,582.9,34.75,261.6,,UNSD,UNSD
BY,Y22,0.665,0.407,0.719,0.737,,0.823,,0.664,0.599,0.697,0.816,0.0,,0.025,,0.223,0.289,0.04,0.119,545.4,31.73,248.7,,UNSD,UNSD
BY,Y23,0.669,0.407,0.719,0.736,,0.823,,0.668,0.603,0.698,0.816,0.0,,0.023,,0.212,0.278,0.037,0.111,528.0,29.13,248.6,,UNSD,UNSD
BZ,Y21,0.131,0.199,0.124,,,,,,0.319,0.211,,,,,,,0.319,0.211,,5.6,0.2,0.0,eta_total;eta_elec_plants;eta_chp_total,EMBER|dtot,EMBER|dtot
BZ,Y22,0.147,0.273,0.137,,,,,,0.309,0.256,,,,,,,0.309,0.256,,5.4,0.22,0.0,eta_total;eta_chp_total,EMBER|dtot,EMBER|dtot
BZ,Y23,0.169,0.314,0.138,,,,,,0.319,0.257,,,,,,,0.319,0.257,,5.1,0.24,0.0,eta_total;eta_chp_total,EMBER|dtot,EMBER|dtot
CA,Y21,0.376,0.361,0.486,0.405,0.43,,,0.368,0.284,0.381,0.548,0.405,0.43,,,0.347,0.281,0.349,0.115,1307.1,129.39,25.1,,UNSD,UNSD
CA,Y22,0.374,0.36,0.467,0.401,0.429,,,0.373,0.277,0.381,0.548,0.401,0.429,,,0.353,0.276,0.346,0.115,1298.0,128.03,25.0,,UNSD,UNSD
CA,Y23,0.372,0.358,0.452,0.397,0.43,,,0.369,0.288,0.381,0.548,0.397,0.43,,,0.351,0.287,0.347,0.115,1377.1,135.23,25.8,,UNSD,UNSD
CD,Y21,0.41,0.41,,,,,,,0.41,,,,,,,,0.41,,,0.0,0.0,0.0,,REVIEW,UNSD(eta)
CD,Y22,0.404,0.404,,,,,,,0.404,,,,,,,,0.404,,,0.0,0.01,0.0,,REVIEW,UNSD(eta)
CD,Y23,0.302,0.302,,,,,,,0.302,,,,,,,,0.302,,,0.1,0.01,0.0,,REVIEW,UNSD(eta)
CF,Y21,0.358,0.358,,,,,,,0.358,,,,,,,,0.358,,,0.0,0.0,0.0,,UNSD,UNSD
CF,Y22,0.381,0.381,,,,,,,0.381,,,,,,,,0.381,,,0.0,0.0,0.0,,UNSD,UNSD
CF,Y23,0.366,0.366,,,,,,,0.366,,,,,,,,0.366,,,0.0,0.0,0.0,,UNSD,UNSD
CG,Y21,0.199,0.199,,,,,,0.199,0.256,,,,,,,0.199,0.256,,,43.5,2.41,0.0,eta_total;eta_elec_plants,REVIEW|dtot,EMBER(eta)
CG,Y22,0.199,0.199,,,,,,0.199,0.256,,,,,,,0.199,0.256,,,44.3,2.45,0.0,eta_total;eta_elec_plants,REVIEW|dtot,EMBER(eta)
CG,Y23,0.199,0.199,,,,,,0.199,0.24,,,,,,,0.199,0.24,,,40.8,2.26,0.0,eta_total;eta_elec_plants,REVIEW|dtot,EMBER(eta)
CH,Y21,0.562,0.349,0.552,,,,,0.69,0.651,0.654,0.516,,,,,0.254,0.228,0.266,0.176,67.5,3.79,24.3,,UNSD,UNSD
CH,Y22,0.551,0.349,0.54,,,,,0.705,0.675,0.619,0.509,,,,,0.233,0.231,0.267,0.18,65.0,3.66,22.6,,UNSD,UNSD
CH,Y23,0.558,0.349,0.544,,,,,0.761,0.534,0.624,0.508,,,,,0.147,0.188,0.273,0.171,66.6,3.51,24.5,,UNSD,UNSD
CI,Y21,0.353,0.353,,,,,,0.378,0.273,0.08,,,,,,0.378,0.273,0.08,,91.1,8.93,0.0,eta_bio,REVIEW,EMBER(eta)
CI,Y22,0.358,0.358,,,,,,0.386,0.377,0.072,,,,,,0.386,0.377,0.072,,95.0,9.46,0.0,eta_bio,REVIEW,EMBER(eta)
CI,Y23,0.365,0.365,,,,,,0.391,0.385,0.096,,,,,,0.391,0.385,0.096,,102.2,10.36,0.0,eta_bio,REVIEW,EMBER(eta)
CK,Y21,0.345,0.345,,,,,,,0.345,,,,,,,,0.345,,,0.3,0.03,0.0,,EMBER,EMBER
CK,Y22,0.344,0.344,,,,,,,0.344,,,,,,,,0.344,,,0.3,0.03,0.0,,EMBER,EMBER
CK,Y23,0.344,0.344,,,,,,,0.344,,,,,,,,0.344,,,0.4,0.03,0.0,,EMBER,EMBER
CL,Y21,0.271,0.349,0.092,0.309,,,,0.429,0.403,0.092,,0.309,,,,0.429,0.403,0.092,,666.4,50.15,0.0,eta_chp_total;eta_bio,UNSD,UNSD
CL,Y22,0.263,0.345,0.085,0.307,,,,0.399,0.425,0.085,,0.307,,,,0.399,0.425,0.085,,615.7,44.94,0.0,eta_chp_total;eta_bio,UNSD,UNSD
CL,Y23,0.279,0.387,0.106,0.366,,,,0.41,0.363,0.106,,0.366,,,,0.41,0.363,0.106,,498.8,38.6,0.0,eta_chp_total;eta_bio,UNSD,UNSD
CM,Y21,0.286,0.286,,,,,,0.282,0.301,0.388,,,,,,0.282,0.301,0.388,,34.6,2.75,0.0,,REVIEW,UNSD(eta)
CM,Y22,0.287,0.287,,,,,,0.282,0.301,0.388,,,,,,0.282,0.301,0.388,,31.1,2.48,0.0,,REVIEW,UNSD(eta)
CM,Y23,0.287,0.287,,,,,,0.282,0.301,0.388,,,,,,0.282,0.301,0.388,,24.8,1.98,0.0,,REVIEW,UNSD(eta)
CN,Y21,0.478,0.405,,0.487,0.289,,,0.526,0.303,0.205,0.382,0.341,0.218,,,0.526,0.12,0.155,0.293,61525.3,5805.87,8523.8,,UNSD,UNSD
CN,Y22,0.491,0.407,,0.501,0.285,,,0.547,0.343,0.215,0.385,0.336,0.208,,,0.547,0.122,0.157,0.286,63212.7,5888.79,9843.4,,UNSD,UNSD
CN,Y23,0.495,0.406,,0.507,0.271,,,0.521,0.343,0.201,0.404,0.337,0.196,,,0.521,0.118,0.145,0.298,67401.2,6265.74,10804.6,,UNSD,UNSD
CO,Y21,0.289,0.289,,0.367,0.3,,,0.412,0.36,0.092,,0.367,0.3,,,0.412,0.36,0.092,,255.9,20.52,0.0,eta_bio,UNSD,UNSD
CO,Y22,0.303,0.303,,0.42,0.3,,,0.411,0.36,0.094,,0.42,0.3,,,0.411,0.36,0.094,,274.5,23.14,0.0,eta_bio,UNSD,UNSD
CO,Y23,0.309,0.309,,0.367,0.3,,,0.396,0.351,0.113,,0.367,0.3,,,0.396,0.351,0.113,,348.1,29.91,0.0,eta_bio,UNSD,UNSD
CR,Y21,0.429,0.173,0.441,,,,,,0.157,0.809,,,,,,,0.157,0.809,,1.6,0.19,0.0,eta_elec_plants,REVIEW,EMBER(eta)
CR,Y22,0.35,0.417,0.284,,,,,,0.417,0.552,,,,,,,0.417,0.552,,1.6,0.16,0.0,eta_chp_total,REVIEW,EMBER(eta)
CR,Y23,0.364,0.372,0.295,,,,,,0.372,0.642,,,,,,,0.372,0.642,,6.6,0.66,0.0,eta_chp_total,REVIEW,EMBER(eta)
CU,Y21,0.299,0.299,,,,,,0.35,0.304,0.284,,,,,,0.35,0.304,0.284,,211.8,17.58,0.0,,UNSD,UNSD
CU,Y22,0.278,0.278,,,,,,0.36,0.274,0.276,,,,,,0.36,0.274,0.276,,199.4,15.37,0.0,,UNSD,UNSD
CU,Y23,0.272,0.272,,,,,,0.36,0.262,0.313,,,,,,0.36,0.262,0.313,,198.2,14.99,0.0,,UNSD,UNSD
CV,Y21,0.411,0.411,,,,,,,0.411,,,,,,,,0.411,,,3.3,0.38,0.0,,REVIEW,UNSD(eta)
CV,Y22,0.41,0.41,,,,,,,0.41,,,,,,,,0.41,,,3.9,0.44,0.0,,REVIEW,UNSD(eta)
CV,Y23,0.411,0.411,,,,,,,0.411,,,,,,,,0.411,,,4.1,0.47,0.0,,REVIEW,UNSD(eta)
CW,Y21,0.339,0.339,,,,,,,0.339,,,,,,,,0.339,,,6.9,0.65,0.0,,,
CW,Y22,0.343,0.343,,,,,,,0.343,,,,,,,,0.343,,,7.0,0.67,0.0,,,
CW,Y23,0.434,0.434,,,,,,,0.434,,,,,,,,0.434,,,6.0,0.73,0.0,,,
CY,Y21,0.394,0.391,0.754,,,,,,0.391,0.754,,,,,,,0.391,0.643,,40.3,4.4,0.0,,UNSD,UNSD
CY,Y22,0.393,0.39,0.78,,,,,,0.39,0.78,,,,,,,0.39,0.654,,40.8,4.44,0.0,,UNSD,UNSD
CY,Y23,0.386,0.383,0.781,,,,,,0.383,0.781,,,,,,,0.383,0.659,,40.1,4.29,0.0,,UNSD,UNSD
CZ,Y21,0.534,0.394,0.681,0.492,0.58,,,0.664,0.791,0.556,0.662,0.331,0.156,,,0.274,0.164,0.349,0.138,544.0,47.68,118.8,,UNSD,UNSD
CZ,Y22,0.516,0.376,0.681,0.473,0.574,,,0.728,0.796,0.537,0.626,0.333,0.158,,,0.238,0.133,0.351,0.144,539.0,47.35,107.6,,UNSD,UNSD
CZ,Y23,0.531,0.379,0.688,0.489,0.563,,,0.728,0.797,0.542,0.585,0.334,0.153,,,0.227,0.148,0.345,0.132,453.2,39.46,98.4,,UNSD,UNSD
DE,Y21,0.468,0.338,0.674,0.371,0.392,,,0.634,0.498,0.521,0.539,0.317,0.384,,,0.381,0.36,0.417,0.191,3536.8,332.19,460.5,,UNSD,UNSD
DE,Y22,0.455,0.34,0.66,0.368,0.395,,,0.617,0.524,0.535,0.541,0.32,0.394,,,0.373,0.34,0.427,0.194,3561.5,333.35,421.0,,UNSD,UNSD
DE,Y23,0.459,0.328,0.64,0.354,0.39,,,0.603,0.481,0.536,0.535,0.302,0.39,,,0.357,0.362,0.421,0.194,3018.9,273.47,400.6,,UNSD,UNSD
DJ,Y21,0.361,0.361,,,,,,,0.361,,,,,,,,0.361,,,1.3,0.13,0.0,,REVIEW,UNSD(eta)
DJ,Y22,0.222,0.222,,,,,,,0.222,,,,,,,,0.222,,,1.3,0.08,0.0,,REVIEW,UNSD(eta)
DJ,Y23,0.354,0.354,,,,,,,0.354,,,,,,,,0.354,,,1.3,0.13,0.0,,REVIEW,UNSD(eta)
DK,Y21,0.821,0.271,0.798,0.583,,,,0.795,0.62,0.879,0.952,0.373,,,,0.224,0.241,0.241,0.173,223.4,15.67,127.0,,UNSD,UNSD
DK,Y22,0.818,0.282,0.795,0.593,,,,0.805,0.662,0.882,0.938,0.369,,,,0.235,0.2,0.223,0.184,201.7,13.88,115.0,,UNSD,UNSD
DK,Y23,0.859,0.208,0.842,0.65,,,,0.796,0.594,0.903,0.955,0.34,,,,0.204,0.243,0.204,0.17,180.9,10.96,116.0,,UNSD,UNSD
DM,Y21,0.353,0.353,,,,,,,0.353,,,,,,,,0.353,,,1.3,0.12,0.0,,UNSD,UNSD
DM,Y22,0.355,0.355,,,,,,,0.355,,,,,,,,0.355,,,1.2,0.12,0.0,,UNSD,UNSD
DM,Y23,0.356,0.356,,,,,,,0.356,,,,,,,,0.356,,,1.4,0.13,0.0,,UNSD,UNSD
DO,Y21,0.418,0.413,,0.368,,,,0.475,0.422,0.359,,0.368,,,,0.475,0.422,0.359,,168.9,19.63,0.0,,REVIEW,UNSD(eta)
DO,Y22,0.44,0.435,,0.358,,,,0.592,0.416,0.395,,0.358,,,,0.592,0.416,0.395,,165.1,20.2,0.0,,REVIEW,UNSD(eta)
DO,Y23,0.383,0.379,,0.369,,,,0.484,0.273,0.326,,0.369,,,,0.484,0.273,0.326,,192.8,20.52,0.0,,REVIEW,UNSD(eta)
DZ,Y21,0.36,0.36,,,,,,0.36,0.36,,,,,,,0.36,0.36,,,846.4,84.73,0.0,,UNSD,UNSD
DZ,Y22,0.356,0.356,,,,,,0.359,0.127,,,,,,,0.359,0.127,,,914.8,90.55,0.0,eta_oil,UNSD,UNSD
DZ,Y23,0.363,0.363,,,,,,0.366,0.085,,,,,,,0.366,0.085,,,941.7,94.9,0.0,eta_oil,UNSD,UNSD
EC,Y21,0.345,0.357,0.0,,,,,0.239,0.368,0.815,,,,,,0.239,0.368,0.815,,68.2,6.54,0.0,eta_chp_total,UNSD,UNSD
EC,Y22,0.356,0.365,0.0,,,,,0.258,0.368,0.908,,,,,,0.258,0.368,0.908,,83.7,8.27,0.0,eta_chp_total,UNSD,UNSD
EC,Y23,0.367,0.376,0.0,,,,,0.275,0.378,0.759,,,,,,0.275,0.378,0.759,,95.8,9.76,0.0,eta_chp_total,UNSD,UNSD
EE,Y21,0.504,0.334,0.723,,0.334,0.772,0.369,0.727,0.513,0.672,0.846,,0.221,0.008,0.324,0.028,0.223,0.204,0.222,88.6,6.09,22.7,,UNSD,UNSD
EE,Y22,0.503,0.355,0.724,,0.388,0.852,0.381,0.655,0.623,0.709,0.778,,0.264,0.168,0.347,0.038,0.103,0.188,0.206,102.0,7.65,23.8,,UNSD,UNSD
EE,Y23,0.526,0.316,0.718,,0.368,0.735,0.384,0.809,0.642,0.611,0.861,,0.243,0.097,0.328,0.018,0.06,0.144,0.215,75.0,4.32,23.9,,UNSD,UNSD
EG,Y21,0.417,0.417,,,,,,0.426,0.335,0.314,,,,,,0.426,0.335,0.314,,1552.9,179.67,0.0,,UNSD,UNSD
EG,Y22,0.491,0.491,,,,,,0.518,0.337,0.325,,,,,,0.518,0.337,0.325,,1385.0,188.87,0.0,,UNSD,UNSD
EG,Y23,0.517,0.517,,,,,,0.55,0.337,0.328,,,,,,0.55,0.337,0.328,,1323.0,190.15,0.0,,UNSD,UNSD
ER,Y21,0.321,0.321,,,,,,,0.321,,,,,,,,0.321,,,4.4,0.39,0.0,,UNSD,UNSD
ER,Y22,0.321,0.321,,,,,,,0.321,,,,,,,,0.321,,,4.6,0.41,0.0,,UNSD,UNSD
ER,Y23,0.321,0.321,,,,,,,0.321,,,,,,,,0.321,,,4.9,0.44,0.0,,UNSD,UNSD
ES,Y21,0.455,0.406,0.596,0.334,0.369,,,0.505,0.424,0.302,0.266,0.334,0.369,,,0.505,0.424,0.302,0.266,755.7,95.44,0.0,,UNSD,UNSD
ES,Y22,0.447,0.421,0.594,0.337,0.393,,,0.488,0.418,0.309,0.261,0.337,0.393,,,0.488,0.418,0.309,0.261,909.8,112.95,0.0,,UNSD,UNSD
ES,Y23,0.436,0.403,0.571,0.315,0.369,,,0.483,0.394,0.289,0.259,0.315,0.369,,,0.483,0.394,0.289,0.259,699.6,84.76,0.0,,UNSD,UNSD
ET,Y21,0.151,0.151,,,,,,,0.099,0.321,,,,,,,0.099,0.321,,0.6,0.03,0.0,eta_total;eta_elec_plants;eta_oil,UNSD,UNSD
ET,Y22,0.175,0.175,,,,,,,0.328,0.305,,,,,,,0.328,0.305,,0.2,0.01,0.0,eta_total;eta_elec_plants,UNSD,UNSD
ET,Y23,0.175,0.175,,,,,,,0.328,0.305,,,,,,,0.328,0.305,,0.2,0.01,0.0,eta_total;eta_elec_plants,UNSD,UNSD
FI,Y21,0.772,0.348,0.749,0.793,0.504,0.776,,0.782,0.857,0.779,0.727,0.277,0.36,0.231,,0.308,0.057,0.27,0.158,329.1,23.67,169.0,,UNSD,UNSD
FI,Y22,0.786,0.395,0.767,0.779,0.53,0.741,,0.763,0.881,0.803,0.755,0.284,0.342,0.24,,0.245,0.049,0.27,0.168,300.7,20.69,162.0,,UNSD,UNSD
FI,Y23,0.785,0.379,0.76,0.784,0.534,0.802,,0.78,0.838,0.794,0.75,0.253,0.365,0.185,,0.125,0.069,0.241,0.132,268.3,16.03,152.8,,UNSD,UNSD
FJ,Y21,0.353,0.372,0.172,,,,,,0.374,0.336,,,,,,,0.374,0.336,,4.0,0.39,0.0,eta_chp_total,REVIEW,EMBER(eta)
FJ,Y22,0.383,0.406,0.179,,,,,,0.407,0.351,,,,,,,0.407,0.351,,4.5,0.48,0.0,eta_chp_total,REVIEW,EMBER(eta)
FJ,Y23,0.401,0.424,0.179,,,,,,0.425,0.353,,,,,,,0.425,0.353,,5.2,0.58,0.0,eta_chp_total,REVIEW,EMBER(eta)
FK,Y21,0.382,0.382,,,,,,,0.382,,,,,,,,0.382,,,0.1,0.01,0.0,,EMBER|dtot,EMBER|dtot
FK,Y22,0.389,0.389,,,,,,,0.389,,,,,,,,0.389,,,0.1,0.01,0.0,,EMBER|dtot,EMBER|dtot
FK,Y23,0.366,0.366,,,,,,,0.366,,,,,,,,0.366,,,0.1,0.01,0.0,,EMBER|dtot,EMBER|dtot
FM,Y21,0.342,0.342,,,,,,,0.342,,,,,,,,0.342,,,0.8,0.08,0.0,,,
FM,Y22,0.345,0.345,,,,,,,0.345,,,,,,,,0.345,,,0.8,0.08,0.0,,,
FM,Y23,0.335,0.335,,,,,,,0.335,,,,,,,,0.335,,,0.8,0.08,0.0,,,
FO,Y21,0.428,0.428,,,,,,,0.431,0.32,,,,,,,0.431,0.32,,2.3,0.27,0.0,,REVIEW,UNSD(eta)
FO,Y22,0.419,0.419,,,,,,,0.423,0.32,,,,,,,0.423,0.32,,1.8,0.21,0.0,,REVIEW,UNSD(eta)
FO,Y23,0.422,0.422,,,,,,,0.424,0.32,,,,,,,0.424,0.32,,2.0,0.23,0.0,,REVIEW,UNSD(eta)
FR,Y21,0.577,0.417,0.672,0.399,0.357,,,0.645,0.484,0.645,0.505,0.325,0.357,,,0.407,0.336,0.208,0.156,669.8,58.17,177.3,,UNSD,UNSD
FR,Y22,0.571,0.449,0.648,0.398,0.403,,,0.623,0.477,0.613,0.506,0.318,0.403,,,0.445,0.347,0.202,0.154,726.9,68.13,169.6,,UNSD,UNSD
FR,Y23,0.566,0.431,0.612,0.389,0.353,,,0.628,0.514,0.578,0.483,0.302,0.353,,,0.399,0.375,0.202,0.168,600.9,51.24,155.9,,UNSD,UNSD
GA,Y21,0.303,0.303,,,,,,0.3,0.324,0.113,,,,,,0.3,0.324,0.113,,18.9,1.6,0.0,eta_bio,UNSD,UNSD
GA,Y22,0.339,0.339,,,,,,0.347,0.299,0.211,,,,,,0.347,0.299,0.211,,21.6,2.04,0.0,,UNSD,UNSD
GA,Y23,0.307,0.307,,,,,,0.3,0.324,0.246,,,,,,0.3,0.324,0.246,,19.8,1.68,0.0,,UNSD,UNSD
GB,Y21,0.464,0.45,0.465,0.36,0.207,,,0.496,0.414,0.438,0.345,0.358,0.205,,,0.438,0.328,0.425,0.335,1524.6,178.07,66.2,,UNSD,UNSD
GB,Y22,0.468,0.452,0.477,0.369,0.201,,,0.497,0.557,0.429,0.362,0.367,0.199,,,0.441,0.468,0.414,0.348,1496.4,176.4,64.9,,UNSD,UNSD
GB,Y23,0.47,0.453,0.476,0.36,0.211,,,0.508,0.399,0.436,0.352,0.358,0.209,,,0.44,0.325,0.42,0.338,1270.0,148.21,63.8,,UNSD,UNSD
GD,Y21,0.378,0.378,,,,,,,0.378,,,,,,,,0.378,,,2.2,0.23,0.0,,UNSD,UNSD
GD,Y22,0.386,0.386,,,,,,,0.386,,,,,,,,0.386,,,2.3,0.25,0.0,,UNSD,UNSD
GD,Y23,0.383,0.383,,,,,,,0.383,,,,,,,,0.383,,,2.5,0.26,0.0,,UNSD,UNSD
GE,Y21,0.439,0.439,,,,,,0.439,,,,,,,,0.439,,,,19.5,2.38,0.0,,UNSD,UNSD
GE,Y22,0.412,0.412,,,,,,0.412,,,,,,,,0.412,,,,29.6,3.39,0.0,,UNSD,UNSD
GE,Y23,0.413,0.413,,,,,,0.413,,,,,,,,0.413,,,,30.0,3.45,0.0,,UNSD,UNSD
GG,Y21,0.386,0.386,,,,,,,0.386,,,,,,,,0.386,,,0.3,0.03,0.0,,,
GG,Y22,0.391,0.391,,,,,,,0.391,,,,,,,,0.391,,,0.3,0.03,0.0,,,
GG,Y23,0.389,0.389,,,,,,,0.389,,,,,,,,0.389,,,0.3,0.03,0.0,,,
GH,Y21,0.431,0.431,,,,,,0.438,0.29,,,,,,,0.438,0.29,,,120.4,14.41,0.0,,UNSD,UNSD
GH,Y22,0.377,0.377,,,,,,0.382,0.283,0.3,,,,,,0.382,0.283,0.3,,141.3,14.81,0.0,,UNSD,UNSD
GH,Y23,0.356,0.356,,,,,,0.359,0.275,0.3,,,,,,0.359,0.275,0.3,,151.1,14.93,0.0,,UNSD,UNSD
GI,Y21,0.395,0.395,,,,,,0.4,0.375,,,,,,,0.4,0.375,,,2.0,0.22,0.0,,EMBER,EMBER
GI,Y22,0.396,0.396,,,,,,0.4,0.38,,,,,,,0.4,0.38,,,2.0,0.22,0.0,,EMBER,EMBER
GI,Y23,0.395,0.395,,,,,,0.4,0.375,,,,,,,0.4,0.375,,,2.1,0.23,0.0,,EMBER,EMBER
GL,Y21,0.922,,0.922,,,,,,0.928,,0.861,,,,,,0.395,,0.214,1.3,0.14,0.7,eta_total,REVIEW,EMBER(eta)
GL,Y22,0.991,,0.991,,,,,,0.991,,0.982,,,,,,0.44,,0.254,1.2,0.15,0.7,eta_total;eta_chp_total,REVIEW,EMBER(eta)
GL,Y23,0.947,,0.947,,,,,,0.949,,0.901,,,,,,0.401,,0.322,1.3,0.14,0.7,eta_total,REVIEW,EMBER(eta)
GM,Y21,0.329,0.329,,,,,,,0.329,,,,,,,,0.329,,,5.6,0.51,0.0,,UNSD|dtot,UNSD|dtot
GM,Y22,0.322,0.322,,,,,,,0.322,,,,,,,,0.322,,,6.6,0.59,0.0,,UNSD|dtot,UNSD|dtot
GM,Y23,0.323,0.323,,,,,,,0.323,,,,,,,,0.323,,,7.6,0.68,0.0,,UNSD|dtot,UNSD|dtot
GN,Y21,0.357,0.357,,,,,,,0.357,,,,,,,,0.357,,,4.0,0.4,0.0,,EMBER,EMBER
GN,Y22,0.338,0.338,,,,,,,0.338,,,,,,,,0.338,,,3.5,0.33,0.0,,EMBER,EMBER
GN,Y23,0.316,0.316,,,,,,,0.316,,,,,,,,0.316,,,3.5,0.31,0.0,,EMBER,EMBER
GQ,Y21,0.282,0.282,,,,,,0.281,0.377,,,,,,,0.281,0.377,,,7.7,0.61,0.0,,UNSD|dtot,UNSD|dtot
GQ,Y22,0.286,0.286,,,,,,0.285,0.377,,,,,,,0.285,0.377,,,7.8,0.62,0.0,,UNSD|dtot,UNSD|dtot
GQ,Y23,0.305,0.305,,,,,,0.304,0.377,,,,,,,0.304,0.377,,,7.8,0.66,0.0,,UNSD|dtot,UNSD|dtot
GR,Y21,0.315,0.368,0.196,0.133,,,,0.468,0.35,0.387,0.46,0.122,,,,0.467,0.35,0.387,0.46,383.4,33.05,2.0,eta_chp_total;eta_coal,UNSD,UNSD
GR,Y22,0.307,0.366,0.194,0.142,,,,0.472,0.324,0.374,0.469,0.134,,,,0.47,0.324,0.374,0.469,364.3,30.65,1.5,eta_chp_total;eta_coal,UNSD,UNSD
GR,Y23,0.32,0.365,0.216,0.154,,,,0.469,0.322,0.371,0.42,0.145,,,,0.466,0.322,0.371,0.42,296.4,25.96,1.4,eta_chp_total,UNSD,UNSD
GT,Y21,0.183,0.183,,0.294,,,,,0.4,0.25,,0.294,,,,,0.4,0.25,,129.9,6.59,0.0,eta_total;eta_elec_plants,REVIEW,EMBER(eta)
GT,Y22,0.181,0.181,,0.348,,,,,0.402,0.233,,0.348,,,,,0.402,0.233,,101.1,5.07,0.0,eta_total;eta_elec_plants,REVIEW,EMBER(eta)
GT,Y23,0.184,0.184,,0.31,,,,,0.413,0.212,,0.31,,,,,0.413,0.212,,133.2,6.81,0.0,eta_total;eta_elec_plants,REVIEW,EMBER(eta)
GW,Y21,0.285,0.285,,,,,,,0.285,,,,,,,,0.285,,,2.4,0.19,0.0,,REVIEW|dtot,UNSD(eta)
GW,Y22,0.249,0.249,,,,,,,0.249,,,,,,,,0.249,,,2.6,0.18,0.0,,REVIEW|dtot,UNSD(eta)
GW,Y23,0.241,0.241,,,,,,,0.241,,,,,,,,0.241,,,2.7,0.18,0.0,,REVIEW|dtot,UNSD(eta)
GY,Y21,0.378,0.378,,,,,,0.462,0.382,0.219,,,,,,0.462,0.382,0.219,,10.7,1.12,0.0,,REVIEW,UNSD(eta)
GY,Y22,0.364,0.364,,,,,,0.447,0.367,0.225,,,,,,0.447,0.367,0.225,,12.3,1.25,0.0,,REVIEW,UNSD(eta)
GY,Y23,0.406,0.406,,,,,,0.449,0.41,0.223,,,,,,0.449,0.41,0.223,,11.7,1.32,0.0,,REVIEW,UNSD(eta)
HK,Y21,0.405,0.405,,0.342,,,,0.46,0.438,,,0.342,,,,0.46,0.438,,,329.4,37.07,0.0,,UNSD,UNSD
HK,Y22,0.403,0.403,,0.342,,,,0.456,0.417,,,0.342,,,,0.456,0.417,,,323.5,36.19,0.0,,UNSD,UNSD
HK,Y23,0.408,0.408,,0.342,,,,0.46,0.416,,,0.342,,,,0.46,0.416,,,332.4,37.63,0.0,,UNSD,UNSD
HN,Y21,0.35,0.35,,,,,,,0.43,0.267,,,,,,,0.43,0.267,,50.8,4.94,0.0,,REVIEW,UNSD(eta)
HN,Y22,0.334,0.334,,,,,,,0.397,0.265,,,,,,,0.397,0.265,,56.4,5.23,0.0,,REVIEW,UNSD(eta)
HN,Y23,0.374,0.374,,,,,,,0.442,0.268,,,,,,,0.442,0.268,,62.1,6.45,0.0,,REVIEW,UNSD(eta)
HR,Y21,0.572,0.384,0.619,0.385,,,,0.65,0.589,0.567,,0.385,,,,0.332,0.249,0.259,,62.9,5.68,15.6,,UNSD,UNSD
HR,Y22,0.534,0.391,0.567,0.395,,,,0.603,0.56,0.499,,0.395,,,,0.343,0.251,0.239,,69.3,6.28,14.4,,UNSD,UNSD
HR,Y23,0.525,0.386,0.55,0.388,,,,0.579,0.55,0.493,,0.388,,,,0.341,0.284,0.238,,69.4,6.27,13.9,,UNSD,UNSD
HT,Y21,0.351,0.351,,,,,,,0.351,,,,,,,,0.351,,,8.8,0.86,0.0,,UNSD,UNSD
HT,Y22,0.341,0.341,,,,,,,0.341,,,,,,,,0.341,,,8.8,0.84,0.0,,UNSD,UNSD
HT,Y23,0.377,0.377,,,,,,,0.377,,,,,,,,0.377,,,6.3,0.66,0.0,,UNSD,UNSD
HU,Y21,0.49,0.437,0.442,0.199,0.565,,,0.655,0.363,0.447,0.48,0.185,0.067,,,0.319,0.298,0.29,0.209,206.0,15.3,45.8,,UNSD,UNSD
HU,Y22,0.481,0.436,0.434,0.204,0.547,,,0.646,0.381,0.448,0.506,0.189,0.065,,,0.325,0.323,0.288,0.204,191.8,14.39,40.4,,UNSD,UNSD
HU,Y23,0.499,0.456,0.446,0.209,0.735,,,0.667,0.368,0.478,0.508,0.188,0.049,,,0.315,0.341,0.278,0.213,158.5,11.7,36.9,,UNSD,UNSD
ID,Y21,0.261,0.261,,0.233,,,,0.471,0.241,0.385,,0.233,,,,0.471,0.241,0.385,,3506.9,253.87,0.0,,REVIEW,UNSD(eta)
ID,Y22,0.276,0.276,,0.251,,,,0.476,0.29,0.318,,0.251,,,,0.476,0.29,0.318,,3947.8,302.34,0.0,,REVIEW,UNSD(eta)
ID,Y23,0.312,0.312,,0.291,,,,0.479,0.246,0.615,,0.291,,,,0.479,0.246,0.615,,3834.0,332.5,0.0,,REVIEW,UNSD(eta)
IE,Y21,0.437,0.426,0.576,0.333,,0.209,,0.501,0.348,0.396,0.311,0.333,,0.209,,0.501,0.348,0.396,0.311,172.6,20.97,0.0,,UNSD,UNSD
IE,Y22,0.442,0.43,0.599,0.347,,0.152,,0.493,0.365,0.395,0.305,0.347,,0.152,,0.493,0.365,0.395,0.305,175.5,21.55,0.0,,UNSD,UNSD
IE,Y23,0.448,0.436,0.578,0.319,,0.127,,0.492,0.35,0.373,0.3,0.319,,0.127,,0.492,0.35,0.373,0.3,145.4,18.1,0.0,eta_peat,UNSD,UNSD
IL,Y21,0.478,0.469,0.584,0.36,,,0.255,0.54,0.26,,,0.36,,,0.255,0.54,0.26,,,512.3,68.05,0.0,,UNSD,UNSD
IL,Y22,0.476,0.47,0.548,0.363,,,0.128,0.532,0.281,,,0.363,,,0.128,0.532,0.281,,,524.4,69.35,0.0,eta_oilshale,UNSD,UNSD
IL,Y23,0.49,0.481,0.584,0.36,,,0.128,0.54,0.273,,,0.36,,,0.128,0.54,0.273,,,497.2,67.62,0.0,eta_oilshale,UNSD,UNSD
IM,Y21,0.398,0.398,,,,,,0.441,0.352,,0.206,,,,,0.441,0.352,,0.206,3.2,0.36,0.0,,,
IM,Y22,0.454,0.454,,,,,,0.493,0.291,,0.162,,,,,0.493,0.291,,0.162,4.6,0.59,0.0,,,
IM,Y23,0.419,0.419,,,,,,0.455,0.265,,0.147,,,,,0.455,0.265,,0.147,4.6,0.54,0.0,eta_waste,,
IN,Y21,0.35,0.367,0.0,0.348,0.388,,,0.419,0.333,0.53,,0.348,0.388,,,0.419,0.333,0.53,,12842.6,1247.82,0.0,eta_chp_total,UNSD,UNSD
IN,Y22,0.356,0.375,0.0,0.359,0.381,,,0.408,0.369,0.489,,0.359,0.381,,,0.408,0.369,0.489,,14398.8,1423.0,0.0,eta_chp_total,UNSD,UNSD
IN,Y23,0.334,0.349,0.0,0.337,0.321,,,0.395,0.36,0.382,,0.337,0.321,,,0.395,0.36,0.382,,16701.0,1550.94,0.0,eta_chp_total,UNSD,UNSD
IQ,Y21,0.236,0.236,,,,,,0.235,0.238,,,,,,,0.235,0.238,,,1260.4,82.76,0.0,,REVIEW|dtot,UNSD(eta)
IQ,Y22,0.284,0.284,,,,,,0.284,0.284,,,,,,,0.284,0.284,,,1429.4,112.88,0.0,,REVIEW|dtot,UNSD(eta)
IQ,Y23,0.214,0.214,,,,,,0.214,0.214,,,,,,,0.214,0.214,,,1561.1,93.01,0.0,,REVIEW|dtot,UNSD(eta)
IR,Y21,0.346,0.346,,,0.25,,,0.356,0.301,0.306,,,0.25,,,0.356,0.301,0.306,,3514.8,337.93,0.0,,REVIEW,UNSD(eta)
IR,Y22,0.352,0.352,,,0.25,,,0.364,0.301,0.306,,,0.25,,,0.364,0.301,0.306,,3526.4,344.6,0.0,,REVIEW,UNSD(eta)
IR,Y23,0.352,0.352,,,0.25,,,0.364,0.301,0.306,,,0.25,,,0.364,0.301,0.306,,3687.6,360.6,0.0,,REVIEW,UNSD(eta)
IS,Y21,0.679,0.255,,,,,,,0.679,,,,,,,,0.255,,,0.0,0.0,0.0,,UNSD,UNSD
IS,Y22,1.541,0.259,,,,,,,1.541,,,,,,,,0.148,,,0.1,0.0,0.1,eta_total;eta_oil,UNSD,UNSD
IS,Y23,5.238,0.174,,,,,,,5.238,,,,,,,,0.174,,,0.1,0.0,0.4,eta_total;eta_elec_plants;eta_oil,UNSD,UNSD
IT,Y21,0.474,0.433,0.501,0.35,0.378,,,0.528,0.26,0.419,0.364,0.35,0.317,,,0.465,0.257,0.36,0.235,1629.6,189.13,91.8,,UNSD,UNSD
IT,Y22,0.472,0.429,0.504,0.353,0.397,,,0.535,0.325,0.419,0.357,0.353,0.318,,,0.476,0.318,0.353,0.238,1691.6,198.52,84.3,,UNSD,UNSD
IT,Y23,0.483,0.431,0.511,0.36,0.455,,,0.541,0.302,0.44,0.371,0.36,0.329,,,0.473,0.295,0.361,0.239,1382.5,161.97,84.4,,UNSD,UNSD
JE,Y21,0.154,0.154,,,,,,,0.33,,0.149,,,,,,0.33,,0.149,0.8,0.03,0.0,eta_total;eta_elec_plants;eta_waste,,
JE,Y22,0.19,0.19,,,,,,,0.33,,0.187,,,,,,0.33,,0.187,0.8,0.04,0.0,eta_total;eta_elec_plants,,
JE,Y23,0.193,0.193,,,,,,,0.262,,0.191,,,,,,0.262,,0.191,0.8,0.04,0.0,eta_total;eta_elec_plants,,
JM,Y21,0.428,0.891,0.028,,,,,0.41,0.483,0.5,,,,,,0.41,0.483,0.5,,36.9,4.39,0.0,eta_elec_plants;eta_chp_total,REVIEW,EMBER(eta)
JM,Y22,0.486,0.907,0.0,,,,,0.437,0.555,,,,,,,0.437,0.555,,,33.3,4.49,0.0,eta_elec_plants;eta_chp_total,REVIEW,EMBER(eta)
JM,Y23,0.38,0.681,0.0,,,,,0.323,0.467,,,,,,,0.323,0.467,,,41.0,4.33,0.0,eta_elec_plants;eta_chp_total,REVIEW,EMBER(eta)
JO,Y21,0.383,0.383,,,,,0.284,0.389,0.327,0.3,,,,,0.284,0.389,0.327,0.3,,157.6,16.79,0.0,,REVIEW,UNSD(eta)
JO,Y22,0.368,0.368,,,,,0.284,0.378,0.321,0.3,,,,,0.284,0.378,0.321,0.3,,176.0,18.0,0.0,,REVIEW,UNSD(eta)
JO,Y23,0.377,0.377,,,,,0.318,0.395,0.327,0.3,,,,,0.318,0.395,0.327,0.3,,181.0,18.97,0.0,,REVIEW,UNSD(eta)
JP,Y21,0.42,0.418,,0.376,0.387,,,0.472,0.359,0.463,0.422,0.374,0.387,,,0.468,0.357,0.463,0.422,6681.2,773.73,18.6,,REVIEW,UNSD(eta)
JP,Y22,0.421,0.419,,0.368,0.384,,,0.475,0.373,0.515,0.469,0.366,0.384,,,0.471,0.371,0.515,0.469,6500.4,754.43,18.4,,REVIEW,UNSD(eta)
JP,Y23,0.417,0.415,,0.361,0.372,,,0.47,0.369,0.516,0.472,0.359,0.372,,,0.465,0.361,0.516,0.472,6151.1,707.15,18.6,,REVIEW,UNSD(eta)
KE,Y21,0.293,0.293,,,,,,,0.291,0.3,,,,,,,0.291,0.3,,18.6,1.51,0.0,,UNSD,UNSD
KE,Y22,0.289,0.289,,,,,,,0.284,0.324,,,,,,,0.284,0.324,,23.0,1.85,0.0,,UNSD,UNSD
KE,Y23,0.292,0.292,,,,,,,0.291,0.3,,,,,,,0.291,0.3,,18.6,1.51,0.0,,UNSD,UNSD
KG,Y21,0.628,,0.583,0.593,,,,0.791,0.776,,,0.225,,,,0.133,0.104,,,32.3,1.86,13.6,,UNSD,UNSD
KG,Y22,0.708,,0.648,0.691,,,,0.745,0.823,,,0.287,,,,0.085,0.089,,,29.0,1.95,13.5,,UNSD,UNSD
KG,Y23,0.68,,0.623,0.653,,,,0.736,0.876,,,0.263,,,,0.13,0.137,,,28.3,1.81,12.7,,UNSD,UNSD
KH,Y21,0.371,0.371,,0.383,,,,,0.324,0.194,,0.383,,,,,0.324,0.194,,42.0,4.32,0.0,,UNSD,UNSD
KH,Y22,0.376,0.376,,0.383,,,,,0.324,0.194,,0.383,,,,,0.324,0.194,,36.0,3.76,0.0,,UNSD,UNSD
KH,Y23,0.379,0.379,,0.383,,,,,0.324,0.194,,0.383,,,,,0.324,0.194,,82.4,8.68,0.0,,UNSD,UNSD
KI,Y21,0.387,0.387,,,,,,,0.387,,,,,,,,0.387,,,0.3,0.03,0.0,,REVIEW,UNSD(eta)
KI,Y22,0.385,0.385,,,,,,,0.385,,,,,,,,0.385,,,0.3,0.03,0.0,,REVIEW,UNSD(eta)
KI,Y23,0.385,0.385,,,,,,,0.385,,,,,,,,0.385,,,0.3,0.03,0.0,,REVIEW,UNSD(eta)
KM,Y21,0.291,0.291,,,,,,,0.291,,,,,,,,0.291,,,1.6,0.13,0.0,,UNSD,UNSD
KM,Y22,0.29,0.29,,,,,,,0.29,,,,,,,,0.29,,,1.7,0.14,0.0,,UNSD,UNSD
KM,Y23,0.288,0.288,,,,,,,0.288,,,,,,,,0.288,,,1.8,0.14,0.0,,UNSD,UNSD
KN,Y21,0.386,0.386,,,,,,,0.386,,,,,,,,0.386,,,2.1,0.23,0.0,,UNSD,UNSD
KN,Y22,0.384,0.384,,,,,,,0.384,,,,,,,,0.384,,,2.2,0.23,0.0,,UNSD,UNSD
KN,Y23,0.383,0.383,,,,,,,0.383,,,,,,,,0.383,,,2.2,0.24,0.0,,UNSD,UNSD
KP,Y21,0.271,0.271,,0.277,,,,,0.199,,,0.277,,,,,0.199,,,124.8,9.4,0.0,,UNSD,UNSD
KP,Y22,0.271,0.271,,0.277,,,,,0.199,,,0.277,,,,,0.199,,,130.3,9.8,0.0,,UNSD,UNSD
KP,Y23,0.268,0.268,,0.277,,,,,0.199,,,0.277,,,,,0.199,,,123.4,9.2,0.0,,UNSD,UNSD
KR,Y21,0.471,0.417,0.711,0.386,0.42,,,0.582,0.756,0.463,0.775,0.341,0.42,,,0.505,0.327,0.385,0.107,3865.1,430.02,273.0,,UNSD,UNSD
KR,Y22,0.451,0.392,0.716,0.382,0.374,,,0.541,0.622,0.486,0.775,0.344,0.374,,,0.458,0.269,0.413,0.107,3818.6,405.07,263.4,,UNSD,UNSD
KR,Y23,0.454,0.395,0.703,0.378,0.384,,,0.548,0.837,0.476,0.793,0.336,0.384,,,0.458,0.353,0.409,0.109,3641.5,384.59,269.6,,UNSD,UNSD
KW,Y21,0.39,0.346,,,,,,0.397,0.38,,,,,,,0.397,0.38,,,746.5,80.78,0.0,,REVIEW,UNSD(eta)
KW,Y22,0.403,0.36,,,,,,0.361,0.462,,,,,,,0.361,0.462,,,745.9,83.54,0.0,,REVIEW,UNSD(eta)
KW,Y23,0.372,0.372,,,,,,0.36,0.395,,,,,,,0.36,0.395,,,850.8,88.02,0.0,,REVIEW,UNSD(eta)
KY,Y21,0.402,0.402,,,,,,,0.402,,,,,,,,0.402,,,6.1,0.68,0.0,,UNSD,UNSD
KY,Y22,0.414,0.414,,,,,,,0.414,,,,,,,,0.414,,,6.1,0.7,0.0,,UNSD,UNSD
KY,Y23,0.387,0.387,,,,,,,0.387,,,,,,,,0.387,,,7.0,0.75,0.0,,UNSD,UNSD
KZ,Y21,0.404,0.278,0.496,0.421,,,,0.327,0.654,0.352,,0.175,,,,0.245,0.335,0.013,,1889.2,102.49,393.6,,UNSD,UNSD
KZ,Y22,0.425,0.346,0.376,0.457,,,,0.33,0.366,0.352,,0.194,,,,0.241,0.11,0.014,,1778.3,100.13,394.8,,UNSD,UNSD
KZ,Y23,0.366,0.278,0.344,0.39,,,,0.292,0.422,0.357,,0.16,,,,0.229,0.056,0.006,,2030.7,99.12,386.2,eta_chp_total,UNSD,UNSD
LA,Y21,0.291,0.291,,0.291,,,,,,0.458,,0.291,,,,,,0.458,,170.9,13.8,0.0,,UNSD,UNSD
LA,Y22,0.243,0.243,,0.243,,,,,,0.456,,0.243,,,,,,0.456,,181.1,12.22,0.0,,UNSD,UNSD
LA,Y23,0.194,0.194,,0.194,,,,,,0.456,,0.194,,,,,,0.456,,181.2,9.76,0.0,eta_total;eta_elec_plants,UNSD,UNSD
LB,Y21,0.454,0.454,,,,,,,0.454,,,,,,,,0.454,,,56.3,7.1,0.0,,REVIEW,UNSD(eta)
LB,Y22,0.546,0.546,,,,,,,0.546,,,,,,,,0.546,,,14.0,2.13,0.0,,REVIEW,UNSD(eta)
LB,Y23,0.444,0.444,,,,,,,0.444,,,,,,,,0.444,,,28.0,3.45,0.0,,REVIEW,UNSD(eta)
LC,Y21,0.415,0.415,,,,,,,0.415,,,,,,,,0.415,,,3.3,0.38,0.0,,UNSD,UNSD
LC,Y22,0.41,0.41,,,,,,,0.41,,,,,,,,0.41,,,3.5,0.4,0.0,,UNSD,UNSD
LC,Y23,0.417,0.417,,,,,,,0.417,,,,,,,,0.417,,,3.6,0.42,0.0,,UNSD,UNSD
LI,Y21,0.291,,0.291,,,,,0.332,,0.211,,,,,,0.332,,0.211,,0.0,0.0,0.0,eta_chp_total,,
LI,Y22,0.281,,0.281,,,,,0.324,,0.209,,,,,,0.324,,0.209,,0.0,0.0,0.0,eta_chp_total,,
LI,Y23,0.279,,0.279,,,,,0.324,,0.197,,,,,,0.324,,0.197,,0.0,0.0,0.0,eta_chp_total,,
LK,Y21,0.345,0.345,,0.326,,,,,0.405,0.423,,0.326,,,,,0.405,0.423,,93.0,8.92,0.0,,UNSD,UNSD
LK,Y22,0.356,0.356,,0.328,,,,,0.442,0.421,,0.328,,,,,0.442,0.421,,84.6,8.36,0.0,,UNSD,UNSD
LK,Y23,0.342,0.342,,0.298,,,,,0.432,0.433,,0.298,,,,,0.432,0.433,,84.9,8.06,0.0,,UNSD,UNSD
LR,Y21,0.31,0.31,,,,,,,0.31,,,,,,,,0.31,,,0.9,0.07,0.0,,EMBER,EMBER
LR,Y22,0.279,0.279,,,,,,,0.279,,,,,,,,0.279,,,1.9,0.15,0.0,,EMBER,EMBER
LR,Y23,0.271,0.271,,,,,,,0.271,,,,,,,,0.271,,,1.7,0.13,0.0,,EMBER,EMBER
LS,Y21,0.319,0.319,,,,,,,0.319,,,,,,,,0.319,,,0.0,0.0,0.0,,UNSD,UNSD
LS,Y22,0.325,0.325,,,,,,,0.325,,,,,,,,0.325,,,0.0,0.0,0.0,,UNSD,UNSD
LS,Y23,0.334,0.334,,,,,,,0.334,,,,,,,,0.334,,,0.0,0.0,0.0,,UNSD,UNSD
LT,Y21,0.74,,0.756,0.678,,0.569,,0.689,0.661,0.753,0.841,0.0,,0.0,,0.244,0.276,0.058,0.229,59.4,2.24,35.9,,UNSD,UNSD
LT,Y22,0.812,,0.805,0.683,,0.68,,0.77,0.639,0.832,0.89,0.0,,0.0,,0.21,0.346,0.067,0.249,48.5,1.84,32.8,,UNSD,UNSD
LT,Y23,0.784,,0.786,0.664,,0.656,,0.734,0.645,0.801,0.853,0.0,,0.0,,0.241,0.224,0.064,0.239,48.5,1.74,31.7,,UNSD,UNSD
LU,Y21,0.741,,0.742,,,,,0.712,0.635,0.831,0.365,,,,,0.202,0.001,0.182,0.287,11.3,0.63,6.1,,UNSD,UNSD
LU,Y22,0.74,,0.738,,,,,0.682,0.689,0.846,0.362,,,,,0.15,0.0,0.196,0.287,10.0,0.55,5.4,,UNSD,UNSD
LU,Y23,0.772,,0.774,,,,,0.73,0.629,0.861,0.362,,,,,0.176,0.0,0.198,0.287,8.9,0.51,5.1,,UNSD,UNSD
LV,Y21,0.78,,0.742,0.624,,0.423,,0.768,0.829,0.791,,0.0,,0.075,,0.279,0.0,0.118,,53.8,2.99,31.2,,UNSD,UNSD
LV,Y22,0.791,,0.745,0.559,,0.771,,0.777,0.887,0.798,,0.0,,0.094,,0.249,0.015,0.112,,44.3,2.02,27.8,,UNSD,UNSD
LV,Y23,0.775,,0.734,0.591,,1.08,,0.739,0.911,0.797,,0.0,,0.13,,0.285,0.008,0.099,,42.9,2.08,25.8,eta_peat,UNSD,UNSD
LY,Y21,0.32,0.32,,,,,,0.309,0.363,,,,,,,0.309,0.363,,,391.4,34.78,0.0,,UNSD,UNSD
LY,Y22,0.32,0.32,,,,,,0.309,0.363,,,,,,,0.309,0.363,,,394.8,35.1,0.0,,UNSD,UNSD
LY,Y23,0.321,0.321,,,,,,0.309,0.364,,,,,,,0.309,0.364,,,378.1,33.74,0.0,,UNSD,UNSD
MA,Y21,0.377,0.377,,0.372,,,,0.45,0.338,,,0.372,,,,0.45,0.338,,,316.0,33.12,0.0,,UNSD,UNSD
MA,Y22,0.37,0.37,,0.377,,,,0.4,0.323,,,0.377,,,,0.4,0.323,,,330.0,33.94,0.0,,UNSD,UNSD
MA,Y23,0.383,0.383,,0.379,,,,0.455,0.322,,,0.379,,,,0.455,0.322,,,312.1,33.24,0.0,,UNSD,UNSD
MD,Y21,0.833,0.417,0.837,0.749,,,,0.85,0.783,0.552,,0.0,,,,0.213,0.191,0.15,,16.8,0.98,10.5,,EMBER|dtot,EMBER|dtot
MD,Y22,0.803,0.324,0.811,0.624,,,,0.853,0.739,0.554,,0.0,,,,0.191,0.22,0.092,,14.4,0.76,8.8,,EMBER|dtot,EMBER|dtot
MD,Y23,0.809,0.595,0.822,0.749,,,,0.829,0.811,0.623,,0.0,,,,0.184,0.238,0.083,,13.8,0.74,8.4,,EMBER|dtot,EMBER|dtot
ME,Y21,0.32,0.32,,0.32,,,,,,,,0.32,,,,,,,,16.3,1.44,0.0,,UNSD,UNSD
ME,Y22,0.322,0.322,,0.322,,,,,,,,0.322,,,,,,,,17.3,1.55,0.0,,UNSD,UNSD
ME,Y23,0.302,0.302,,0.302,,,,,,,,0.302,,,,,,,,19.5,1.64,0.0,,UNSD,UNSD
MF,Y21,0.403,0.403,,,,,,,0.403,,,,,,,,0.403,,,1.6,0.18,0.0,,,
MF,Y22,0.421,0.421,,,,,,,0.421,,,,,,,,0.421,,,1.6,0.19,0.0,,,
MF,Y23,0.429,0.429,,,,,,,0.429,,,,,,,,0.429,,,1.6,0.19,0.0,,,
MG,Y21,0.379,0.379,,0.394,,,,,0.383,0.499,,0.394,,,,,0.383,0.499,,13.7,1.44,0.0,,EMBER,EMBER
MG,Y22,0.408,0.408,,0.365,,,,,0.419,0.499,,0.365,,,,,0.419,0.499,,12.3,1.4,0.0,,EMBER,EMBER
MG,Y23,0.346,0.346,,0.357,,,,,0.35,0.466,,0.357,,,,,0.35,0.466,,13.1,1.26,0.0,,EMBER,EMBER
MH,Y21,0.348,0.348,,,,,,,0.348,,,,,,,,0.348,,,0.8,0.08,0.0,,,
MH,Y22,0.338,0.338,,,,,,,0.338,,,,,,,,0.338,,,0.8,0.08,0.0,,,
MH,Y23,0.334,0.334,,,,,,,0.334,,,,,,,,0.334,,,0.8,0.08,0.0,,,
MK,Y21,0.254,0.167,0.531,0.158,,,,0.588,0.323,0.25,,0.158,,,,0.397,0.323,0.25,,66.1,3.93,2.7,eta_elec_plants,UNSD,UNSD
MK,Y22,0.213,0.165,0.548,0.147,,,,0.62,0.338,0.25,,0.147,,,,0.393,0.338,0.25,,83.8,4.39,2.1,eta_elec_plants;eta_coal,UNSD,UNSD
MK,Y23,0.236,0.177,0.526,0.159,,,,0.598,0.347,0.25,,0.159,,,,0.422,0.347,0.25,,81.0,4.74,2.1,eta_elec_plants,UNSD,UNSD
ML,Y21,0.33,0.321,,,,,,,0.333,0.488,,,,,,,0.333,0.488,,26.0,2.38,0.0,,REVIEW,UNSD(eta)
ML,Y22,0.284,0.274,,,,,,,0.285,0.49,,,,,,,0.285,0.49,,29.1,2.3,0.0,,REVIEW,UNSD(eta)
ML,Y23,0.284,0.274,,,,,,,0.285,0.498,,,,,,,0.285,0.498,,29.7,2.34,0.0,,REVIEW,UNSD(eta)
MM,Y21,0.336,0.336,0.0,0.302,,,,0.342,0.148,,,0.302,,,,0.342,0.148,,,132.4,12.35,0.0,eta_chp_total;eta_oil,REVIEW,EMBER(eta)
MM,Y22,0.292,0.292,,0.303,,,,0.29,0.419,,,0.303,,,,0.29,0.419,,,151.5,12.27,0.0,,REVIEW,UNSD(eta)
MM,Y23,0.271,0.271,,0.291,,,,0.266,,,,0.291,,,,0.266,,,,149.9,11.28,0.0,,REVIEW,UNSD(eta)
MN,Y21,0.56,0.575,0.559,0.57,,,,,0.258,,,0.165,,,,,0.251,,,151.4,7.06,59.4,,UNSD,UNSD
MN,Y22,0.562,0.49,0.565,0.571,,,,,0.276,,,0.164,,,,,0.263,,,158.8,7.39,62.7,,UNSD,UNSD
MN,Y23,0.528,0.421,0.532,0.54,,,,,0.21,,,0.156,,,,,0.2,,,176.8,7.72,65.5,,UNSD,UNSD
MO,Y21,0.274,0.274,,,,,,0.339,0.442,,0.211,,,,,0.339,0.442,,0.211,6.5,0.5,0.0,,EMBER,EMBER
MO,Y22,0.29,0.29,,,,,,0.346,0.444,,0.215,,,,,0.346,0.444,,0.215,7.6,0.61,0.0,,EMBER,EMBER
MO,Y23,0.293,0.293,,,,,,0.351,0.45,,0.212,,,,,0.351,0.45,,0.212,8.0,0.65,0.0,,EMBER,EMBER
MP,Y21,0.36,0.36,,,,,,,0.36,,,,,,,,0.36,,,3.0,0.3,0.0,,,
MP,Y22,0.36,0.36,,,,,,,0.36,,,,,,,,0.36,,,3.0,0.3,0.0,,,
MP,Y23,0.36,0.36,,,,,,,0.36,,,,,,,,0.36,,,3.1,0.31,0.0,,,
MR,Y21,0.406,0.406,,,,,,,0.406,,,,,,,,0.406,,,11.0,1.24,0.0,,REVIEW,UNSD(eta)
MR,Y22,0.358,0.358,,,,,,,0.358,,,,,,,,0.358,,,12.7,1.26,0.0,,REVIEW,UNSD(eta)
MR,Y23,0.359,0.359,,,,,,,0.359,,,,,,,,0.359,,,12.0,1.2,0.0,,REVIEW,UNSD(eta)
MS,Y21,0.263,0.263,,,,,,,0.263,,,,,,,,0.263,,,0.2,0.01,0.0,,UNSD|dtot,UNSD|dtot
MS,Y22,0.328,0.328,,,,,,,0.328,,,,,,,,0.328,,,0.1,0.01,0.0,,UNSD|dtot,UNSD|dtot
MS,Y23,0.318,0.318,,,,,,,0.318,,,,,,,,0.318,,,0.1,0.01,0.0,,UNSD|dtot,UNSD|dtot
MT,Y21,0.462,0.462,0.468,,,,,0.465,0.368,0.468,,,,,,0.465,0.368,0.468,,15.3,1.96,0.0,,UNSD,UNSD
MT,Y22,0.459,0.459,0.66,,,,,0.465,0.314,0.66,,,,,,0.465,0.314,0.66,,15.7,2.0,0.0,,UNSD,UNSD
MT,Y23,0.459,0.459,0.542,,,,,0.461,0.279,0.542,,,,,,0.461,0.279,0.542,,16.0,2.04,0.0,,UNSD,UNSD
MU,Y21,0.292,0.292,,0.25,,,,,0.436,0.405,,0.25,,,,,0.436,0.405,,33.5,2.72,0.0,,REVIEW,UNSD(eta)
MU,Y22,0.315,0.315,,0.247,,,,,0.445,0.382,,0.247,,,,,0.445,0.382,,32.3,2.82,0.0,,REVIEW,UNSD(eta)
MU,Y23,0.313,0.313,,0.246,,,,,0.442,0.404,,0.246,,,,,0.442,0.404,,34.7,3.01,0.0,,REVIEW,UNSD(eta)
MV,Y21,0.356,0.356,,,,,,,0.356,,,,,,,,0.356,,,11.6,1.15,0.0,,UNSD|dtot,UNSD|dtot
MV,Y22,0.351,0.351,,,,,,,0.351,,,,,,,,0.351,,,12.1,1.18,0.0,,UNSD|dtot,UNSD|dtot
MV,Y23,0.284,0.284,,,,,,,0.284,,,,,,,,0.284,,,13.9,1.1,0.0,,UNSD|dtot,UNSD|dtot
MW,Y21,0.336,0.336,,,,,,,0.847,0.297,,,,,,,0.847,0.297,,1.8,0.17,0.0,,REVIEW,UNSD(eta)
MW,Y22,0.353,0.353,,,,,,,0.762,0.297,,,,,,,0.762,0.297,,2.0,0.19,0.0,,REVIEW,UNSD(eta)
MW,Y23,0.442,0.442,,,,,,,0.759,0.43,,,,,,,0.759,0.43,,1.5,0.19,0.0,,REVIEW,UNSD(eta)
MX,Y21,0.365,0.384,0.223,0.342,0.307,,,0.375,0.364,0.195,0.465,0.342,0.307,,,0.375,0.364,0.195,0.465,2491.1,252.39,0.0,eta_chp_total,REVIEW,EMBER(eta)
MX,Y22,0.383,0.4,0.217,0.342,0.311,,,0.402,0.352,0.164,0.379,0.342,0.311,,,0.402,0.352,0.164,0.379,2421.8,257.45,0.0,eta_chp_total,REVIEW,EMBER(eta)
MX,Y23,0.387,0.403,0.218,0.342,0.32,,,0.407,0.354,0.217,0.379,0.342,0.32,,,0.407,0.354,0.217,0.379,2728.1,293.64,0.0,eta_chp_total,REVIEW,EMBER(eta)
MY,Y21,0.37,0.37,,0.346,,,,0.416,0.317,0.264,,0.346,,,,0.416,0.317,0.264,,1430.5,146.85,0.0,,UNSD,UNSD
MY,Y22,0.362,0.362,,0.338,,,,0.404,0.288,0.265,,0.338,,,,0.404,0.288,0.265,,1599.4,160.9,0.0,,UNSD,UNSD
MY,Y23,0.364,0.364,,0.342,,,,0.404,0.289,0.264,,0.342,,,,0.404,0.289,0.264,,1559.4,157.67,0.0,,UNSD,UNSD
MZ,Y21,0.408,0.408,,,,,,0.423,0.418,0.325,,,,,,0.423,0.418,0.325,,30.5,3.46,0.0,,UNSD,UNSD
MZ,Y22,0.358,0.358,,,,,,0.365,0.394,0.339,,,,,,0.365,0.394,0.339,,34.0,3.38,0.0,,UNSD,UNSD
MZ,Y23,0.386,0.386,,,,,,0.398,0.392,0.318,,,,,,0.398,0.392,0.318,,31.4,3.36,0.0,,UNSD,UNSD
NA,Y21,0.221,0.221,,0.22,,,,,0.264,,,0.22,,,,,0.264,,,0.7,0.04,0.0,,UNSD,UNSD
NA,Y22,0.182,0.182,,0.175,,,,,0.264,,,0.175,,,,,0.264,,,0.4,0.02,0.0,eta_total;eta_elec_plants,UNSD,UNSD
NA,Y23,0.187,0.187,,0.177,,,,,0.264,,,0.177,,,,,0.264,,,0.7,0.04,0.0,eta_total;eta_elec_plants,UNSD,UNSD
NC,Y21,0.279,0.279,,0.262,,,,,0.299,0.467,,0.262,,,,,0.299,0.467,,29.1,2.26,0.0,,UNSD,UNSD
NC,Y22,0.258,0.258,,0.247,,,,,0.273,0.519,,0.247,,,,,0.273,0.519,,32.5,2.33,0.0,,UNSD,UNSD
NC,Y23,0.298,0.298,,0.25,,,,,0.357,0.461,,0.25,,,,,0.357,0.461,,31.0,2.56,0.0,,UNSD,UNSD
NE,Y21,0.272,0.272,,0.326,,,,0.317,0.245,,,0.326,,,,0.317,0.245,,,8.1,0.61,0.0,,REVIEW|dtot,UNSD(eta)
NE,Y22,0.28,0.28,,0.362,,,,0.329,0.21,,,0.362,,,,0.329,0.21,,,8.3,0.64,0.0,,REVIEW|dtot,UNSD(eta)
NE,Y23,0.328,0.328,,0.279,,,,0.137,0.374,,,0.279,,,,0.137,0.374,,,11.7,1.07,0.0,eta_gas,REVIEW|dtot,EMBER(eta)
NG,Y21,0.348,0.348,,,,,,0.348,,,,,,,,0.348,,,,290.1,28.05,0.0,,UNSD,UNSD
NG,Y22,0.348,0.348,,,,,,0.348,,,,,,,,0.348,,,,305.5,29.51,0.0,,UNSD,UNSD
NG,Y23,0.348,0.348,,,,,,0.348,,,,,,,,0.348,,,,327.3,31.64,0.0,,UNSD,UNSD
NI,Y21,0.287,0.287,,,,,,,0.386,0.209,,,,,,,0.386,0.209,,27.6,2.2,0.0,,UNSD,UNSD
NI,Y22,0.274,0.274,,,,,,,0.371,0.195,,,,,,,0.371,0.195,,29.8,2.27,0.0,,UNSD,UNSD
NI,Y23,0.275,0.275,,,,,,,0.33,0.211,,,,,,,0.33,0.211,,34.1,2.61,0.0,,UNSD,UNSD
NL,Y21,0.556,0.474,0.601,0.443,0.422,,,0.617,0.658,0.539,0.433,0.429,0.408,,,0.487,0.25,0.349,0.201,750.2,88.31,99.0,,UNSD,UNSD
NL,Y22,0.548,0.468,0.594,0.437,0.404,,,0.619,0.69,0.521,0.425,0.425,0.397,,,0.481,0.24,0.341,0.202,685.1,78.54,92.6,,UNSD,UNSD
NL,Y23,0.552,0.468,0.589,0.43,0.41,,,0.615,0.721,0.479,0.43,0.42,0.392,,,0.478,0.268,0.3,0.201,594.9,67.6,85.3,,UNSD,UNSD
NO,Y21,0.647,0.505,0.564,0.692,0.529,,,0.34,0.349,0.667,0.864,0.228,0.515,,,0.238,0.235,0.009,0.091,38.6,1.29,20.4,,UNSD,UNSD
NO,Y22,0.692,0.349,0.658,0.568,0.356,,,0.545,0.395,0.701,0.868,0.199,0.345,,,0.51,0.213,0.01,0.1,39.2,1.92,20.3,,UNSD,UNSD
NO,Y23,0.744,0.541,0.724,0.544,0.555,,,0.632,0.842,0.708,0.863,0.164,0.523,,,0.587,0.055,0.01,0.101,39.5,2.14,21.7,,UNSD,UNSD
NP,Y21,0.368,0.368,,,,,,,0.368,,,,,,,,0.368,,,0.0,0.0,0.0,,UNSD,UNSD
NP,Y22,0.368,0.368,,,,,,,0.368,,,,,,,,0.368,,,0.0,0.0,0.0,,UNSD,UNSD
NR,Y21,0.393,0.393,,,,,,,0.393,,,,,,,,0.393,,,0.4,0.04,0.0,,REVIEW,UNSD(eta)
NR,Y22,0.37,0.37,,,,,,,0.37,,,,,,,,0.37,,,0.4,0.04,0.0,,REVIEW,UNSD(eta)
NR,Y23,0.371,0.371,,,,,,,0.371,,,,,,,,0.371,,,0.4,0.04,0.0,,REVIEW,UNSD(eta)
NU,Y21,0.356,0.356,,,,,,,0.356,,,,,,,,0.356,,,0.0,0.0,0.0,,,
NU,Y22,0.353,0.353,,,,,,,0.353,,,,,,,,0.353,,,0.0,0.0,0.0,,,
NU,Y23,0.363,0.363,,,,,,,0.363,,,,,,,,0.363,,,0.0,0.0,0.0,,,
NZ,Y21,0.345,0.439,0.207,0.397,0.3,,,0.417,0.322,0.146,,0.397,0.3,,,0.417,0.322,0.146,,94.2,9.04,0.0,eta_chp_total;eta_bio,UNSD,UNSD
NZ,Y22,0.319,0.433,0.198,0.374,0.3,,,0.394,0.3,0.143,,0.374,0.3,,,0.394,0.3,0.143,,75.3,6.68,0.0,eta_chp_total;eta_bio,UNSD,UNSD
NZ,Y23,0.304,0.402,0.187,0.38,0.3,,,0.368,0.321,0.139,,0.38,0.3,,,0.368,0.321,0.139,,73.7,6.22,0.0,eta_chp_total;eta_bio,UNSD,UNSD
OM,Y21,0.471,0.471,,,,,,0.474,0.406,,,,,,,0.474,0.406,,,313.1,40.99,0.0,,UNSD,UNSD
OM,Y22,0.495,0.495,,,,,,0.499,0.401,,,,,,,0.499,0.401,,,309.0,42.51,0.0,,UNSD,UNSD
OM,Y23,0.474,0.474,,,,,,0.475,0.41,,,,,,,0.475,0.41,,,341.9,45.01,0.0,,UNSD,UNSD
PA,Y21,0.313,0.328,0.034,0.344,,,,0.29,0.48,0.068,0.245,0.344,,,,0.29,0.48,0.068,0.245,52.0,4.52,0.0,eta_chp_total;eta_bio,REVIEW,EMBER(eta)
PA,Y22,0.381,0.4,0.07,0.346,,,,0.496,0.45,0.14,0.24,0.346,,,,0.496,0.45,0.14,0.24,44.9,4.74,0.0,eta_chp_total;eta_bio,REVIEW,EMBER(eta)
PA,Y23,0.409,0.424,0.069,0.358,,,,0.49,0.429,0.138,0.236,0.358,,,,0.49,0.429,0.138,0.236,58.3,6.63,0.0,eta_chp_total;eta_bio,REVIEW,EMBER(eta)
PE,Y21,0.407,0.407,,0.415,,,,0.432,0.407,0.212,,0.415,,,,0.432,0.407,0.212,,202.2,22.85,0.0,,UNSD,UNSD
PE,Y22,0.416,0.416,,0.314,,,,0.439,0.455,0.219,,0.314,,,,0.439,0.455,0.219,,235.6,27.22,0.0,,UNSD,UNSD
PE,Y23,0.412,0.412,,0.405,,,,0.434,0.445,0.233,,0.405,,,,0.434,0.445,0.233,,259.2,29.67,0.0,,UNSD,UNSD
PF,Y21,0.386,0.386,,,,,,,0.386,,,,,,,,0.386,,,4.5,0.48,0.0,,UNSD,UNSD
PF,Y22,0.389,0.389,,,,,,,0.389,,,,,,,,0.389,,,4.0,0.44,0.0,,UNSD,UNSD
PF,Y23,0.393,0.393,,,,,,,0.393,,,,,,,,0.393,,,4.5,0.49,0.0,,UNSD,UNSD
PG,Y21,0.317,0.317,,,,,,0.397,0.287,0.384,,,,,,0.397,0.287,0.384,,37.9,3.34,0.0,,REVIEW,UNSD(eta)
PG,Y22,0.371,0.371,,,,,,0.485,0.326,0.435,,,,,,0.485,0.326,0.435,,38.2,3.94,0.0,,REVIEW,UNSD(eta)
PG,Y23,0.354,0.354,,,,,,0.493,0.297,0.457,,,,,,0.493,0.297,0.457,,40.1,3.95,0.0,,REVIEW,UNSD(eta)
PH,Y21,0.351,0.351,,0.319,,,,0.536,0.327,0.633,0.201,0.319,,,,0.536,0.327,0.633,0.201,863.5,84.17,0.0,,UNSD,UNSD
PH,Y22,0.356,0.356,,0.333,,,,0.537,0.248,0.51,0.144,0.333,,,,0.537,0.248,0.51,0.144,892.4,88.15,0.0,eta_waste,UNSD,UNSD
PH,Y23,0.326,0.326,,0.308,,,,0.513,0.153,0.512,0.143,0.308,,,,0.513,0.153,0.512,0.143,1029.5,93.13,0.0,eta_waste,UNSD,UNSD
PK,Y21,0.247,0.247,,0.195,,,,0.3,0.223,0.3,,0.195,,,,0.3,0.223,0.3,,935.5,64.21,0.0,,EMBER,EMBER
PK,Y22,0.299,0.299,,0.182,,,,0.428,0.336,0.295,,0.182,,,,0.428,0.336,0.295,,788.5,65.44,0.0,,EMBER,EMBER
PK,Y23,0.298,0.298,,0.231,,,,0.374,0.336,0.279,,0.231,,,,0.374,0.336,0.279,,831.1,68.85,0.0,,EMBER,EMBER
PL,Y21,0.428,0.335,0.405,0.397,0.562,,,0.632,0.651,0.585,0.624,0.265,0.225,,,0.398,0.379,0.327,0.242,2030.6,156.28,307.3,,UNSD,UNSD
PL,Y22,0.416,0.335,0.393,0.384,0.528,,,0.665,0.661,0.603,0.61,0.262,0.213,,,0.367,0.395,0.33,0.22,1971.4,148.58,285.6,,UNSD,UNSD
PL,Y23,0.442,0.361,0.419,0.401,0.549,,,0.656,0.647,0.601,0.639,0.264,0.215,,,0.393,0.396,0.331,0.23,1647.0,127.85,267.9,,UNSD,UNSD
PM,Y21,0.463,0.346,0.484,,,,,,0.463,,,,,,,,0.376,,,0.5,0.05,0.0,,UNSD,UNSD
PM,Y22,0.497,0.404,0.514,,,,,,0.497,,,,,,,,0.392,,,0.5,0.05,0.0,,UNSD,UNSD
PM,Y23,0.455,0.363,0.472,,,,,,0.455,,,,,,,,0.364,,,0.5,0.05,0.0,,UNSD,UNSD
PS,Y21,0.398,0.398,,,,,,,0.398,,,,,,,,0.398,,,6.3,0.69,0.0,,UNSD,UNSD
PS,Y22,0.4,0.4,,,,,,,0.4,,,,,,,,0.4,,,6.1,0.68,0.0,,UNSD,UNSD
PS,Y23,0.389,0.389,,,,,,,0.389,,,,,,,,0.389,,,5.2,0.56,0.0,,UNSD,UNSD
PT,Y21,0.478,0.432,0.558,0.355,,,,0.557,0.433,0.315,0.251,0.355,,,,0.43,0.415,0.315,0.251,199.9,21.89,16.7,,UNSD,UNSD
PT,Y22,0.475,0.447,0.542,,,,,0.544,0.446,0.314,0.221,,,,,0.461,0.433,0.314,0.221,198.9,23.01,11.5,,UNSD,UNSD
PT,Y23,0.454,0.42,0.522,,,,,0.553,0.417,0.303,0.232,,,,,0.44,0.412,0.303,0.232,145.5,15.66,9.7,,UNSD,UNSD
PW,Y21,0.346,0.346,,,,,,,0.346,,,,,,,,0.346,,,1.0,0.09,0.0,,,
PW,Y22,0.339,0.339,,,,,,,0.339,,,,,,,,0.339,,,1.0,0.09,0.0,,,
PW,Y23,0.316,0.316,,,,,,,0.316,,,,,,,,0.316,,,1.1,0.09,0.0,,,
PY,Y21,0.607,0.313,0.612,,,,,,0.313,0.905,,,,,,,0.313,0.905,,1.4,0.23,0.0,,UNSD,UNSD
PY,Y22,0.609,0.314,0.612,,,,,,0.314,0.905,,,,,,,0.314,0.905,,1.4,0.23,0.0,,UNSD,UNSD
PY,Y23,0.609,0.305,0.612,,,,,,0.305,0.905,,,,,,,0.305,0.905,,1.4,0.23,0.0,,UNSD,UNSD
QA,Y21,0.382,0.382,,,,,,0.382,,,,,,,,0.382,,,,487.1,51.64,0.0,,UNSD,UNSD
QA,Y22,0.38,0.38,,,,,,0.38,,,,,,,,0.38,,,,512.5,54.03,0.0,,UNSD,UNSD
QA,Y23,0.381,0.381,,,,,,0.381,,,,,,,,0.381,,,,513.1,54.37,0.0,,UNSD,UNSD
RO,Y21,0.398,0.252,0.634,0.227,0.374,,,0.668,0.55,0.607,0.742,0.183,0.24,,,0.296,0.272,0.234,0.007,353.5,22.16,61.0,,UNSD,UNSD
RO,Y22,0.366,0.239,0.573,0.216,0.37,,,0.616,0.633,0.581,0.911,0.171,0.234,,,0.3,0.395,0.246,0.002,351.4,21.57,51.0,,UNSD,UNSD
RO,Y23,0.38,0.237,0.558,0.202,0.438,,,0.611,0.705,0.633,0.952,0.169,0.206,,,0.292,0.293,0.236,0.003,300.1,18.37,48.0,,UNSD,UNSD
RS,Y21,0.269,0.203,0.32,0.215,0.604,,,0.742,0.803,0.695,0.73,0.2,0.053,,,0.097,0.01,0.406,0.73,476.0,25.15,37.5,eta_chp_total,UNSD,UNSD
RS,Y22,0.263,0.203,0.323,0.213,0.599,,,0.689,0.862,0.679,0.842,0.2,0.056,,,0.132,0.016,0.365,0.842,472.8,25.27,33.5,eta_chp_total,UNSD,UNSD
RS,Y23,0.276,0.211,0.347,0.221,0.636,,,0.714,0.907,0.694,1.732,0.208,0.056,,,0.17,0.019,0.383,1.732,457.0,25.83,33.2,eta_chp_total;eta_waste,UNSD,UNSD
RU,Y21,0.572,0.2,0.544,0.534,0.603,0.517,,0.572,0.717,0.889,0.86,0.223,0.213,0.141,,0.184,0.119,0.01,0.074,13554.0,713.69,5179.1,,UNSD,UNSD
RU,Y22,0.574,0.211,0.545,0.512,0.598,0.415,,0.586,0.704,0.889,0.86,0.213,0.206,0.141,,0.191,0.127,0.012,0.074,13386.5,719.87,5087.8,,UNSD,UNSD
RU,Y23,0.554,0.203,0.526,0.507,0.594,0.407,,0.56,0.704,0.883,0.86,0.211,0.203,0.141,,0.183,0.127,0.013,0.074,14132.3,734.5,5191.2,,UNSD,UNSD
RW,Y21,0.43,0.43,,,,0.246,,0.565,0.352,0.397,,,,0.246,,0.565,0.352,0.397,,4.1,0.49,0.0,,REVIEW,UNSD(eta)
RW,Y22,0.325,0.325,,,,0.243,,0.41,0.33,0.397,,,,0.243,,0.41,0.33,0.397,,5.9,0.53,0.0,,REVIEW,UNSD(eta)
RW,Y23,0.295,0.295,,,,0.243,,0.367,0.292,0.397,,,,0.243,,0.367,0.292,0.397,,6.8,0.55,0.0,,REVIEW,UNSD(eta)
SA,Y21,0.318,0.318,,,,,,0.354,0.265,,,,,,,0.354,0.265,,,4280.0,377.68,0.0,,REVIEW,UNSD(eta)
SA,Y22,0.366,0.366,,,,,,0.44,0.256,,,,,,,0.44,0.256,,,4274.7,435.13,0.0,,REVIEW,UNSD(eta)
SA,Y23,0.359,0.359,,,,,,0.421,0.259,,,,,,,0.421,0.259,,,4404.0,438.73,0.0,,REVIEW,UNSD(eta)
SB,Y21,0.26,0.26,,,,,,,0.259,0.279,,,,,,,0.259,0.279,,1.6,0.11,0.0,,UNSD,UNSD
SB,Y22,0.254,0.254,,,,,,,0.253,0.273,,,,,,,0.253,0.273,,1.6,0.11,0.0,,UNSD,UNSD
SB,Y23,0.253,0.253,,,,,,,0.252,0.291,,,,,,,0.252,0.291,,1.7,0.12,0.0,,UNSD,UNSD
SC,Y21,0.385,0.385,,,,,,,0.385,,,,,,,,0.385,,,4.8,0.52,0.0,,REVIEW,UNSD(eta)
SC,Y22,0.382,0.382,,,,,,,0.382,,,,,,,,0.382,,,5.0,0.53,0.0,,REVIEW,UNSD(eta)
SC,Y23,0.385,0.385,,,,,,,0.385,,,,,,,,0.385,,,5.1,0.55,0.0,,REVIEW,UNSD(eta)
SD,Y21,0.35,0.354,0.2,,,,,,0.354,0.398,,,,,,,0.354,0.398,,68.9,6.69,0.0,eta_chp_total,REVIEW,EMBER(eta)
SD,Y22,0.432,0.444,0.199,,,,,,0.444,0.398,,,,,,,0.444,0.398,,40.3,4.84,0.0,eta_chp_total,REVIEW,EMBER(eta)
SD,Y23,0.338,0.35,0.162,,,,,,0.35,0.324,,,,,,,0.35,0.324,,32.4,3.04,0.0,eta_chp_total,REVIEW,EMBER(eta)
SE,Y21,0.804,0.345,0.791,0.89,0.807,0.638,,0.838,0.718,0.792,0.843,0.192,0.264,0.133,,0.179,0.212,0.201,0.163,302.0,16.14,184.6,,UNSD,UNSD
SE,Y22,0.804,0.37,0.794,0.886,0.796,0.661,,0.824,0.663,0.798,0.834,0.199,0.276,0.144,,0.174,0.25,0.212,0.164,286.5,16.02,172.6,,UNSD,UNSD
SE,Y23,0.807,0.36,0.784,0.859,0.788,0.645,,0.827,0.778,0.8,0.829,0.198,0.272,0.15,,0.127,0.159,0.222,0.14,255.2,14.02,155.5,,UNSD,UNSD
SG,Y21,0.48,0.48,,0.206,,,,0.515,0.123,0.599,0.194,0.206,,,,0.515,0.123,0.599,0.194,418.4,55.79,0.0,eta_oil,UNSD,UNSD
SG,Y22,0.491,0.491,,0.22,,,,0.537,0.038,0.599,0.207,0.22,,,,0.537,0.038,0.599,0.207,418.6,57.11,0.0,eta_oil,UNSD,UNSD
SG,Y23,0.482,0.482,,0.18,,,,0.514,0.116,0.552,0.212,0.18,,,,0.514,0.116,0.552,0.212,428.2,57.39,0.0,eta_oil,UNSD,UNSD
SH,Y21,0.419,0.419,,,,,,,0.419,,,,,,,,0.419,,,0.1,0.01,0.0,,EMBER,EMBER
SH,Y22,0.398,0.398,,,,,,,0.398,,,,,,,,0.398,,,0.1,0.01,0.0,,EMBER,EMBER
SH,Y23,0.403,0.403,,,,,,,0.403,,,,,,,,0.403,,,0.1,0.01,0.0,,EMBER,EMBER
SI,Y21,0.525,0.34,0.513,0.468,,,,0.723,0.477,0.761,0.46,0.353,,,,0.265,0.261,0.253,0.093,51.5,4.72,10.1,,UNSD,UNSD
SI,Y22,0.548,0.332,0.535,0.494,,,,0.68,0.599,0.753,0.44,0.367,,,,0.296,0.18,0.238,0.097,42.3,3.96,8.9,,UNSD,UNSD
SI,Y23,0.533,0.273,0.515,0.461,,,,0.752,0.7,0.723,0.426,0.369,,,,0.265,0.136,0.269,0.087,42.1,3.96,8.2,,UNSD,UNSD
SK,Y21,0.59,0.518,0.568,0.462,0.658,,,0.657,0.65,0.576,0.335,0.284,0.621,,,0.302,0.503,0.275,0.249,106.1,9.0,30.2,,UNSD,UNSD
SK,Y22,0.582,0.403,0.554,0.44,0.654,,,0.707,0.619,0.544,0.347,0.271,0.61,,,0.229,0.519,0.246,0.2,84.3,6.25,26.5,,UNSD,UNSD
SK,Y23,0.57,0.388,0.559,0.431,0.671,,,0.657,0.625,0.545,0.37,0.25,0.631,,,0.242,0.447,0.244,0.219,80.0,5.88,24.4,,UNSD,UNSD
SL,Y21,0.315,0.321,0.153,,,,,,0.321,0.191,,,,,,,0.321,0.191,,2.6,0.22,0.0,eta_chp_total,EMBER|dtot,EMBER|dtot
SL,Y22,0.319,0.323,0.189,,,,,,0.323,0.227,,,,,,,0.323,0.227,,3.0,0.27,0.0,eta_chp_total,EMBER|dtot,EMBER|dtot
SL,Y23,0.331,0.334,0.255,,,,,,0.338,0.219,,,,,,,0.338,0.219,,2.7,0.25,0.0,eta_chp_total,EMBER|dtot,EMBER|dtot
SN,Y21,0.386,0.386,,0.206,,,,0.296,0.44,0.232,,0.206,,,,0.296,0.44,0.232,,50.3,5.39,0.0,,REVIEW,UNSD(eta)
SN,Y22,0.431,0.431,,0.22,,,,0.306,0.502,0.256,,0.22,,,,0.306,0.502,0.256,,54.5,6.52,0.0,,REVIEW,UNSD(eta)
SN,Y23,0.473,0.473,,0.22,,,,0.307,0.502,0.256,,0.22,,,,0.307,0.502,0.256,,52.6,6.91,0.0,,REVIEW,UNSD(eta)
SO,Y21,0.331,0.331,,,,,,,0.331,,,,,,,,0.331,,,5.3,0.49,0.0,,REVIEW|dtot,UNSD(eta)
SO,Y22,0.331,0.331,,,,,,,0.331,,,,,,,,0.331,,,5.4,0.49,0.0,,REVIEW|dtot,UNSD(eta)
SO,Y23,0.332,0.332,,,,,,,0.332,,,,,,,,0.332,,,5.6,0.52,0.0,,REVIEW|dtot,UNSD(eta)
SR,Y21,0.296,0.296,,,,,,0.334,0.295,,,,,,,0.334,0.295,,,8.9,0.73,0.0,,EMBER,EMBER
SR,Y22,0.277,0.277,,,,,,0.329,0.276,,,,,,,0.329,0.276,,,15.0,1.16,0.0,,EMBER,EMBER
SR,Y23,0.26,0.26,,,,,,0.314,0.259,,,,,,,0.314,0.259,,,11.9,0.86,0.0,,EMBER,EMBER
SS,Y21,0.313,0.313,,,,,,,0.313,,,,,,,,0.313,,,6.3,0.55,0.0,,UNSD,UNSD
SS,Y22,0.313,0.313,,,,,,,0.313,,,,,,,,0.313,,,5.8,0.5,0.0,,UNSD,UNSD
SS,Y23,0.23,0.23,,,,,,,0.23,,,,,,,,0.23,,,10.8,0.69,0.0,,UNSD,UNSD
ST,Y21,0.347,0.347,,,,,,,0.347,,,,,,,,0.347,,,1.0,0.1,0.0,,REVIEW,UNSD(eta)
ST,Y22,0.347,0.347,,,,,,,0.347,,,,,,,,0.347,,,1.1,0.11,0.0,,REVIEW,UNSD(eta)
ST,Y23,0.353,0.353,,,,,,,0.353,,,,,,,,0.353,,,1.1,0.11,0.0,,REVIEW,UNSD(eta)
SV,Y21,0.297,0.158,,,,,,0.006,0.506,0.4,0.199,,,,,0.006,0.506,0.4,0.199,22.9,1.89,0.0,eta_elec_plants;eta_gas,EMBER|dtot,EMBER|dtot
SV,Y22,0.324,0.221,,,,,,0.455,0.575,0.374,0.191,,,,,0.455,0.575,0.374,0.191,27.9,2.51,0.0,,EMBER|dtot,EMBER|dtot
SV,Y23,0.292,0.222,,,,,,0.319,0.431,0.419,0.156,,,,,0.319,0.431,0.419,0.156,39.9,3.24,0.0,,EMBER|dtot,EMBER|dtot
SX,Y21,0.4,0.4,,,,,,,0.4,,,,,,,,0.4,,,2.6,0.29,0.0,,,
SX,Y22,0.399,0.399,,,,,,,0.399,,,,,,,,0.399,,,2.6,0.29,0.0,,,
SX,Y23,0.402,0.402,,,,,,,0.402,,,,,,,,0.402,,,2.7,0.3,0.0,,,
SY,Y21,0.403,0.403,,,,,,0.405,0.4,,,,,,,0.405,0.4,,,215.6,24.15,0.0,,EMBER,EMBER
SY,Y22,0.406,0.406,,,,,,0.405,0.407,,,,,,,0.405,0.407,,,202.9,22.87,0.0,,EMBER,EMBER
SY,Y23,0.406,0.406,,,,,,0.405,0.407,,,,,,,0.405,0.407,,,214.0,24.13,0.0,,EMBER,EMBER
SZ,Y21,0.463,0.092,0.499,0.136,,,,,,1.038,,0.136,,,,,,1.038,,2.9,0.37,0.0,eta_elec_plants;eta_coal;eta_bio,EMBER|dtot,EMBER|dtot
SZ,Y22,0.412,0.301,0.419,0.14,,,,,,0.925,,0.14,,,,,,0.925,,2.9,0.33,0.0,eta_coal,EMBER|dtot,EMBER|dtot
SZ,Y23,0.358,0.277,0.363,0.14,,,,,,0.781,,0.14,,,,,,0.781,,3.3,0.32,0.0,eta_coal,EMBER|dtot,EMBER|dtot
TC,Y21,0.351,0.351,,,,,,,0.351,,,,,,,,0.351,,,2.9,0.28,0.0,,UNSD,UNSD
TC,Y22,0.378,0.378,,,,,,,0.378,,,,,,,,0.378,,,2.9,0.3,0.0,,UNSD,UNSD
TC,Y23,0.386,0.386,,,,,,,0.386,,,,,,,,0.386,,,2.8,0.3,0.0,,UNSD,UNSD
TD,Y21,0.433,0.433,,,,,,,0.433,,,,,,,,0.433,,,2.7,0.33,0.0,,UNSD,UNSD
TD,Y22,0.433,0.433,,,,,,,0.433,,,,,,,,0.433,,,2.7,0.33,0.0,,UNSD,UNSD
TD,Y23,0.433,0.433,,,,,,,0.433,,,,,,,,0.433,,,2.7,0.33,0.0,,UNSD,UNSD
TG,Y21,0.285,0.285,,,,,,0.294,0.17,0.069,,,,,,0.294,0.17,0.069,,6.1,0.48,0.0,eta_bio,REVIEW,EMBER(eta)
TG,Y22,0.334,0.334,,,,,,0.345,0.123,0.072,,,,,,0.345,0.123,0.072,,7.0,0.65,0.0,eta_oil;eta_bio,REVIEW,EMBER(eta)
TG,Y23,0.334,0.334,,,,,,0.345,0.122,0.08,,,,,,0.345,0.122,0.08,,5.7,0.53,0.0,eta_oil;eta_bio,REVIEW,EMBER(eta)
TH,Y21,0.34,0.338,,0.402,,,,0.38,0.151,0.22,0.064,0.402,,,,0.38,0.151,0.22,0.064,1852.3,174.97,0.0,eta_waste,UNSD,UNSD
TH,Y22,0.354,0.353,,0.408,,,,0.452,0.178,0.194,0.02,0.408,,,,0.452,0.178,0.194,0.02,1874.5,184.53,0.0,eta_waste,UNSD,UNSD
TH,Y23,0.384,0.382,,0.423,,,,0.478,0.283,0.202,0.066,0.423,,,,0.478,0.283,0.202,0.066,1904.7,203.1,0.0,eta_waste,UNSD,UNSD
TJ,Y21,0.446,,0.446,0.446,,,,,,,,0.275,,,,,,,,21.7,1.66,3.7,,UNSD,UNSD
TJ,Y22,0.342,,0.342,0.342,,,,,,,,0.202,,,,,,,,26.3,1.48,3.7,eta_chp_total,UNSD,UNSD
TJ,Y23,0.292,,0.292,0.292,,,,,,,,0.172,,,,,,,,25.6,1.23,3.1,eta_chp_total,UNSD,UNSD
TL,Y21,0.407,0.407,,,,,,,0.407,,,,,,,,0.407,,,4.5,0.51,0.0,,UNSD,UNSD
TL,Y22,0.404,0.404,,,,,,,0.404,,,,,,,,0.404,,,4.6,0.52,0.0,,UNSD,UNSD
TL,Y23,0.466,0.466,,,,,,,0.466,,,,,,,,0.466,,,4.1,0.53,0.0,,UNSD,UNSD
TM,Y21,0.268,,0.268,,,,,0.268,,,,,,,,0.236,,,,433.1,28.39,13.7,eta_chp_total,UNSD,UNSD
TM,Y22,0.301,,0.301,,,,,0.301,,,,,,,,0.266,,,,441.4,32.59,15.7,eta_chp_total,UNSD,UNSD
TM,Y23,0.292,,0.292,,,,,0.292,,,,,,,,0.257,,,,456.1,32.59,15.7,eta_chp_total,UNSD,UNSD
TN,Y21,0.41,0.402,0.884,,,,,0.41,0.204,,,,,,,0.41,0.204,,,184.5,21.0,0.0,,UNSD,UNSD
TN,Y22,0.436,0.428,0.885,,,,,0.437,0.193,,,,,,,0.437,0.193,,,169.6,20.55,0.0,,UNSD,UNSD
TN,Y23,0.436,0.424,1.147,,,,,0.437,0.192,,,,,,,0.437,0.192,,,168.8,20.44,0.0,eta_chp_total,UNSD,UNSD
TO,Y21,0.399,0.399,,,,,,,0.399,,,,,,,,0.399,,,0.6,0.07,0.0,,UNSD,UNSD
TO,Y22,0.404,0.404,,,,,,,0.404,,,,,,,,0.404,,,0.6,0.07,0.0,,UNSD,UNSD
TO,Y23,0.393,0.393,,,,,,,0.393,,,,,,,,0.393,,,0.6,0.07,0.0,,UNSD,UNSD
TR,Y21,0.362,0.34,0.742,0.258,0.213,,,0.55,0.914,0.405,0.234,0.256,0.213,,,0.51,0.302,0.319,0.234,2323.5,221.31,43.4,,UNSD,UNSD
TR,Y22,0.336,0.314,0.744,0.258,0.215,,,0.554,0.499,0.405,0.289,0.256,0.215,,,0.504,0.33,0.324,0.289,2231.0,197.26,39.3,,UNSD,UNSD
TR,Y23,0.358,0.339,0.728,0.294,0.213,,,0.552,0.575,0.353,0.284,0.292,0.213,,,0.506,0.323,0.296,0.284,2089.2,198.58,33.8,,UNSD,UNSD
TT,Y21,0.333,0.333,,,,,,0.333,0.407,,,,,,,0.333,0.407,,,100.1,9.26,0.0,,UNSD,UNSD
TT,Y22,0.325,0.325,,,,,,0.325,0.368,,,,,,,0.325,0.368,,,106.0,9.57,0.0,,UNSD,UNSD
TT,Y23,0.32,0.32,,,,,,0.318,0.861,,,,,,,0.318,0.861,,,107.1,9.51,0.0,,UNSD,UNSD
TV,Y21,0.373,0.373,,,,,,,0.373,,,,,,,,0.373,,,0.1,0.01,0.0,,,
TV,Y22,0.374,0.374,,,,,,,0.374,,,,,,,,0.374,,,0.1,0.01,0.0,,,
TV,Y23,0.379,0.379,,,,,,,0.379,,,,,,,,0.379,,,0.1,0.01,0.0,,,
TW,Y21,0.428,0.405,0.525,0.445,0.443,,,0.413,0.427,0.347,0.309,0.375,0.348,,,0.413,0.304,0.342,0.26,2301.7,246.34,99.1,,UNSD,UNSD
TW,Y22,0.424,0.403,0.522,0.439,0.442,,,0.413,0.411,0.335,0.31,0.372,0.343,,,0.411,0.305,0.293,0.262,2257.3,241.26,88.3,,UNSD,UNSD
TW,Y23,0.423,0.406,0.501,0.431,0.466,,,0.42,0.409,0.356,0.285,0.372,0.366,,,0.419,0.294,0.331,0.235,2214.2,238.17,78.7,,UNSD,UNSD
TZ,Y21,0.326,0.326,,,,,,0.337,0.265,0.4,,,,,,0.337,0.265,0.4,,66.8,6.04,0.0,,UNSD,UNSD
TZ,Y22,0.327,0.327,,,,,,0.337,0.252,0.4,,,,,,0.337,0.252,0.4,,80.4,7.3,0.0,,UNSD,UNSD
TZ,Y23,0.33,0.33,,,,,,0.337,0.252,0.449,,,,,,0.337,0.252,0.449,,85.5,7.84,0.0,,UNSD,UNSD
UA,Y21,0.544,0.274,0.651,0.303,0.679,0.936,,0.762,0.613,0.821,0.704,0.259,0.11,0.049,,0.12,0.181,0.063,0.0,1043.3,51.83,380.8,,UNSD,UNSD
UA,Y22,0.549,0.274,0.652,0.304,0.679,0.935,,0.762,0.616,0.815,0.704,0.258,0.11,0.049,,0.121,0.18,0.078,0.0,695.2,34.35,257.8,,UNSD,UNSD
UA,Y23,0.534,0.273,0.629,0.306,0.679,0.933,,0.697,0.62,0.815,0.704,0.259,0.124,0.056,,0.122,0.19,0.085,0.0,719.6,35.17,257.8,,UNSD,UNSD
UG,Y21,0.206,0.206,,,,,,,0.33,0.385,,,,,,,0.33,0.385,,5.8,0.33,0.0,,REVIEW,UNSD(eta)
UG,Y22,0.085,0.085,,,,,,,0.329,0.167,,,,,,,0.329,0.167,,18.6,0.44,0.0,eta_total;eta_elec_plants,REVIEW,EMBER(eta)
UG,Y23,0.111,0.111,,,,,,,0.189,0.2,,,,,,,0.189,0.2,,9.7,0.3,0.0,eta_total;eta_elec_plants,REVIEW,EMBER(eta)
US,Y21,0.433,0.412,0.624,0.376,0.635,,,0.478,0.428,0.437,0.279,0.374,0.625,,,0.452,0.35,0.37,0.217,23696.7,2731.13,430.3,,UNSD,UNSD
US,Y22,0.432,0.411,0.624,0.371,0.694,,,0.473,0.441,0.434,0.256,0.369,0.694,,,0.45,0.369,0.367,0.221,23988.3,2762.67,418.9,,UNSD,UNSD
US,Y23,0.437,0.417,0.622,0.368,0.687,,,0.473,0.468,0.435,0.268,0.367,0.687,,,0.451,0.372,0.363,0.226,23184.8,2701.82,416.6,,UNSD,UNSD
UY,Y21,0.556,0.556,,,,,,0.322,0.461,0.689,,,,,,0.322,0.461,0.689,,33.7,5.21,0.0,,UNSD,UNSD
UY,Y22,0.58,0.58,,,,,,,0.453,0.695,,,,,,,0.453,0.695,,23.5,3.79,0.0,,UNSD,UNSD
UY,Y23,0.636,0.636,,,,,,,0.444,0.75,,,,,,,0.444,0.75,,23.2,4.1,0.0,eta_elec_plants,UNSD,UNSD
UZ,Y21,0.411,0.032,0.775,0.49,,,,0.4,0.671,,,0.245,,,,0.28,0.518,,,855.2,66.39,112.3,eta_elec_plants,UNSD,UNSD
UZ,Y22,0.454,0.384,0.417,0.454,,,,0.455,0.411,,,0.247,,,,0.323,0.198,,,775.3,67.35,109.5,,UNSD,UNSD
UZ,Y23,0.433,0.358,0.43,0.483,,,,0.433,0.224,,,0.23,,,,0.332,0.121,,,820.6,70.25,102.3,,UNSD,UNSD
VC,Y21,0.351,0.351,,,,,,,0.351,,,,,,,,0.351,,,1.3,0.12,0.0,,UNSD,UNSD
VC,Y22,0.378,0.378,,,,,,,0.378,,,,,,,,0.378,,,1.2,0.13,0.0,,UNSD,UNSD
VC,Y23,0.377,0.377,,,,,,,0.377,,,,,,,,0.377,,,1.3,0.14,0.0,,UNSD,UNSD
VE,Y21,0.348,0.348,,,,,,0.35,0.309,0.36,,,,,,0.35,0.309,0.36,,174.6,16.86,0.0,,REVIEW,UNSD(eta)
VE,Y22,0.348,0.348,,,,,,0.35,0.325,0.36,,,,,,0.35,0.325,0.36,,206.6,19.97,0.0,,REVIEW,UNSD(eta)
VE,Y23,0.348,0.348,,,,,,0.35,0.313,0.36,,,,,,0.35,0.313,0.36,,200.8,19.4,0.0,,REVIEW,UNSD(eta)
VG,Y21,0.43,0.43,,,,,,,0.43,,,,,,,,0.43,,,1.7,0.2,0.0,,UNSD|dtot,UNSD|dtot
VG,Y22,0.43,0.43,,,,,,,0.43,,,,,,,,0.43,,,1.7,0.21,0.0,,UNSD|dtot,UNSD|dtot
VG,Y23,0.43,0.43,,,,,,,0.43,,,,,,,,0.43,,,1.8,0.21,0.0,,UNSD|dtot,UNSD|dtot
VN,Y21,0.323,0.323,,0.309,,,,0.454,0.497,0.152,,0.309,,,,0.454,0.497,0.152,,1602.0,143.73,0.0,,UNSD,UNSD
VN,Y22,0.326,0.326,,0.308,,,,0.475,0.195,0.152,,0.308,,,,0.475,0.195,0.152,,1579.8,143.0,0.0,,UNSD,UNSD
VN,Y23,0.324,0.324,,0.309,,,,0.449,0.478,0.153,,0.309,,,,0.449,0.478,0.153,,1717.4,154.62,0.0,,UNSD,UNSD
VU,Y21,0.381,0.381,,,,,,,0.381,,,,,,,,0.381,,,0.6,0.06,0.0,,REVIEW,UNSD(eta)
VU,Y22,0.378,0.378,,,,,,,0.378,,,,,,,,0.378,,,0.6,0.06,0.0,,REVIEW,UNSD(eta)
VU,Y23,0.377,0.377,,,,,,,0.377,,,,,,,,0.377,,,0.6,0.06,0.0,,REVIEW,UNSD(eta)
WF,Y21,0.361,0.361,,,,,,,0.361,,,,,,,,0.361,,,0.2,0.02,0.0,,,
WF,Y22,0.362,0.362,,,,,,,0.362,,,,,,,,0.362,,,0.2,0.03,0.0,,,
WF,Y23,0.366,0.366,,,,,,,0.366,,,,,,,,0.366,,,0.2,0.02,0.0,,,
WS,Y21,0.337,0.337,,,,,,,0.337,0.184,,,,,,,0.337,0.184,,1.0,0.09,0.0,,REVIEW|dtot,UNSD(eta)
WS,Y22,0.473,0.473,,,,,,,0.475,0.048,,,,,,,0.475,0.048,,0.9,0.11,0.0,eta_bio,REVIEW|dtot,EMBER(eta)
WS,Y23,0.394,0.394,,,,,,,0.394,0.514,,,,,,,0.394,0.514,,1.2,0.14,0.0,,REVIEW|dtot,UNSD(eta)
XK,Y21,0.237,0.237,,0.237,,,,,0.346,,,0.237,,,,,0.265,,,98.0,6.45,0.0,,UNSD,UNSD
XK,Y22,0.238,0.238,,0.238,,,,,0.368,,,0.238,,,,,0.279,,,96.4,6.36,0.0,,UNSD,UNSD
XK,Y23,0.242,0.242,,0.242,,,,,0.353,,,0.242,,,,,0.269,,,82.6,5.55,0.0,,UNSD,UNSD
YE,Y21,0.325,0.325,,,,,,0.283,0.326,,,,,,,0.283,0.326,,,47.1,4.26,0.0,,EMBER|dtot,EMBER|dtot
YE,Y22,0.325,0.325,,,,,,0.283,0.326,,,,,,,0.283,0.326,,,52.0,4.7,0.0,,EMBER|dtot,EMBER|dtot
YE,Y23,0.325,0.325,,,,,,0.283,0.326,,,,,,,0.283,0.326,,,50.9,4.6,0.0,,EMBER|dtot,EMBER|dtot
ZA,Y21,0.238,0.238,0.5,0.239,,,,,0.159,0.267,,0.239,,,,,0.159,0.267,,3181.6,210.23,0.0,,UNSD,UNSD
ZA,Y22,0.263,0.263,0.502,0.264,,,,,0.244,0.221,,0.264,,,,,0.244,0.221,,2758.6,201.89,0.0,,UNSD,UNSD
ZA,Y23,0.261,0.261,0.5,0.262,,,,,0.243,0.209,,0.262,,,,,0.243,0.209,,2648.9,192.14,0.0,,UNSD,UNSD
ZM,Y21,0.2,0.2,,0.185,,,,,0.258,0.413,,0.185,,,,,0.258,0.413,,26.9,1.5,0.0,,UNSD,UNSD
ZM,Y22,0.266,0.266,,0.27,,,,,0.14,0.399,,0.27,,,,,0.14,0.399,,34.5,2.55,0.0,eta_oil,UNSD,UNSD
ZM,Y23,0.234,0.234,,0.236,,,,,0.217,0.394,,0.236,,,,,0.217,0.394,,34.0,2.21,0.0,,UNSD,UNSD
ZW,Y21,0.23,0.23,,0.23,,,,,,0.5,,0.23,,,,,,0.5,,39.2,2.51,0.0,,EMBER,EMBER
ZW,Y22,0.26,0.26,,0.263,,,,,,0.263,,0.263,,,,,,0.263,,43.0,3.1,0.0,,EMBER,EMBER
ZW,Y23,0.307,0.307,,0.31,,,,,,0.295,,0.31,,,,,,0.295,,60.4,5.16,0.0,,EMBER,EMBER
