region,tech,share,intensity,intensity_unit,carrier,occupancy,pkm_obs,tier,provenance
AT,CAR.G,0.434,5.744344e-05,t/vkm,GASO,1.5,0.0,sh:carpark-Y13|int:FULFILL-2011|pkm:synth,shares: ESTAT.CARPARK stock Y13 as 2011 proxy (or observed median); intensity: FULFILL REF 2011 (or median); pkm: ESTAT/ITF Y11 (or gasoline-anchor synthesis at apply time)
AT,CAR.D,0.565,5.744344e-05,t/vkm,DIES,1.5,0.0,sh:carpark-Y13|int:FULFILL-2011|pkm:synth,shares: ESTAT.CARPARK stock Y13 as 2011 proxy (or observed median); intensity: FULFILL REF 2011 (or median); pkm: ESTAT/ITF Y11 (or gasoline-anchor synthesis at apply time)
AT,CAR.LPG,0.0,5.485533e-05,t/vkm,LPG,1.5,0.0,sh:carpark-Y13|int:FULFILL-2011|pkm:synth,shares: ESTAT.CARPARK stock Y13 as 2011 proxy (or observed median); intensity: FULFILL REF 2011 (or median); pkm: ESTAT/ITF Y11 (or gasoline-anchor synthesis at apply time)
AT,CAR.CNG,0.0005,3.545470e-05,t/vkm,NGAS,1.5,0.0,sh:carpark-Y13|int:FULFILL-2011|pkm:synth,shares: ESTAT.CARPARK stock Y13 as 2011 proxy (or observed median); intensity: FULFILL REF 2011 (or median); pkm: ESTAT/ITF Y11 (or gasoline-anchor synthesis at apply time)
AT,CAR.E,0.0004,8.185288e-07,TJ/vkm,ELE,1.5,0.0,sh:carpark-Y13|int:FULFILL-2011|pkm:synth,shares: ESTAT.CARPARK stock Y13 as 2011 proxy (or observed median); intensity: FULFILL REF 2011 (or median); pkm: ESTAT/ITF Y11 (or gasoline-anchor synthesis at apply time)
AT,MOTO,1.0,3.000000e-05,t/vkm,GASO,1.1,0.0,int:NXTR-default|pkm:none,"MOTO: NXTR v0 default intensity; pkm ESTAT Y11 where observed, else the region gets a zero-output MOTO activity (declared)"
BE,CAR.G,0.369,5.744344e-05,t/vkm,GASO,1.5,109985.0,sh:carpark-Y13|int:FULFILL-2011|pkm:obs,shares: ESTAT.CARPARK stock Y13 as 2011 proxy (or observed median); intensity: FULFILL REF 2011 (or median); pkm: ESTAT/ITF Y11 (or gasoline-anchor synthesis at apply time)
BE,CAR.D,0.6308,5.744344e-05,t/vkm,DIES,1.5,109985.0,sh:carpark-Y13|int:FULFILL-2011|pkm:obs,shares: ESTAT.CARPARK stock Y13 as 2011 proxy (or observed median); intensity: FULFILL REF 2011 (or median); pkm: ESTAT/ITF Y11 (or gasoline-anchor synthesis at apply time)
BE,CAR.LPG,0.0,5.485533e-05,t/vkm,LPG,1.5,109985.0,sh:carpark-Y13|int:FULFILL-2011|pkm:obs,shares: ESTAT.CARPARK stock Y13 as 2011 proxy (or observed median); intensity: FULFILL REF 2011 (or median); pkm: ESTAT/ITF Y11 (or gasoline-anchor synthesis at apply time)
BE,CAR.CNG,0.0001,3.545470e-05,t/vkm,NGAS,1.5,109985.0,sh:carpark-Y13|int:FULFILL-2011|pkm:obs,shares: ESTAT.CARPARK stock Y13 as 2011 proxy (or observed median); intensity: FULFILL REF 2011 (or median); pkm: ESTAT/ITF Y11 (or gasoline-anchor synthesis at apply time)
BE,CAR.E,0.0002,8.185288e-07,TJ/vkm,ELE,1.5,109985.0,sh:carpark-Y13|int:FULFILL-2011|pkm:obs,shares: ESTAT.CARPARK stock Y13 as 2011 proxy (or observed median); intensity: FULFILL REF 2011 (or median); pkm: ESTAT/ITF Y11 (or gasoline-anchor synthesis at apply time)
BE,MOTO,1.0,3.000000e-05,t/vkm,GASO,1.1,1268.0,int:NXTR-default|pkm:obs,"MOTO: NXTR v0 default intensity; pkm ESTAT Y11 where observed, else the region gets a zero-output MOTO activity (declared)"
BG,CAR.G,0.0,6.716955e-05,t/vkm,GASO,1.5,0.0,sh:carpark-Y13|int:FULFILL-2011|pkm:synth,shares: ESTAT.CARPARK stock Y13 as 2011 proxy (or observed median); intensity: FULFILL REF 2011 (or median); pkm: ESTAT/ITF Y11 (or gasoline-anchor synthesis at apply time)
BG,CAR.D,0.0,6.716955e-05,t/vkm,DIES,1.5,0.0,sh:carpark-Y13|int:FULFILL-2011|pkm:synth,shares: ESTAT.CARPARK stock Y13 as 2011 proxy (or observed median); intensity: FULFILL REF 2011 (or median); pkm: ESTAT/ITF Y11 (or gasoline-anchor synthesis at apply time)
BG,CAR.LPG,0.9333,6.414323e-05,t/vkm,LPG,1.5,0.0,sh:carpark-Y13|int:FULFILL-2011|pkm:synth,shares: ESTAT.CARPARK stock Y13 as 2011 proxy (or observed median); intensity: FULFILL REF 2011 (or median); pkm: ESTAT/ITF Y11 (or gasoline-anchor synthesis at apply time)
BG,CAR.CNG,0.0661,4.077467e-05,t/vkm,NGAS,1.5,0.0,sh:carpark-Y13|int:FULFILL-2011|pkm:synth,shares: ESTAT.CARPARK stock Y13 as 2011 proxy (or observed median); intensity: FULFILL REF 2011 (or median); pkm: ESTAT/ITF Y11 (or gasoline-anchor synthesis at apply time)
BG,CAR.E,0.0006,7.758089e-07,TJ/vkm,ELE,1.5,0.0,sh:carpark-Y13|int:FULFILL-2011|pkm:synth,shares: ESTAT.CARPARK stock Y13 as 2011 proxy (or observed median); intensity: FULFILL REF 2011 (or median); pkm: ESTAT/ITF Y11 (or gasoline-anchor synthesis at apply time)
BG,MOTO,1.0,3.000000e-05,t/vkm,GASO,1.1,0.0,int:NXTR-default|pkm:none,"MOTO: NXTR v0 default intensity; pkm ESTAT Y11 where observed, else the region gets a zero-output MOTO activity (declared)"
CY,CAR.G,0.8936,5.241668e-05,t/vkm,GASO,1.5,0.0,sh:carpark-Y13|int:FULFILL-2011|pkm:synth,shares: ESTAT.CARPARK stock Y13 as 2011 proxy (or observed median); intensity: FULFILL REF 2011 (or median); pkm: ESTAT/ITF Y11 (or gasoline-anchor synthesis at apply time)
CY,CAR.D,0.1064,5.241668e-05,t/vkm,DIES,1.5,0.0,sh:carpark-Y13|int:FULFILL-2011|pkm:synth,shares: ESTAT.CARPARK stock Y13 as 2011 proxy (or observed median); intensity: FULFILL REF 2011 (or median); pkm: ESTAT/ITF Y11 (or gasoline-anchor synthesis at apply time)
CY,CAR.LPG,0.0,1.001101e-04,t/vkm,LPG,1.5,0.0,sh:carpark-Y13|int:FULFILL-2011|pkm:synth,shares: ESTAT.CARPARK stock Y13 as 2011 proxy (or observed median); intensity: FULFILL REF 2011 (or median); pkm: ESTAT/ITF Y11 (or gasoline-anchor synthesis at apply time)
CY,CAR.CNG,0.0,4.077467e-05,t/vkm,NGAS,1.5,0.0,sh:carpark-Y13|int:FULFILL-median|pkm:synth,shares: ESTAT.CARPARK stock Y13 as 2011 proxy (or observed median); intensity: FULFILL REF 2011 (or median); pkm: ESTAT/ITF Y11 (or gasoline-anchor synthesis at apply time)
CY,CAR.E,0.0,1.021876e-06,TJ/vkm,ELE,1.5,0.0,sh:carpark-Y13|int:FULFILL-2011|pkm:synth,shares: ESTAT.CARPARK stock Y13 as 2011 proxy (or observed median); intensity: FULFILL REF 2011 (or median); pkm: ESTAT/ITF Y11 (or gasoline-anchor synthesis at apply time)
CY,MOTO,1.0,3.000000e-05,t/vkm,GASO,1.1,0.0,int:NXTR-default|pkm:none,"MOTO: NXTR v0 default intensity; pkm ESTAT Y11 where observed, else the region gets a zero-output MOTO activity (declared)"
CZ,CAR.G,0.6769,6.716955e-05,t/vkm,GASO,1.5,65490.0,sh:carpark-Y13|int:FULFILL-2011|pkm:obs,shares: ESTAT.CARPARK stock Y13 as 2011 proxy (or observed median); intensity: FULFILL REF 2011 (or median); pkm: ESTAT/ITF Y11 (or gasoline-anchor synthesis at apply time)
CZ,CAR.D,0.3231,6.716955e-05,t/vkm,DIES,1.5,65490.0,sh:carpark-Y13|int:FULFILL-2011|pkm:obs,shares: ESTAT.CARPARK stock Y13 as 2011 proxy (or observed median); intensity: FULFILL REF 2011 (or median); pkm: ESTAT/ITF Y11 (or gasoline-anchor synthesis at apply time)
CZ,CAR.LPG,0.0,6.414323e-05,t/vkm,LPG,1.5,65490.0,sh:carpark-Y13|int:FULFILL-2011|pkm:obs,shares: ESTAT.CARPARK stock Y13 as 2011 proxy (or observed median); intensity: FULFILL REF 2011 (or median); pkm: ESTAT/ITF Y11 (or gasoline-anchor synthesis at apply time)
CZ,CAR.CNG,0.0,4.077467e-05,t/vkm,NGAS,1.5,65490.0,sh:carpark-Y13|int:FULFILL-2011|pkm:obs,shares: ESTAT.CARPARK stock Y13 as 2011 proxy (or observed median); intensity: FULFILL REF 2011 (or median); pkm: ESTAT/ITF Y11 (or gasoline-anchor synthesis at apply time)
CZ,CAR.E,0.0001,7.758089e-07,TJ/vkm,ELE,1.5,65490.0,sh:carpark-Y13|int:FULFILL-2011|pkm:obs,shares: ESTAT.CARPARK stock Y13 as 2011 proxy (or observed median); intensity: FULFILL REF 2011 (or median); pkm: ESTAT/ITF Y11 (or gasoline-anchor synthesis at apply time)
CZ,MOTO,1.0,3.000000e-05,t/vkm,GASO,1.1,0.0,int:NXTR-default|pkm:none,"MOTO: NXTR v0 default intensity; pkm ESTAT Y11 where observed, else the region gets a zero-output MOTO activity (declared)"
DE,CAR.G,0.6845,5.744344e-05,t/vkm,GASO,1.5,900530.0,sh:carpark-Y13|int:FULFILL-2011|pkm:obs,shares: ESTAT.CARPARK stock Y13 as 2011 proxy (or observed median); intensity: FULFILL REF 2011 (or median); pkm: ESTAT/ITF Y11 (or gasoline-anchor synthesis at apply time)
DE,CAR.D,0.302,5.744344e-05,t/vkm,DIES,1.5,900530.0,sh:carpark-Y13|int:FULFILL-2011|pkm:obs,shares: ESTAT.CARPARK stock Y13 as 2011 proxy (or observed median); intensity: FULFILL REF 2011 (or median); pkm: ESTAT/ITF Y11 (or gasoline-anchor synthesis at apply time)
DE,CAR.LPG,0.0114,5.485533e-05,t/vkm,LPG,1.5,900530.0,sh:carpark-Y13|int:FULFILL-2011|pkm:obs,shares: ESTAT.CARPARK stock Y13 as 2011 proxy (or observed median); intensity: FULFILL REF 2011 (or median); pkm: ESTAT/ITF Y11 (or gasoline-anchor synthesis at apply time)
DE,CAR.CNG,0.0018,3.545470e-05,t/vkm,NGAS,1.5,900530.0,sh:carpark-Y13|int:FULFILL-2011|pkm:obs,shares: ESTAT.CARPARK stock Y13 as 2011 proxy (or observed median); intensity: FULFILL REF 2011 (or median); pkm: ESTAT/ITF Y11 (or gasoline-anchor synthesis at apply time)
DE,CAR.E,0.0003,8.185288e-07,TJ/vkm,ELE,1.5,900530.0,sh:carpark-Y13|int:FULFILL-2011|pkm:obs,shares: ESTAT.CARPARK stock Y13 as 2011 proxy (or observed median); intensity: FULFILL REF 2011 (or median); pkm: ESTAT/ITF Y11 (or gasoline-anchor synthesis at apply time)
DE,MOTO,1.0,3.000000e-05,t/vkm,GASO,1.1,11887.0,int:NXTR-default|pkm:obs,"MOTO: NXTR v0 default intensity; pkm ESTAT Y11 where observed, else the region gets a zero-output MOTO activity (declared)"
DK,CAR.G,0.7125,5.913218e-05,t/vkm,GASO,1.5,59759.0,sh:carpark-Y13|int:FULFILL-2011|pkm:obs,shares: ESTAT.CARPARK stock Y13 as 2011 proxy (or observed median); intensity: FULFILL REF 2011 (or median); pkm: ESTAT/ITF Y11 (or gasoline-anchor synthesis at apply time)
DK,CAR.D,0.2868,5.913218e-05,t/vkm,DIES,1.5,59759.0,sh:carpark-Y13|int:FULFILL-2011|pkm:obs,shares: ESTAT.CARPARK stock Y13 as 2011 proxy (or observed median); intensity: FULFILL REF 2011 (or median); pkm: ESTAT/ITF Y11 (or gasoline-anchor synthesis at apply time)
DK,CAR.LPG,0.0,5.485795e-05,t/vkm,LPG,1.5,59759.0,sh:carpark-Y13|int:FULFILL-2011|pkm:obs,shares: ESTAT.CARPARK stock Y13 as 2011 proxy (or observed median); intensity: FULFILL REF 2011 (or median); pkm: ESTAT/ITF Y11 (or gasoline-anchor synthesis at apply time)
DK,CAR.CNG,0.0,5.352759e-05,t/vkm,NGAS,1.5,59759.0,sh:carpark-Y13|int:FULFILL-2011|pkm:obs,shares: ESTAT.CARPARK stock Y13 as 2011 proxy (or observed median); intensity: FULFILL REF 2011 (or median); pkm: ESTAT/ITF Y11 (or gasoline-anchor synthesis at apply time)
DK,CAR.E,0.0007,6.420603e-07,TJ/vkm,ELE,1.5,59759.0,sh:carpark-Y13|int:FULFILL-2011|pkm:obs,shares: ESTAT.CARPARK stock Y13 as 2011 proxy (or observed median); intensity: FULFILL REF 2011 (or median); pkm: ESTAT/ITF Y11 (or gasoline-anchor synthesis at apply time)
DK,MOTO,1.0,3.000000e-05,t/vkm,GASO,1.1,0.0,int:NXTR-default|pkm:none,"MOTO: NXTR v0 default intensity; pkm ESTAT Y11 where observed, else the region gets a zero-output MOTO activity (declared)"
EE,CAR.G,0.6783,5.241668e-05,t/vkm,GASO,1.5,0.0,sh:carpark-Y13|int:FULFILL-2011|pkm:synth,shares: ESTAT.CARPARK stock Y13 as 2011 proxy (or observed median); intensity: FULFILL REF 2011 (or median); pkm: ESTAT/ITF Y11 (or gasoline-anchor synthesis at apply time)
EE,CAR.D,0.3204,5.241668e-05,t/vkm,DIES,1.5,0.0,sh:carpark-Y13|int:FULFILL-2011|pkm:synth,shares: ESTAT.CARPARK stock Y13 as 2011 proxy (or observed median); intensity: FULFILL REF 2011 (or median); pkm: ESTAT/ITF Y11 (or gasoline-anchor synthesis at apply time)
EE,CAR.LPG,0.0,5.005505e-05,t/vkm,LPG,1.5,0.0,sh:carpark-Y13|int:FULFILL-2011|pkm:synth,shares: ESTAT.CARPARK stock Y13 as 2011 proxy (or observed median); intensity: FULFILL REF 2011 (or median); pkm: ESTAT/ITF Y11 (or gasoline-anchor synthesis at apply time)
EE,CAR.CNG,0.0002,4.982042e-05,t/vkm,NGAS,1.5,0.0,sh:carpark-Y13|int:FULFILL-2011|pkm:synth,shares: ESTAT.CARPARK stock Y13 as 2011 proxy (or observed median); intensity: FULFILL REF 2011 (or median); pkm: ESTAT/ITF Y11 (or gasoline-anchor synthesis at apply time)
EE,CAR.E,0.0011,1.021876e-06,TJ/vkm,ELE,1.5,0.0,sh:carpark-Y13|int:FULFILL-2011|pkm:synth,shares: ESTAT.CARPARK stock Y13 as 2011 proxy (or observed median); intensity: FULFILL REF 2011 (or median); pkm: ESTAT/ITF Y11 (or gasoline-anchor synthesis at apply time)
EE,MOTO,1.0,3.000000e-05,t/vkm,GASO,1.1,0.0,int:NXTR-default|pkm:none,"MOTO: NXTR v0 default intensity; pkm ESTAT Y11 where observed, else the region gets a zero-output MOTO activity (declared)"
ES,CAR.G,0.0,5.241668e-05,t/vkm,GASO,1.5,334021.0,sh:carpark-Y13|int:FULFILL-2011|pkm:obs,shares: ESTAT.CARPARK stock Y13 as 2011 proxy (or observed median); intensity: FULFILL REF 2011 (or median); pkm: ESTAT/ITF Y11 (or gasoline-anchor synthesis at apply time)
ES,CAR.D,0.0,5.241668e-05,t/vkm,DIES,1.5,334021.0,sh:carpark-Y13|int:FULFILL-2011|pkm:obs,shares: ESTAT.CARPARK stock Y13 as 2011 proxy (or observed median); intensity: FULFILL REF 2011 (or median); pkm: ESTAT/ITF Y11 (or gasoline-anchor synthesis at apply time)
ES,CAR.LPG,0.0,5.005505e-05,t/vkm,LPG,1.5,334021.0,sh:carpark-Y13|int:FULFILL-2011|pkm:obs,shares: ESTAT.CARPARK stock Y13 as 2011 proxy (or observed median); intensity: FULFILL REF 2011 (or median); pkm: ESTAT/ITF Y11 (or gasoline-anchor synthesis at apply time)
ES,CAR.CNG,0.0,4.982042e-05,t/vkm,NGAS,1.5,334021.0,sh:carpark-Y13|int:FULFILL-2011|pkm:obs,shares: ESTAT.CARPARK stock Y13 as 2011 proxy (or observed median); intensity: FULFILL REF 2011 (or median); pkm: ESTAT/ITF Y11 (or gasoline-anchor synthesis at apply time)
ES,CAR.E,1.0,1.021876e-06,TJ/vkm,ELE,1.5,334021.0,sh:carpark-Y13|int:FULFILL-2011|pkm:obs,shares: ESTAT.CARPARK stock Y13 as 2011 proxy (or observed median); intensity: FULFILL REF 2011 (or median); pkm: ESTAT/ITF Y11 (or gasoline-anchor synthesis at apply time)
ES,MOTO,1.0,3.000000e-05,t/vkm,GASO,1.1,1948.0,int:NXTR-default|pkm:obs,"MOTO: NXTR v0 default intensity; pkm ESTAT Y11 where observed, else the region gets a zero-output MOTO activity (declared)"
FI,CAR.G,0.7726,5.744344e-05,t/vkm,GASO,1.5,65490.0,sh:carpark-Y13|int:FULFILL-2011|pkm:obs,shares: ESTAT.CARPARK stock Y13 as 2011 proxy (or observed median); intensity: FULFILL REF 2011 (or median); pkm: ESTAT/ITF Y11 (or gasoline-anchor synthesis at apply time)
FI,CAR.D,0.2273,5.744344e-05,t/vkm,DIES,1.5,65490.0,sh:carpark-Y13|int:FULFILL-2011|pkm:obs,shares: ESTAT.CARPARK stock Y13 as 2011 proxy (or observed median); intensity: FULFILL REF 2011 (or median); pkm: ESTAT/ITF Y11 (or gasoline-anchor synthesis at apply time)
FI,CAR.LPG,0.0,5.485533e-05,t/vkm,LPG,1.5,65490.0,sh:carpark-Y13|int:FULFILL-2011|pkm:obs,shares: ESTAT.CARPARK stock Y13 as 2011 proxy (or observed median); intensity: FULFILL REF 2011 (or median); pkm: ESTAT/ITF Y11 (or gasoline-anchor synthesis at apply time)
FI,CAR.CNG,0.0001,3.545470e-05,t/vkm,NGAS,1.5,65490.0,sh:carpark-Y13|int:FULFILL-2011|pkm:obs,shares: ESTAT.CARPARK stock Y13 as 2011 proxy (or observed median); intensity: FULFILL REF 2011 (or median); pkm: ESTAT/ITF Y11 (or gasoline-anchor synthesis at apply time)
FI,CAR.E,0.0001,8.185288e-07,TJ/vkm,ELE,1.5,65490.0,sh:carpark-Y13|int:FULFILL-2011|pkm:obs,shares: ESTAT.CARPARK stock Y13 as 2011 proxy (or observed median); intensity: FULFILL REF 2011 (or median); pkm: ESTAT/ITF Y11 (or gasoline-anchor synthesis at apply time)
FI,MOTO,1.0,3.000000e-05,t/vkm,GASO,1.1,1161.0,int:NXTR-default|pkm:obs,"MOTO: NXTR v0 default intensity; pkm ESTAT Y11 where observed, else the region gets a zero-output MOTO activity (declared)"
FR,CAR.G,0.3597,5.241668e-05,t/vkm,GASO,1.5,812.7,sh:carpark-Y13|int:FULFILL-2011|pkm:obs,shares: ESTAT.CARPARK stock Y13 as 2011 proxy (or observed median); intensity: FULFILL REF 2011 (or median); pkm: ESTAT/ITF Y11 (or gasoline-anchor synthesis at apply time)
FR,CAR.D,0.6398,5.241668e-05,t/vkm,DIES,1.5,812.7,sh:carpark-Y13|int:FULFILL-2011|pkm:obs,shares: ESTAT.CARPARK stock Y13 as 2011 proxy (or observed median); intensity: FULFILL REF 2011 (or median); pkm: ESTAT/ITF Y11 (or gasoline-anchor synthesis at apply time)
FR,CAR.LPG,0.0,5.005505e-05,t/vkm,LPG,1.5,812.7,sh:carpark-Y13|int:FULFILL-2011|pkm:obs,shares: ESTAT.CARPARK stock Y13 as 2011 proxy (or observed median); intensity: FULFILL REF 2011 (or median); pkm: ESTAT/ITF Y11 (or gasoline-anchor synthesis at apply time)
FR,CAR.CNG,0.0,4.982042e-05,t/vkm,NGAS,1.5,812.7,sh:carpark-Y13|int:FULFILL-2011|pkm:obs,shares: ESTAT.CARPARK stock Y13 as 2011 proxy (or observed median); intensity: FULFILL REF 2011 (or median); pkm: ESTAT/ITF Y11 (or gasoline-anchor synthesis at apply time)
FR,CAR.E,0.0005,1.021876e-06,TJ/vkm,ELE,1.5,812.7,sh:carpark-Y13|int:FULFILL-2011|pkm:obs,shares: ESTAT.CARPARK stock Y13 as 2011 proxy (or observed median); intensity: FULFILL REF 2011 (or median); pkm: ESTAT/ITF Y11 (or gasoline-anchor synthesis at apply time)
FR,MOTO,1.0,3.000000e-05,t/vkm,GASO,1.1,0.0,int:NXTR-default|pkm:none,"MOTO: NXTR v0 default intensity; pkm ESTAT Y11 where observed, else the region gets a zero-output MOTO activity (declared)"
GR,CAR.G,0.0,6.716955e-05,t/vkm,GASO,1.5,0.0,sh:carpark-Y13|int:FULFILL-2011|pkm:synth,shares: ESTAT.CARPARK stock Y13 as 2011 proxy (or observed median); intensity: FULFILL REF 2011 (or median); pkm: ESTAT/ITF Y11 (or gasoline-anchor synthesis at apply time)
GR,CAR.D,0.0,6.716955e-05,t/vkm,DIES,1.5,0.0,sh:carpark-Y13|int:FULFILL-2011|pkm:synth,shares: ESTAT.CARPARK stock Y13 as 2011 proxy (or observed median); intensity: FULFILL REF 2011 (or median); pkm: ESTAT/ITF Y11 (or gasoline-anchor synthesis at apply time)
GR,CAR.LPG,0.0,6.414323e-05,t/vkm,LPG,1.5,0.0,sh:carpark-Y13|int:FULFILL-2011|pkm:synth,shares: ESTAT.CARPARK stock Y13 as 2011 proxy (or observed median); intensity: FULFILL REF 2011 (or median); pkm: ESTAT/ITF Y11 (or gasoline-anchor synthesis at apply time)
GR,CAR.CNG,0.0,4.077467e-05,t/vkm,NGAS,1.5,0.0,sh:carpark-Y13|int:FULFILL-2011|pkm:synth,shares: ESTAT.CARPARK stock Y13 as 2011 proxy (or observed median); intensity: FULFILL REF 2011 (or median); pkm: ESTAT/ITF Y11 (or gasoline-anchor synthesis at apply time)
GR,CAR.E,1.0,7.758089e-07,TJ/vkm,ELE,1.5,0.0,sh:carpark-Y13|int:FULFILL-2011|pkm:synth,shares: ESTAT.CARPARK stock Y13 as 2011 proxy (or observed median); intensity: FULFILL REF 2011 (or median); pkm: ESTAT/ITF Y11 (or gasoline-anchor synthesis at apply time)
GR,MOTO,1.0,3.000000e-05,t/vkm,GASO,1.1,0.0,int:NXTR-default|pkm:none,"MOTO: NXTR v0 default intensity; pkm ESTAT Y11 where observed, else the region gets a zero-output MOTO activity (declared)"
HR,CAR.G,0.597,6.716955e-05,t/vkm,GASO,1.5,25242.0,sh:carpark-Y13|int:FULFILL-2011|pkm:obs,shares: ESTAT.CARPARK stock Y13 as 2011 proxy (or observed median); intensity: FULFILL REF 2011 (or median); pkm: ESTAT/ITF Y11 (or gasoline-anchor synthesis at apply time)
HR,CAR.D,0.403,6.716955e-05,t/vkm,DIES,1.5,25242.0,sh:carpark-Y13|int:FULFILL-2011|pkm:obs,shares: ESTAT.CARPARK stock Y13 as 2011 proxy (or observed median); intensity: FULFILL REF 2011 (or median); pkm: ESTAT/ITF Y11 (or gasoline-anchor synthesis at apply time)
HR,CAR.LPG,0.0,6.414323e-05,t/vkm,LPG,1.5,25242.0,sh:carpark-Y13|int:FULFILL-2011|pkm:obs,shares: ESTAT.CARPARK stock Y13 as 2011 proxy (or observed median); intensity: FULFILL REF 2011 (or median); pkm: ESTAT/ITF Y11 (or gasoline-anchor synthesis at apply time)
HR,CAR.CNG,0.0,4.077467e-05,t/vkm,NGAS,1.5,25242.0,sh:carpark-Y13|int:FULFILL-2011|pkm:obs,shares: ESTAT.CARPARK stock Y13 as 2011 proxy (or observed median); intensity: FULFILL REF 2011 (or median); pkm: ESTAT/ITF Y11 (or gasoline-anchor synthesis at apply time)
HR,CAR.E,0.0,7.758089e-07,TJ/vkm,ELE,1.5,25242.0,sh:carpark-Y13|int:FULFILL-2011|pkm:obs,shares: ESTAT.CARPARK stock Y13 as 2011 proxy (or observed median); intensity: FULFILL REF 2011 (or median); pkm: ESTAT/ITF Y11 (or gasoline-anchor synthesis at apply time)
HR,MOTO,1.0,3.000000e-05,t/vkm,GASO,1.1,1068.0,int:NXTR-default|pkm:obs,"MOTO: NXTR v0 default intensity; pkm ESTAT Y11 where observed, else the region gets a zero-output MOTO activity (declared)"
HU,CAR.G,0.7542,5.241668e-05,t/vkm,GASO,1.5,52251.0,sh:carpark-Y13|int:FULFILL-2011|pkm:obs,shares: ESTAT.CARPARK stock Y13 as 2011 proxy (or observed median); intensity: FULFILL REF 2011 (or median); pkm: ESTAT/ITF Y11 (or gasoline-anchor synthesis at apply time)
HU,CAR.D,0.2456,5.241668e-05,t/vkm,DIES,1.5,52251.0,sh:carpark-Y13|int:FULFILL-2011|pkm:obs,shares: ESTAT.CARPARK stock Y13 as 2011 proxy (or observed median); intensity: FULFILL REF 2011 (or median); pkm: ESTAT/ITF Y11 (or gasoline-anchor synthesis at apply time)
HU,CAR.LPG,0.0,5.005505e-05,t/vkm,LPG,1.5,52251.0,sh:carpark-Y13|int:FULFILL-2011|pkm:obs,shares: ESTAT.CARPARK stock Y13 as 2011 proxy (or observed median); intensity: FULFILL REF 2011 (or median); pkm: ESTAT/ITF Y11 (or gasoline-anchor synthesis at apply time)
HU,CAR.CNG,0.0001,4.982042e-05,t/vkm,NGAS,1.5,52251.0,sh:carpark-Y13|int:FULFILL-2011|pkm:obs,shares: ESTAT.CARPARK stock Y13 as 2011 proxy (or observed median); intensity: FULFILL REF 2011 (or median); pkm: ESTAT/ITF Y11 (or gasoline-anchor synthesis at apply time)
HU,CAR.E,0.0,1.021876e-06,TJ/vkm,ELE,1.5,52251.0,sh:carpark-Y13|int:FULFILL-2011|pkm:obs,shares: ESTAT.CARPARK stock Y13 as 2011 proxy (or observed median); intensity: FULFILL REF 2011 (or median); pkm: ESTAT/ITF Y11 (or gasoline-anchor synthesis at apply time)
HU,MOTO,1.0,3.000000e-05,t/vkm,GASO,1.1,0.0,int:NXTR-default|pkm:none,"MOTO: NXTR v0 default intensity; pkm ESTAT Y11 where observed, else the region gets a zero-output MOTO activity (declared)"
IE,CAR.G,0.6219,5.241668e-05,t/vkm,GASO,1.5,0.0,sh:carpark-Y13|int:FULFILL-2011|pkm:synth,shares: ESTAT.CARPARK stock Y13 as 2011 proxy (or observed median); intensity: FULFILL REF 2011 (or median); pkm: ESTAT/ITF Y11 (or gasoline-anchor synthesis at apply time)
IE,CAR.D,0.3779,5.241668e-05,t/vkm,DIES,1.5,0.0,sh:carpark-Y13|int:FULFILL-2011|pkm:synth,shares: ESTAT.CARPARK stock Y13 as 2011 proxy (or observed median); intensity: FULFILL REF 2011 (or median); pkm: ESTAT/ITF Y11 (or gasoline-anchor synthesis at apply time)
IE,CAR.LPG,0.0,5.005505e-05,t/vkm,LPG,1.5,0.0,sh:carpark-Y13|int:FULFILL-2011|pkm:synth,shares: ESTAT.CARPARK stock Y13 as 2011 proxy (or observed median); intensity: FULFILL REF 2011 (or median); pkm: ESTAT/ITF Y11 (or gasoline-anchor synthesis at apply time)
IE,CAR.CNG,0.0,4.982042e-05,t/vkm,NGAS,1.5,0.0,sh:carpark-Y13|int:FULFILL-2011|pkm:synth,shares: ESTAT.CARPARK stock Y13 as 2011 proxy (or observed median); intensity: FULFILL REF 2011 (or median); pkm: ESTAT/ITF Y11 (or gasoline-anchor synthesis at apply time)
IE,CAR.E,0.0001,1.021876e-06,TJ/vkm,ELE,1.5,0.0,sh:carpark-Y13|int:FULFILL-2011|pkm:synth,shares: ESTAT.CARPARK stock Y13 as 2011 proxy (or observed median); intensity: FULFILL REF 2011 (or median); pkm: ESTAT/ITF Y11 (or gasoline-anchor synthesis at apply time)
IE,MOTO,1.0,3.000000e-05,t/vkm,GASO,1.1,0.0,int:NXTR-default|pkm:none,"MOTO: NXTR v0 default intensity; pkm ESTAT Y11 where observed, else the region gets a zero-output MOTO activity (declared)"
IT,CAR.G,0.5223,4.941926e-05,t/vkm,GASO,1.5,665328.0,sh:carpark-Y13|int:FULFILL-2011|pkm:obs,shares: ESTAT.CARPARK stock Y13 as 2011 proxy (or observed median); intensity: FULFILL REF 2011 (or median); pkm: ESTAT/ITF Y11 (or gasoline-anchor synthesis at apply time)
IT,CAR.D,0.404,4.941926e-05,t/vkm,DIES,1.5,665328.0,sh:carpark-Y13|int:FULFILL-2011|pkm:obs,shares: ESTAT.CARPARK stock Y13 as 2011 proxy (or observed median); intensity: FULFILL REF 2011 (or median); pkm: ESTAT/ITF Y11 (or gasoline-anchor synthesis at apply time)
IT,CAR.LPG,0.0526,4.719268e-05,t/vkm,LPG,1.5,665328.0,sh:carpark-Y13|int:FULFILL-2011|pkm:obs,shares: ESTAT.CARPARK stock Y13 as 2011 proxy (or observed median); intensity: FULFILL REF 2011 (or median); pkm: ESTAT/ITF Y11 (or gasoline-anchor synthesis at apply time)
IT,CAR.CNG,0.0209,3.544734e-05,t/vkm,NGAS,1.5,665328.0,sh:carpark-Y13|int:FULFILL-2011|pkm:obs,shares: ESTAT.CARPARK stock Y13 as 2011 proxy (or observed median); intensity: FULFILL REF 2011 (or median); pkm: ESTAT/ITF Y11 (or gasoline-anchor synthesis at apply time)
IT,CAR.E,0.0001,7.959837e-07,TJ/vkm,ELE,1.5,665328.0,sh:carpark-Y13|int:FULFILL-2011|pkm:obs,shares: ESTAT.CARPARK stock Y13 as 2011 proxy (or observed median); intensity: FULFILL REF 2011 (or median); pkm: ESTAT/ITF Y11 (or gasoline-anchor synthesis at apply time)
IT,MOTO,1.0,3.000000e-05,t/vkm,GASO,1.1,42923.0,int:NXTR-default|pkm:obs,"MOTO: NXTR v0 default intensity; pkm ESTAT Y11 where observed, else the region gets a zero-output MOTO activity (declared)"
LT,CAR.G,0.4992,6.716955e-05,t/vkm,GASO,1.5,29907.8,sh:carpark-Y13|int:FULFILL-2011|pkm:obs,shares: ESTAT.CARPARK stock Y13 as 2011 proxy (or observed median); intensity: FULFILL REF 2011 (or median); pkm: ESTAT/ITF Y11 (or gasoline-anchor synthesis at apply time)
LT,CAR.D,0.5008,6.716955e-05,t/vkm,DIES,1.5,29907.8,sh:carpark-Y13|int:FULFILL-2011|pkm:obs,shares: ESTAT.CARPARK stock Y13 as 2011 proxy (or observed median); intensity: FULFILL REF 2011 (or median); pkm: ESTAT/ITF Y11 (or gasoline-anchor synthesis at apply time)
LT,CAR.LPG,0.0,6.414323e-05,t/vkm,LPG,1.5,29907.8,sh:carpark-Y13|int:FULFILL-2011|pkm:obs,shares: ESTAT.CARPARK stock Y13 as 2011 proxy (or observed median); intensity: FULFILL REF 2011 (or median); pkm: ESTAT/ITF Y11 (or gasoline-anchor synthesis at apply time)
LT,CAR.CNG,0.0,4.077467e-05,t/vkm,NGAS,1.5,29907.8,sh:carpark-Y13|int:FULFILL-2011|pkm:obs,shares: ESTAT.CARPARK stock Y13 as 2011 proxy (or observed median); intensity: FULFILL REF 2011 (or median); pkm: ESTAT/ITF Y11 (or gasoline-anchor synthesis at apply time)
LT,CAR.E,0.0,7.758089e-07,TJ/vkm,ELE,1.5,29907.8,sh:carpark-Y13|int:FULFILL-2011|pkm:obs,shares: ESTAT.CARPARK stock Y13 as 2011 proxy (or observed median); intensity: FULFILL REF 2011 (or median); pkm: ESTAT/ITF Y11 (or gasoline-anchor synthesis at apply time)
LT,MOTO,1.0,3.000000e-05,t/vkm,GASO,1.1,262.1,int:NXTR-default|pkm:obs,"MOTO: NXTR v0 default intensity; pkm ESTAT Y11 where observed, else the region gets a zero-output MOTO activity (declared)"
LU,CAR.G,0.3407,5.913218e-05,t/vkm,GASO,1.5,0.0,sh:carpark-Y13|int:FULFILL-2011|pkm:synth,shares: ESTAT.CARPARK stock Y13 as 2011 proxy (or observed median); intensity: FULFILL REF 2011 (or median); pkm: ESTAT/ITF Y11 (or gasoline-anchor synthesis at apply time)
LU,CAR.D,0.6574,5.913218e-05,t/vkm,DIES,1.5,0.0,sh:carpark-Y13|int:FULFILL-2011|pkm:synth,shares: ESTAT.CARPARK stock Y13 as 2011 proxy (or observed median); intensity: FULFILL REF 2011 (or median); pkm: ESTAT/ITF Y11 (or gasoline-anchor synthesis at apply time)
LU,CAR.LPG,0.0008,5.485795e-05,t/vkm,LPG,1.5,0.0,sh:carpark-Y13|int:FULFILL-2011|pkm:synth,shares: ESTAT.CARPARK stock Y13 as 2011 proxy (or observed median); intensity: FULFILL REF 2011 (or median); pkm: ESTAT/ITF Y11 (or gasoline-anchor synthesis at apply time)
LU,CAR.CNG,0.0003,5.352759e-05,t/vkm,NGAS,1.5,0.0,sh:carpark-Y13|int:FULFILL-2011|pkm:synth,shares: ESTAT.CARPARK stock Y13 as 2011 proxy (or observed median); intensity: FULFILL REF 2011 (or median); pkm: ESTAT/ITF Y11 (or gasoline-anchor synthesis at apply time)
LU,CAR.E,0.0007,6.420603e-07,TJ/vkm,ELE,1.5,0.0,sh:carpark-Y13|int:FULFILL-2011|pkm:synth,shares: ESTAT.CARPARK stock Y13 as 2011 proxy (or observed median); intensity: FULFILL REF 2011 (or median); pkm: ESTAT/ITF Y11 (or gasoline-anchor synthesis at apply time)
LU,MOTO,1.0,3.000000e-05,t/vkm,GASO,1.1,0.0,int:NXTR-default|pkm:none,"MOTO: NXTR v0 default intensity; pkm ESTAT Y11 where observed, else the region gets a zero-output MOTO activity (declared)"
LV,CAR.G,0.5698,6.716955e-05,t/vkm,GASO,1.5,11349.9,sh:carpark-Y13|int:FULFILL-2011|pkm:obs,shares: ESTAT.CARPARK stock Y13 as 2011 proxy (or observed median); intensity: FULFILL REF 2011 (or median); pkm: ESTAT/ITF Y11 (or gasoline-anchor synthesis at apply time)
LV,CAR.D,0.4302,6.716955e-05,t/vkm,DIES,1.5,11349.9,sh:carpark-Y13|int:FULFILL-2011|pkm:obs,shares: ESTAT.CARPARK stock Y13 as 2011 proxy (or observed median); intensity: FULFILL REF 2011 (or median); pkm: ESTAT/ITF Y11 (or gasoline-anchor synthesis at apply time)
LV,CAR.LPG,0.0,6.414323e-05,t/vkm,LPG,1.5,11349.9,sh:carpark-Y13|int:FULFILL-2011|pkm:obs,shares: ESTAT.CARPARK stock Y13 as 2011 proxy (or observed median); intensity: FULFILL REF 2011 (or median); pkm: ESTAT/ITF Y11 (or gasoline-anchor synthesis at apply time)
LV,CAR.CNG,0.0,4.077467e-05,t/vkm,NGAS,1.5,11349.9,sh:carpark-Y13|int:FULFILL-2011|pkm:obs,shares: ESTAT.CARPARK stock Y13 as 2011 proxy (or observed median); intensity: FULFILL REF 2011 (or median); pkm: ESTAT/ITF Y11 (or gasoline-anchor synthesis at apply time)
LV,CAR.E,0.0,7.758089e-07,TJ/vkm,ELE,1.5,11349.9,sh:carpark-Y13|int:FULFILL-2011|pkm:obs,shares: ESTAT.CARPARK stock Y13 as 2011 proxy (or observed median); intensity: FULFILL REF 2011 (or median); pkm: ESTAT/ITF Y11 (or gasoline-anchor synthesis at apply time)
LV,MOTO,1.0,3.000000e-05,t/vkm,GASO,1.1,0.0,int:NXTR-default|pkm:none,"MOTO: NXTR v0 default intensity; pkm ESTAT Y11 where observed, else the region gets a zero-output MOTO activity (declared)"
MT,CAR.G,0.6974,5.241668e-05,t/vkm,GASO,1.5,0.0,sh:carpark-Y13|int:FULFILL-2011|pkm:synth,shares: ESTAT.CARPARK stock Y13 as 2011 proxy (or observed median); intensity: FULFILL REF 2011 (or median); pkm: ESTAT/ITF Y11 (or gasoline-anchor synthesis at apply time)
MT,CAR.D,0.3024,5.241668e-05,t/vkm,DIES,1.5,0.0,sh:carpark-Y13|int:FULFILL-2011|pkm:synth,shares: ESTAT.CARPARK stock Y13 as 2011 proxy (or observed median); intensity: FULFILL REF 2011 (or median); pkm: ESTAT/ITF Y11 (or gasoline-anchor synthesis at apply time)
MT,CAR.LPG,0.0,1.001101e-04,t/vkm,LPG,1.5,0.0,sh:carpark-Y13|int:FULFILL-2011|pkm:synth,shares: ESTAT.CARPARK stock Y13 as 2011 proxy (or observed median); intensity: FULFILL REF 2011 (or median); pkm: ESTAT/ITF Y11 (or gasoline-anchor synthesis at apply time)
MT,CAR.CNG,0.0,4.077467e-05,t/vkm,NGAS,1.5,0.0,sh:carpark-Y13|int:FULFILL-median|pkm:synth,shares: ESTAT.CARPARK stock Y13 as 2011 proxy (or observed median); intensity: FULFILL REF 2011 (or median); pkm: ESTAT/ITF Y11 (or gasoline-anchor synthesis at apply time)
MT,CAR.E,0.0002,1.021876e-06,TJ/vkm,ELE,1.5,0.0,sh:carpark-Y13|int:FULFILL-2011|pkm:synth,shares: ESTAT.CARPARK stock Y13 as 2011 proxy (or observed median); intensity: FULFILL REF 2011 (or median); pkm: ESTAT/ITF Y11 (or gasoline-anchor synthesis at apply time)
MT,MOTO,1.0,3.000000e-05,t/vkm,GASO,1.1,0.0,int:NXTR-default|pkm:none,"MOTO: NXTR v0 default intensity; pkm ESTAT Y11 where observed, else the region gets a zero-output MOTO activity (declared)"
NL,CAR.G,0.0,5.744344e-05,t/vkm,GASO,1.5,144400.0,sh:carpark-Y13|int:FULFILL-2011|pkm:obs,shares: ESTAT.CARPARK stock Y13 as 2011 proxy (or observed median); intensity: FULFILL REF 2011 (or median); pkm: ESTAT/ITF Y11 (or gasoline-anchor synthesis at apply time)
NL,CAR.D,0.0,5.744344e-05,t/vkm,DIES,1.5,144400.0,sh:carpark-Y13|int:FULFILL-2011|pkm:obs,shares: ESTAT.CARPARK stock Y13 as 2011 proxy (or observed median); intensity: FULFILL REF 2011 (or median); pkm: ESTAT/ITF Y11 (or gasoline-anchor synthesis at apply time)
NL,CAR.LPG,0.9782,5.485533e-05,t/vkm,LPG,1.5,144400.0,sh:carpark-Y13|int:FULFILL-2011|pkm:obs,shares: ESTAT.CARPARK stock Y13 as 2011 proxy (or observed median); intensity: FULFILL REF 2011 (or median); pkm: ESTAT/ITF Y11 (or gasoline-anchor synthesis at apply time)
NL,CAR.CNG,0.0,3.545470e-05,t/vkm,NGAS,1.5,144400.0,sh:carpark-Y13|int:FULFILL-2011|pkm:obs,shares: ESTAT.CARPARK stock Y13 as 2011 proxy (or observed median); intensity: FULFILL REF 2011 (or median); pkm: ESTAT/ITF Y11 (or gasoline-anchor synthesis at apply time)
NL,CAR.E,0.0218,8.185288e-07,TJ/vkm,ELE,1.5,144400.0,sh:carpark-Y13|int:FULFILL-2011|pkm:obs,shares: ESTAT.CARPARK stock Y13 as 2011 proxy (or observed median); intensity: FULFILL REF 2011 (or median); pkm: ESTAT/ITF Y11 (or gasoline-anchor synthesis at apply time)
NL,MOTO,1.0,3.000000e-05,t/vkm,GASO,1.1,0.0,int:NXTR-default|pkm:none,"MOTO: NXTR v0 default intensity; pkm ESTAT Y11 where observed, else the region gets a zero-output MOTO activity (declared)"
PL,CAR.G,0.5742,4.941926e-05,t/vkm,GASO,1.5,197835.0,sh:carpark-Y13|int:FULFILL-2011|pkm:obs,shares: ESTAT.CARPARK stock Y13 as 2011 proxy (or observed median); intensity: FULFILL REF 2011 (or median); pkm: ESTAT/ITF Y11 (or gasoline-anchor synthesis at apply time)
PL,CAR.D,0.2761,4.941926e-05,t/vkm,DIES,1.5,197835.0,sh:carpark-Y13|int:FULFILL-2011|pkm:obs,shares: ESTAT.CARPARK stock Y13 as 2011 proxy (or observed median); intensity: FULFILL REF 2011 (or median); pkm: ESTAT/ITF Y11 (or gasoline-anchor synthesis at apply time)
PL,CAR.LPG,0.1494,4.719268e-05,t/vkm,LPG,1.5,197835.0,sh:carpark-Y13|int:FULFILL-2011|pkm:obs,shares: ESTAT.CARPARK stock Y13 as 2011 proxy (or observed median); intensity: FULFILL REF 2011 (or median); pkm: ESTAT/ITF Y11 (or gasoline-anchor synthesis at apply time)
PL,CAR.CNG,0.0003,3.544734e-05,t/vkm,NGAS,1.5,197835.0,sh:carpark-Y13|int:FULFILL-2011|pkm:obs,shares: ESTAT.CARPARK stock Y13 as 2011 proxy (or observed median); intensity: FULFILL REF 2011 (or median); pkm: ESTAT/ITF Y11 (or gasoline-anchor synthesis at apply time)
PL,CAR.E,0.0,7.959837e-07,TJ/vkm,ELE,1.5,197835.0,sh:carpark-Y13|int:FULFILL-2011|pkm:obs,shares: ESTAT.CARPARK stock Y13 as 2011 proxy (or observed median); intensity: FULFILL REF 2011 (or median); pkm: ESTAT/ITF Y11 (or gasoline-anchor synthesis at apply time)
PL,MOTO,1.0,3.000000e-05,t/vkm,GASO,1.1,3579.0,int:NXTR-default|pkm:obs,"MOTO: NXTR v0 default intensity; pkm ESTAT Y11 where observed, else the region gets a zero-output MOTO activity (declared)"
PT,CAR.G,0.5003,5.241668e-05,t/vkm,GASO,1.5,0.0,sh:carpark-Y13|int:FULFILL-2011|pkm:synth,shares: ESTAT.CARPARK stock Y13 as 2011 proxy (or observed median); intensity: FULFILL REF 2011 (or median); pkm: ESTAT/ITF Y11 (or gasoline-anchor synthesis at apply time)
PT,CAR.D,0.4902,5.241668e-05,t/vkm,DIES,1.5,0.0,sh:carpark-Y13|int:FULFILL-2011|pkm:synth,shares: ESTAT.CARPARK stock Y13 as 2011 proxy (or observed median); intensity: FULFILL REF 2011 (or median); pkm: ESTAT/ITF Y11 (or gasoline-anchor synthesis at apply time)
PT,CAR.LPG,0.0093,5.005505e-05,t/vkm,LPG,1.5,0.0,sh:carpark-Y13|int:FULFILL-2011|pkm:synth,shares: ESTAT.CARPARK stock Y13 as 2011 proxy (or observed median); intensity: FULFILL REF 2011 (or median); pkm: ESTAT/ITF Y11 (or gasoline-anchor synthesis at apply time)
PT,CAR.CNG,0.0,4.982042e-05,t/vkm,NGAS,1.5,0.0,sh:carpark-Y13|int:FULFILL-2011|pkm:synth,shares: ESTAT.CARPARK stock Y13 as 2011 proxy (or observed median); intensity: FULFILL REF 2011 (or median); pkm: ESTAT/ITF Y11 (or gasoline-anchor synthesis at apply time)
PT,CAR.E,0.0001,1.021876e-06,TJ/vkm,ELE,1.5,0.0,sh:carpark-Y13|int:FULFILL-2011|pkm:synth,shares: ESTAT.CARPARK stock Y13 as 2011 proxy (or observed median); intensity: FULFILL REF 2011 (or median); pkm: ESTAT/ITF Y11 (or gasoline-anchor synthesis at apply time)
PT,MOTO,1.0,3.000000e-05,t/vkm,GASO,1.1,0.0,int:NXTR-default|pkm:none,"MOTO: NXTR v0 default intensity; pkm ESTAT Y11 where observed, else the region gets a zero-output MOTO activity (declared)"
RO,CAR.G,0.6573,6.716955e-05,t/vkm,GASO,1.5,0.0,sh:carpark-Y13|int:FULFILL-2011|pkm:synth,shares: ESTAT.CARPARK stock Y13 as 2011 proxy (or observed median); intensity: FULFILL REF 2011 (or median); pkm: ESTAT/ITF Y11 (or gasoline-anchor synthesis at apply time)
RO,CAR.D,0.3421,6.716955e-05,t/vkm,DIES,1.5,0.0,sh:carpark-Y13|int:FULFILL-2011|pkm:synth,shares: ESTAT.CARPARK stock Y13 as 2011 proxy (or observed median); intensity: FULFILL REF 2011 (or median); pkm: ESTAT/ITF Y11 (or gasoline-anchor synthesis at apply time)
RO,CAR.LPG,0.0001,6.414323e-05,t/vkm,LPG,1.5,0.0,sh:carpark-Y13|int:FULFILL-2011|pkm:synth,shares: ESTAT.CARPARK stock Y13 as 2011 proxy (or observed median); intensity: FULFILL REF 2011 (or median); pkm: ESTAT/ITF Y11 (or gasoline-anchor synthesis at apply time)
RO,CAR.CNG,0.0001,4.077467e-05,t/vkm,NGAS,1.5,0.0,sh:carpark-Y13|int:FULFILL-2011|pkm:synth,shares: ESTAT.CARPARK stock Y13 as 2011 proxy (or observed median); intensity: FULFILL REF 2011 (or median); pkm: ESTAT/ITF Y11 (or gasoline-anchor synthesis at apply time)
RO,CAR.E,0.0004,7.758089e-07,TJ/vkm,ELE,1.5,0.0,sh:carpark-Y13|int:FULFILL-2011|pkm:synth,shares: ESTAT.CARPARK stock Y13 as 2011 proxy (or observed median); intensity: FULFILL REF 2011 (or median); pkm: ESTAT/ITF Y11 (or gasoline-anchor synthesis at apply time)
RO,MOTO,1.0,3.000000e-05,t/vkm,GASO,1.1,0.0,int:NXTR-default|pkm:none,"MOTO: NXTR v0 default intensity; pkm ESTAT Y11 where observed, else the region gets a zero-output MOTO activity (declared)"
SE,CAR.G,0.7457,5.913218e-05,t/vkm,GASO,1.5,109032.0,sh:carpark-Y13|int:FULFILL-2011|pkm:obs,shares: ESTAT.CARPARK stock Y13 as 2011 proxy (or observed median); intensity: FULFILL REF 2011 (or median); pkm: ESTAT/ITF Y11 (or gasoline-anchor synthesis at apply time)
SE,CAR.D,0.2524,5.913218e-05,t/vkm,DIES,1.5,109032.0,sh:carpark-Y13|int:FULFILL-2011|pkm:obs,shares: ESTAT.CARPARK stock Y13 as 2011 proxy (or observed median); intensity: FULFILL REF 2011 (or median); pkm: ESTAT/ITF Y11 (or gasoline-anchor synthesis at apply time)
SE,CAR.LPG,0.0,5.485795e-05,t/vkm,LPG,1.5,109032.0,sh:carpark-Y13|int:FULFILL-2011|pkm:obs,shares: ESTAT.CARPARK stock Y13 as 2011 proxy (or observed median); intensity: FULFILL REF 2011 (or median); pkm: ESTAT/ITF Y11 (or gasoline-anchor synthesis at apply time)
SE,CAR.CNG,0.0016,5.352759e-05,t/vkm,NGAS,1.5,109032.0,sh:carpark-Y13|int:FULFILL-2011|pkm:obs,shares: ESTAT.CARPARK stock Y13 as 2011 proxy (or observed median); intensity: FULFILL REF 2011 (or median); pkm: ESTAT/ITF Y11 (or gasoline-anchor synthesis at apply time)
SE,CAR.E,0.0002,6.420603e-07,TJ/vkm,ELE,1.5,109032.0,sh:carpark-Y13|int:FULFILL-2011|pkm:obs,shares: ESTAT.CARPARK stock Y13 as 2011 proxy (or observed median); intensity: FULFILL REF 2011 (or median); pkm: ESTAT/ITF Y11 (or gasoline-anchor synthesis at apply time)
SE,MOTO,1.0,3.000000e-05,t/vkm,GASO,1.1,0.0,int:NXTR-default|pkm:none,"MOTO: NXTR v0 default intensity; pkm ESTAT Y11 where observed, else the region gets a zero-output MOTO activity (declared)"
SI,CAR.G,0.5961,5.241668e-05,t/vkm,GASO,1.5,0.0,sh:carpark-Y13|int:FULFILL-2011|pkm:synth,shares: ESTAT.CARPARK stock Y13 as 2011 proxy (or observed median); intensity: FULFILL REF 2011 (or median); pkm: ESTAT/ITF Y11 (or gasoline-anchor synthesis at apply time)
SI,CAR.D,0.4039,5.241668e-05,t/vkm,DIES,1.5,0.0,sh:carpark-Y13|int:FULFILL-2011|pkm:synth,shares: ESTAT.CARPARK stock Y13 as 2011 proxy (or observed median); intensity: FULFILL REF 2011 (or median); pkm: ESTAT/ITF Y11 (or gasoline-anchor synthesis at apply time)
SI,CAR.LPG,0.0,5.005505e-05,t/vkm,LPG,1.5,0.0,sh:carpark-Y13|int:FULFILL-2011|pkm:synth,shares: ESTAT.CARPARK stock Y13 as 2011 proxy (or observed median); intensity: FULFILL REF 2011 (or median); pkm: ESTAT/ITF Y11 (or gasoline-anchor synthesis at apply time)
SI,CAR.CNG,0.0,4.982042e-05,t/vkm,NGAS,1.5,0.0,sh:carpark-Y13|int:FULFILL-2011|pkm:synth,shares: ESTAT.CARPARK stock Y13 as 2011 proxy (or observed median); intensity: FULFILL REF 2011 (or median); pkm: ESTAT/ITF Y11 (or gasoline-anchor synthesis at apply time)
SI,CAR.E,0.0,1.021876e-06,TJ/vkm,ELE,1.5,0.0,sh:carpark-Y13|int:FULFILL-2011|pkm:synth,shares: ESTAT.CARPARK stock Y13 as 2011 proxy (or observed median); intensity: FULFILL REF 2011 (or median); pkm: ESTAT/ITF Y11 (or gasoline-anchor synthesis at apply time)
SI,MOTO,1.0,3.000000e-05,t/vkm,GASO,1.1,0.0,int:NXTR-default|pkm:none,"MOTO: NXTR v0 default intensity; pkm ESTAT Y11 where observed, else the region gets a zero-output MOTO activity (declared)"
SK,CAR.G,0.0,5.241668e-05,t/vkm,GASO,1.5,26887.0,sh:carpark-Y13|int:FULFILL-2011|pkm:obs,shares: ESTAT.CARPARK stock Y13 as 2011 proxy (or observed median); intensity: FULFILL REF 2011 (or median); pkm: ESTAT/ITF Y11 (or gasoline-anchor synthesis at apply time)
SK,CAR.D,0.0,5.241668e-05,t/vkm,DIES,1.5,26887.0,sh:carpark-Y13|int:FULFILL-2011|pkm:obs,shares: ESTAT.CARPARK stock Y13 as 2011 proxy (or observed median); intensity: FULFILL REF 2011 (or median); pkm: ESTAT/ITF Y11 (or gasoline-anchor synthesis at apply time)
SK,CAR.LPG,0.974,5.005505e-05,t/vkm,LPG,1.5,26887.0,sh:carpark-Y13|int:FULFILL-2011|pkm:obs,shares: ESTAT.CARPARK stock Y13 as 2011 proxy (or observed median); intensity: FULFILL REF 2011 (or median); pkm: ESTAT/ITF Y11 (or gasoline-anchor synthesis at apply time)
SK,CAR.CNG,0.0249,4.982042e-05,t/vkm,NGAS,1.5,26887.0,sh:carpark-Y13|int:FULFILL-2011|pkm:obs,shares: ESTAT.CARPARK stock Y13 as 2011 proxy (or observed median); intensity: FULFILL REF 2011 (or median); pkm: ESTAT/ITF Y11 (or gasoline-anchor synthesis at apply time)
SK,CAR.E,0.0011,1.021876e-06,TJ/vkm,ELE,1.5,26887.0,sh:carpark-Y13|int:FULFILL-2011|pkm:obs,shares: ESTAT.CARPARK stock Y13 as 2011 proxy (or observed median); intensity: FULFILL REF 2011 (or median); pkm: ESTAT/ITF Y11 (or gasoline-anchor synthesis at apply time)
SK,MOTO,1.0,3.000000e-05,t/vkm,GASO,1.1,0.0,int:NXTR-default|pkm:none,"MOTO: NXTR v0 default intensity; pkm ESTAT Y11 where observed, else the region gets a zero-output MOTO activity (declared)"
GB,CAR.G,0.6431,5.744344e-05,t/vkm,GASO,1.5,653682.4,sh:median|int:FULFILL-median|pkm:obs,shares: ESTAT.CARPARK stock Y13 as 2011 proxy (or observed median); intensity: FULFILL REF 2011 (or median); pkm: ESTAT/ITF Y11 (or gasoline-anchor synthesis at apply time)
GB,CAR.D,0.3566,5.744344e-05,t/vkm,DIES,1.5,653682.4,sh:median|int:FULFILL-median|pkm:obs,shares: ESTAT.CARPARK stock Y13 as 2011 proxy (or observed median); intensity: FULFILL REF 2011 (or median); pkm: ESTAT/ITF Y11 (or gasoline-anchor synthesis at apply time)
GB,CAR.LPG,0.0,5.485533e-05,t/vkm,LPG,1.5,653682.4,sh:median|int:FULFILL-median|pkm:obs,shares: ESTAT.CARPARK stock Y13 as 2011 proxy (or observed median); intensity: FULFILL REF 2011 (or median); pkm: ESTAT/ITF Y11 (or gasoline-anchor synthesis at apply time)
GB,CAR.CNG,0.0001,4.077467e-05,t/vkm,NGAS,1.5,653682.4,sh:median|int:FULFILL-median|pkm:obs,shares: ESTAT.CARPARK stock Y13 as 2011 proxy (or observed median); intensity: FULFILL REF 2011 (or median); pkm: ESTAT/ITF Y11 (or gasoline-anchor synthesis at apply time)
GB,CAR.E,0.0002,8.185288e-07,TJ/vkm,ELE,1.5,653682.4,sh:median|int:FULFILL-median|pkm:obs,shares: ESTAT.CARPARK stock Y13 as 2011 proxy (or observed median); intensity: FULFILL REF 2011 (or median); pkm: ESTAT/ITF Y11 (or gasoline-anchor synthesis at apply time)
GB,MOTO,1.0,3.000000e-05,t/vkm,GASO,1.1,0.0,int:NXTR-default|pkm:none,"MOTO: NXTR v0 default intensity; pkm ESTAT Y11 where observed, else the region gets a zero-output MOTO activity (declared)"
NO,CAR.G,0.548,5.744344e-05,t/vkm,GASO,1.5,59903.0,sh:carpark-Y13|int:FULFILL-median|pkm:obs,shares: ESTAT.CARPARK stock Y13 as 2011 proxy (or observed median); intensity: FULFILL REF 2011 (or median); pkm: ESTAT/ITF Y11 (or gasoline-anchor synthesis at apply time)
NO,CAR.D,0.4447,5.744344e-05,t/vkm,DIES,1.5,59903.0,sh:carpark-Y13|int:FULFILL-median|pkm:obs,shares: ESTAT.CARPARK stock Y13 as 2011 proxy (or observed median); intensity: FULFILL REF 2011 (or median); pkm: ESTAT/ITF Y11 (or gasoline-anchor synthesis at apply time)
NO,CAR.LPG,0.0,5.485533e-05,t/vkm,LPG,1.5,59903.0,sh:carpark-Y13|int:FULFILL-median|pkm:obs,shares: ESTAT.CARPARK stock Y13 as 2011 proxy (or observed median); intensity: FULFILL REF 2011 (or median); pkm: ESTAT/ITF Y11 (or gasoline-anchor synthesis at apply time)
NO,CAR.CNG,0.0,4.077467e-05,t/vkm,NGAS,1.5,59903.0,sh:carpark-Y13|int:FULFILL-median|pkm:obs,shares: ESTAT.CARPARK stock Y13 as 2011 proxy (or observed median); intensity: FULFILL REF 2011 (or median); pkm: ESTAT/ITF Y11 (or gasoline-anchor synthesis at apply time)
NO,CAR.E,0.0072,8.185288e-07,TJ/vkm,ELE,1.5,59903.0,sh:carpark-Y13|int:FULFILL-median|pkm:obs,shares: ESTAT.CARPARK stock Y13 as 2011 proxy (or observed median); intensity: FULFILL REF 2011 (or median); pkm: ESTAT/ITF Y11 (or gasoline-anchor synthesis at apply time)
NO,MOTO,1.0,3.000000e-05,t/vkm,GASO,1.1,1404.0,int:NXTR-default|pkm:obs,"MOTO: NXTR v0 default intensity; pkm ESTAT Y11 where observed, else the region gets a zero-output MOTO activity (declared)"
CH,CAR.G,0.7521,5.744344e-05,t/vkm,GASO,1.5,74135.0,sh:carpark-Y13|int:FULFILL-median|pkm:obs,shares: ESTAT.CARPARK stock Y13 as 2011 proxy (or observed median); intensity: FULFILL REF 2011 (or median); pkm: ESTAT/ITF Y11 (or gasoline-anchor synthesis at apply time)
CH,CAR.D,0.2463,5.744344e-05,t/vkm,DIES,1.5,74135.0,sh:carpark-Y13|int:FULFILL-median|pkm:obs,shares: ESTAT.CARPARK stock Y13 as 2011 proxy (or observed median); intensity: FULFILL REF 2011 (or median); pkm: ESTAT/ITF Y11 (or gasoline-anchor synthesis at apply time)
CH,CAR.LPG,0.0,5.485533e-05,t/vkm,LPG,1.5,74135.0,sh:carpark-Y13|int:FULFILL-median|pkm:obs,shares: ESTAT.CARPARK stock Y13 as 2011 proxy (or observed median); intensity: FULFILL REF 2011 (or median); pkm: ESTAT/ITF Y11 (or gasoline-anchor synthesis at apply time)
CH,CAR.CNG,0.0009,4.077467e-05,t/vkm,NGAS,1.5,74135.0,sh:carpark-Y13|int:FULFILL-median|pkm:obs,shares: ESTAT.CARPARK stock Y13 as 2011 proxy (or observed median); intensity: FULFILL REF 2011 (or median); pkm: ESTAT/ITF Y11 (or gasoline-anchor synthesis at apply time)
CH,CAR.E,0.0006,8.185288e-07,TJ/vkm,ELE,1.5,74135.0,sh:carpark-Y13|int:FULFILL-median|pkm:obs,shares: ESTAT.CARPARK stock Y13 as 2011 proxy (or observed median); intensity: FULFILL REF 2011 (or median); pkm: ESTAT/ITF Y11 (or gasoline-anchor synthesis at apply time)
CH,MOTO,1.0,3.000000e-05,t/vkm,GASO,1.1,0.0,int:NXTR-default|pkm:none,"MOTO: NXTR v0 default intensity; pkm ESTAT Y11 where observed, else the region gets a zero-output MOTO activity (declared)"
TR,CAR.G,0.3127,5.744344e-05,t/vkm,GASO,1.5,146931.0,sh:carpark-Y13|int:FULFILL-median|pkm:obs,shares: ESTAT.CARPARK stock Y13 as 2011 proxy (or observed median); intensity: FULFILL REF 2011 (or median); pkm: ESTAT/ITF Y11 (or gasoline-anchor synthesis at apply time)
TR,CAR.D,0.2703,5.744344e-05,t/vkm,DIES,1.5,146931.0,sh:carpark-Y13|int:FULFILL-median|pkm:obs,shares: ESTAT.CARPARK stock Y13 as 2011 proxy (or observed median); intensity: FULFILL REF 2011 (or median); pkm: ESTAT/ITF Y11 (or gasoline-anchor synthesis at apply time)
TR,CAR.LPG,0.417,5.485533e-05,t/vkm,LPG,1.5,146931.0,sh:carpark-Y13|int:FULFILL-median|pkm:obs,shares: ESTAT.CARPARK stock Y13 as 2011 proxy (or observed median); intensity: FULFILL REF 2011 (or median); pkm: ESTAT/ITF Y11 (or gasoline-anchor synthesis at apply time)
TR,CAR.CNG,0.0,4.077467e-05,t/vkm,NGAS,1.5,146931.0,sh:carpark-Y13|int:FULFILL-median|pkm:obs,shares: ESTAT.CARPARK stock Y13 as 2011 proxy (or observed median); intensity: FULFILL REF 2011 (or median); pkm: ESTAT/ITF Y11 (or gasoline-anchor synthesis at apply time)
TR,CAR.E,0.0,8.185288e-07,TJ/vkm,ELE,1.5,146931.0,sh:carpark-Y13|int:FULFILL-median|pkm:obs,shares: ESTAT.CARPARK stock Y13 as 2011 proxy (or observed median); intensity: FULFILL REF 2011 (or median); pkm: ESTAT/ITF Y11 (or gasoline-anchor synthesis at apply time)
TR,MOTO,1.0,3.000000e-05,t/vkm,GASO,1.1,0.0,int:NXTR-default|pkm:none,"MOTO: NXTR v0 default intensity; pkm ESTAT Y11 where observed, else the region gets a zero-output MOTO activity (declared)"
RU,CAR.G,0.6431,5.744344e-05,t/vkm,GASO,1.5,0.0,sh:median|int:FULFILL-median|pkm:synth,shares: ESTAT.CARPARK stock Y13 as 2011 proxy (or observed median); intensity: FULFILL REF 2011 (or median); pkm: ESTAT/ITF Y11 (or gasoline-anchor synthesis at apply time)
RU,CAR.D,0.3566,5.744344e-05,t/vkm,DIES,1.5,0.0,sh:median|int:FULFILL-median|pkm:synth,shares: ESTAT.CARPARK stock Y13 as 2011 proxy (or observed median); intensity: FULFILL REF 2011 (or median); pkm: ESTAT/ITF Y11 (or gasoline-anchor synthesis at apply time)
RU,CAR.LPG,0.0,5.485533e-05,t/vkm,LPG,1.5,0.0,sh:median|int:FULFILL-median|pkm:synth,shares: ESTAT.CARPARK stock Y13 as 2011 proxy (or observed median); intensity: FULFILL REF 2011 (or median); pkm: ESTAT/ITF Y11 (or gasoline-anchor synthesis at apply time)
RU,CAR.CNG,0.0001,4.077467e-05,t/vkm,NGAS,1.5,0.0,sh:median|int:FULFILL-median|pkm:synth,shares: ESTAT.CARPARK stock Y13 as 2011 proxy (or observed median); intensity: FULFILL REF 2011 (or median); pkm: ESTAT/ITF Y11 (or gasoline-anchor synthesis at apply time)
RU,CAR.E,0.0002,8.185288e-07,TJ/vkm,ELE,1.5,0.0,sh:median|int:FULFILL-median|pkm:synth,shares: ESTAT.CARPARK stock Y13 as 2011 proxy (or observed median); intensity: FULFILL REF 2011 (or median); pkm: ESTAT/ITF Y11 (or gasoline-anchor synthesis at apply time)
RU,MOTO,1.0,3.000000e-05,t/vkm,GASO,1.1,0.0,int:NXTR-default|pkm:none,"MOTO: NXTR v0 default intensity; pkm ESTAT Y11 where observed, else the region gets a zero-output MOTO activity (declared)"
CN,CAR.G,0.6431,5.744344e-05,t/vkm,GASO,1.5,0.0,sh:median|int:FULFILL-median|pkm:synth,shares: ESTAT.CARPARK stock Y13 as 2011 proxy (or observed median); intensity: FULFILL REF 2011 (or median); pkm: ESTAT/ITF Y11 (or gasoline-anchor synthesis at apply time)
CN,CAR.D,0.3566,5.744344e-05,t/vkm,DIES,1.5,0.0,sh:median|int:FULFILL-median|pkm:synth,shares: ESTAT.CARPARK stock Y13 as 2011 proxy (or observed median); intensity: FULFILL REF 2011 (or median); pkm: ESTAT/ITF Y11 (or gasoline-anchor synthesis at apply time)
CN,CAR.LPG,0.0,5.485533e-05,t/vkm,LPG,1.5,0.0,sh:median|int:FULFILL-median|pkm:synth,shares: ESTAT.CARPARK stock Y13 as 2011 proxy (or observed median); intensity: FULFILL REF 2011 (or median); pkm: ESTAT/ITF Y11 (or gasoline-anchor synthesis at apply time)
CN,CAR.CNG,0.0001,4.077467e-05,t/vkm,NGAS,1.5,0.0,sh:median|int:FULFILL-median|pkm:synth,shares: ESTAT.CARPARK stock Y13 as 2011 proxy (or observed median); intensity: FULFILL REF 2011 (or median); pkm: ESTAT/ITF Y11 (or gasoline-anchor synthesis at apply time)
CN,CAR.E,0.0002,8.185288e-07,TJ/vkm,ELE,1.5,0.0,sh:median|int:FULFILL-median|pkm:synth,shares: ESTAT.CARPARK stock Y13 as 2011 proxy (or observed median); intensity: FULFILL REF 2011 (or median); pkm: ESTAT/ITF Y11 (or gasoline-anchor synthesis at apply time)
CN,MOTO,1.0,3.000000e-05,t/vkm,GASO,1.1,0.0,int:NXTR-default|pkm:none,"MOTO: NXTR v0 default intensity; pkm ESTAT Y11 where observed, else the region gets a zero-output MOTO activity (declared)"
US,CAR.G,0.6431,5.744344e-05,t/vkm,GASO,1.5,5575419.8,sh:median|int:FULFILL-median|pkm:obs,shares: ESTAT.CARPARK stock Y13 as 2011 proxy (or observed median); intensity: FULFILL REF 2011 (or median); pkm: ESTAT/ITF Y11 (or gasoline-anchor synthesis at apply time)
US,CAR.D,0.3566,5.744344e-05,t/vkm,DIES,1.5,5575419.8,sh:median|int:FULFILL-median|pkm:obs,shares: ESTAT.CARPARK stock Y13 as 2011 proxy (or observed median); intensity: FULFILL REF 2011 (or median); pkm: ESTAT/ITF Y11 (or gasoline-anchor synthesis at apply time)
US,CAR.LPG,0.0,5.485533e-05,t/vkm,LPG,1.5,5575419.8,sh:median|int:FULFILL-median|pkm:obs,shares: ESTAT.CARPARK stock Y13 as 2011 proxy (or observed median); intensity: FULFILL REF 2011 (or median); pkm: ESTAT/ITF Y11 (or gasoline-anchor synthesis at apply time)
US,CAR.CNG,0.0001,4.077467e-05,t/vkm,NGAS,1.5,5575419.8,sh:median|int:FULFILL-median|pkm:obs,shares: ESTAT.CARPARK stock Y13 as 2011 proxy (or observed median); intensity: FULFILL REF 2011 (or median); pkm: ESTAT/ITF Y11 (or gasoline-anchor synthesis at apply time)
US,CAR.E,0.0002,8.185288e-07,TJ/vkm,ELE,1.5,5575419.8,sh:median|int:FULFILL-median|pkm:obs,shares: ESTAT.CARPARK stock Y13 as 2011 proxy (or observed median); intensity: FULFILL REF 2011 (or median); pkm: ESTAT/ITF Y11 (or gasoline-anchor synthesis at apply time)
US,MOTO,1.0,3.000000e-05,t/vkm,GASO,1.1,0.0,int:NXTR-default|pkm:none,"MOTO: NXTR v0 default intensity; pkm ESTAT Y11 where observed, else the region gets a zero-output MOTO activity (declared)"
JP,CAR.G,0.6431,5.744344e-05,t/vkm,GASO,1.5,793585.0,sh:median|int:FULFILL-median|pkm:obs,shares: ESTAT.CARPARK stock Y13 as 2011 proxy (or observed median); intensity: FULFILL REF 2011 (or median); pkm: ESTAT/ITF Y11 (or gasoline-anchor synthesis at apply time)
JP,CAR.D,0.3566,5.744344e-05,t/vkm,DIES,1.5,793585.0,sh:median|int:FULFILL-median|pkm:obs,shares: ESTAT.CARPARK stock Y13 as 2011 proxy (or observed median); intensity: FULFILL REF 2011 (or median); pkm: ESTAT/ITF Y11 (or gasoline-anchor synthesis at apply time)
JP,CAR.LPG,0.0,5.485533e-05,t/vkm,LPG,1.5,793585.0,sh:median|int:FULFILL-median|pkm:obs,shares: ESTAT.CARPARK stock Y13 as 2011 proxy (or observed median); intensity: FULFILL REF 2011 (or median); pkm: ESTAT/ITF Y11 (or gasoline-anchor synthesis at apply time)
JP,CAR.CNG,0.0001,4.077467e-05,t/vkm,NGAS,1.5,793585.0,sh:median|int:FULFILL-median|pkm:obs,shares: ESTAT.CARPARK stock Y13 as 2011 proxy (or observed median); intensity: FULFILL REF 2011 (or median); pkm: ESTAT/ITF Y11 (or gasoline-anchor synthesis at apply time)
JP,CAR.E,0.0002,8.185288e-07,TJ/vkm,ELE,1.5,793585.0,sh:median|int:FULFILL-median|pkm:obs,shares: ESTAT.CARPARK stock Y13 as 2011 proxy (or observed median); intensity: FULFILL REF 2011 (or median); pkm: ESTAT/ITF Y11 (or gasoline-anchor synthesis at apply time)
JP,MOTO,1.0,3.000000e-05,t/vkm,GASO,1.1,0.0,int:NXTR-default|pkm:none,"MOTO: NXTR v0 default intensity; pkm ESTAT Y11 where observed, else the region gets a zero-output MOTO activity (declared)"
IN,CAR.G,0.6431,5.744344e-05,t/vkm,GASO,1.5,0.0,sh:median|int:FULFILL-median|pkm:synth,shares: ESTAT.CARPARK stock Y13 as 2011 proxy (or observed median); intensity: FULFILL REF 2011 (or median); pkm: ESTAT/ITF Y11 (or gasoline-anchor synthesis at apply time)
IN,CAR.D,0.3566,5.744344e-05,t/vkm,DIES,1.5,0.0,sh:median|int:FULFILL-median|pkm:synth,shares: ESTAT.CARPARK stock Y13 as 2011 proxy (or observed median); intensity: FULFILL REF 2011 (or median); pkm: ESTAT/ITF Y11 (or gasoline-anchor synthesis at apply time)
IN,CAR.LPG,0.0,5.485533e-05,t/vkm,LPG,1.5,0.0,sh:median|int:FULFILL-median|pkm:synth,shares: ESTAT.CARPARK stock Y13 as 2011 proxy (or observed median); intensity: FULFILL REF 2011 (or median); pkm: ESTAT/ITF Y11 (or gasoline-anchor synthesis at apply time)
IN,CAR.CNG,0.0001,4.077467e-05,t/vkm,NGAS,1.5,0.0,sh:median|int:FULFILL-median|pkm:synth,shares: ESTAT.CARPARK stock Y13 as 2011 proxy (or observed median); intensity: FULFILL REF 2011 (or median); pkm: ESTAT/ITF Y11 (or gasoline-anchor synthesis at apply time)
IN,CAR.E,0.0002,8.185288e-07,TJ/vkm,ELE,1.5,0.0,sh:median|int:FULFILL-median|pkm:synth,shares: ESTAT.CARPARK stock Y13 as 2011 proxy (or observed median); intensity: FULFILL REF 2011 (or median); pkm: ESTAT/ITF Y11 (or gasoline-anchor synthesis at apply time)
IN,MOTO,1.0,3.000000e-05,t/vkm,GASO,1.1,0.0,int:NXTR-default|pkm:none,"MOTO: NXTR v0 default intensity; pkm ESTAT Y11 where observed, else the region gets a zero-output MOTO activity (declared)"
CA,CAR.G,0.6431,5.744344e-05,t/vkm,GASO,1.5,0.0,sh:median|int:FULFILL-median|pkm:synth,shares: ESTAT.CARPARK stock Y13 as 2011 proxy (or observed median); intensity: FULFILL REF 2011 (or median); pkm: ESTAT/ITF Y11 (or gasoline-anchor synthesis at apply time)
CA,CAR.D,0.3566,5.744344e-05,t/vkm,DIES,1.5,0.0,sh:median|int:FULFILL-median|pkm:synth,shares: ESTAT.CARPARK stock Y13 as 2011 proxy (or observed median); intensity: FULFILL REF 2011 (or median); pkm: ESTAT/ITF Y11 (or gasoline-anchor synthesis at apply time)
CA,CAR.LPG,0.0,5.485533e-05,t/vkm,LPG,1.5,0.0,sh:median|int:FULFILL-median|pkm:synth,shares: ESTAT.CARPARK stock Y13 as 2011 proxy (or observed median); intensity: FULFILL REF 2011 (or median); pkm: ESTAT/ITF Y11 (or gasoline-anchor synthesis at apply time)
CA,CAR.CNG,0.0001,4.077467e-05,t/vkm,NGAS,1.5,0.0,sh:median|int:FULFILL-median|pkm:synth,shares: ESTAT.CARPARK stock Y13 as 2011 proxy (or observed median); intensity: FULFILL REF 2011 (or median); pkm: ESTAT/ITF Y11 (or gasoline-anchor synthesis at apply time)
CA,CAR.E,0.0002,8.185288e-07,TJ/vkm,ELE,1.5,0.0,sh:median|int:FULFILL-median|pkm:synth,shares: ESTAT.CARPARK stock Y13 as 2011 proxy (or observed median); intensity: FULFILL REF 2011 (or median); pkm: ESTAT/ITF Y11 (or gasoline-anchor synthesis at apply time)
CA,MOTO,1.0,3.000000e-05,t/vkm,GASO,1.1,0.0,int:NXTR-default|pkm:none,"MOTO: NXTR v0 default intensity; pkm ESTAT Y11 where observed, else the region gets a zero-output MOTO activity (declared)"
KR,CAR.G,0.6431,5.744344e-05,t/vkm,GASO,1.5,248111.0,sh:median|int:FULFILL-median|pkm:obs,shares: ESTAT.CARPARK stock Y13 as 2011 proxy (or observed median); intensity: FULFILL REF 2011 (or median); pkm: ESTAT/ITF Y11 (or gasoline-anchor synthesis at apply time)
KR,CAR.D,0.3566,5.744344e-05,t/vkm,DIES,1.5,248111.0,sh:median|int:FULFILL-median|pkm:obs,shares: ESTAT.CARPARK stock Y13 as 2011 proxy (or observed median); intensity: FULFILL REF 2011 (or median); pkm: ESTAT/ITF Y11 (or gasoline-anchor synthesis at apply time)
KR,CAR.LPG,0.0,5.485533e-05,t/vkm,LPG,1.5,248111.0,sh:median|int:FULFILL-median|pkm:obs,shares: ESTAT.CARPARK stock Y13 as 2011 proxy (or observed median); intensity: FULFILL REF 2011 (or median); pkm: ESTAT/ITF Y11 (or gasoline-anchor synthesis at apply time)
KR,CAR.CNG,0.0001,4.077467e-05,t/vkm,NGAS,1.5,248111.0,sh:median|int:FULFILL-median|pkm:obs,shares: ESTAT.CARPARK stock Y13 as 2011 proxy (or observed median); intensity: FULFILL REF 2011 (or median); pkm: ESTAT/ITF Y11 (or gasoline-anchor synthesis at apply time)
KR,CAR.E,0.0002,8.185288e-07,TJ/vkm,ELE,1.5,248111.0,sh:median|int:FULFILL-median|pkm:obs,shares: ESTAT.CARPARK stock Y13 as 2011 proxy (or observed median); intensity: FULFILL REF 2011 (or median); pkm: ESTAT/ITF Y11 (or gasoline-anchor synthesis at apply time)
KR,MOTO,1.0,3.000000e-05,t/vkm,GASO,1.1,0.0,int:NXTR-default|pkm:none,"MOTO: NXTR v0 default intensity; pkm ESTAT Y11 where observed, else the region gets a zero-output MOTO activity (declared)"
BR,CAR.G,0.6431,5.744344e-05,t/vkm,GASO,1.5,0.0,sh:median|int:FULFILL-median|pkm:synth,shares: ESTAT.CARPARK stock Y13 as 2011 proxy (or observed median); intensity: FULFILL REF 2011 (or median); pkm: ESTAT/ITF Y11 (or gasoline-anchor synthesis at apply time)
BR,CAR.D,0.3566,5.744344e-05,t/vkm,DIES,1.5,0.0,sh:median|int:FULFILL-median|pkm:synth,shares: ESTAT.CARPARK stock Y13 as 2011 proxy (or observed median); intensity: FULFILL REF 2011 (or median); pkm: ESTAT/ITF Y11 (or gasoline-anchor synthesis at apply time)
BR,CAR.LPG,0.0,5.485533e-05,t/vkm,LPG,1.5,0.0,sh:median|int:FULFILL-median|pkm:synth,shares: ESTAT.CARPARK stock Y13 as 2011 proxy (or observed median); intensity: FULFILL REF 2011 (or median); pkm: ESTAT/ITF Y11 (or gasoline-anchor synthesis at apply time)
BR,CAR.CNG,0.0001,4.077467e-05,t/vkm,NGAS,1.5,0.0,sh:median|int:FULFILL-median|pkm:synth,shares: ESTAT.CARPARK stock Y13 as 2011 proxy (or observed median); intensity: FULFILL REF 2011 (or median); pkm: ESTAT/ITF Y11 (or gasoline-anchor synthesis at apply time)
BR,CAR.E,0.0002,8.185288e-07,TJ/vkm,ELE,1.5,0.0,sh:median|int:FULFILL-median|pkm:synth,shares: ESTAT.CARPARK stock Y13 as 2011 proxy (or observed median); intensity: FULFILL REF 2011 (or median); pkm: ESTAT/ITF Y11 (or gasoline-anchor synthesis at apply time)
BR,MOTO,1.0,3.000000e-05,t/vkm,GASO,1.1,0.0,int:NXTR-default|pkm:none,"MOTO: NXTR v0 default intensity; pkm ESTAT Y11 where observed, else the region gets a zero-output MOTO activity (declared)"
MX,CAR.G,0.6431,5.744344e-05,t/vkm,GASO,1.5,0.0,sh:median|int:FULFILL-median|pkm:synth,shares: ESTAT.CARPARK stock Y13 as 2011 proxy (or observed median); intensity: FULFILL REF 2011 (or median); pkm: ESTAT/ITF Y11 (or gasoline-anchor synthesis at apply time)
MX,CAR.D,0.3566,5.744344e-05,t/vkm,DIES,1.5,0.0,sh:median|int:FULFILL-median|pkm:synth,shares: ESTAT.CARPARK stock Y13 as 2011 proxy (or observed median); intensity: FULFILL REF 2011 (or median); pkm: ESTAT/ITF Y11 (or gasoline-anchor synthesis at apply time)
MX,CAR.LPG,0.0,5.485533e-05,t/vkm,LPG,1.5,0.0,sh:median|int:FULFILL-median|pkm:synth,shares: ESTAT.CARPARK stock Y13 as 2011 proxy (or observed median); intensity: FULFILL REF 2011 (or median); pkm: ESTAT/ITF Y11 (or gasoline-anchor synthesis at apply time)
MX,CAR.CNG,0.0001,4.077467e-05,t/vkm,NGAS,1.5,0.0,sh:median|int:FULFILL-median|pkm:synth,shares: ESTAT.CARPARK stock Y13 as 2011 proxy (or observed median); intensity: FULFILL REF 2011 (or median); pkm: ESTAT/ITF Y11 (or gasoline-anchor synthesis at apply time)
MX,CAR.E,0.0002,8.185288e-07,TJ/vkm,ELE,1.5,0.0,sh:median|int:FULFILL-median|pkm:synth,shares: ESTAT.CARPARK stock Y13 as 2011 proxy (or observed median); intensity: FULFILL REF 2011 (or median); pkm: ESTAT/ITF Y11 (or gasoline-anchor synthesis at apply time)
MX,MOTO,1.0,3.000000e-05,t/vkm,GASO,1.1,0.0,int:NXTR-default|pkm:none,"MOTO: NXTR v0 default intensity; pkm ESTAT Y11 where observed, else the region gets a zero-output MOTO activity (declared)"
AU,CAR.G,0.6431,5.744344e-05,t/vkm,GASO,1.5,264726.9,sh:median|int:FULFILL-median|pkm:obs,shares: ESTAT.CARPARK stock Y13 as 2011 proxy (or observed median); intensity: FULFILL REF 2011 (or median); pkm: ESTAT/ITF Y11 (or gasoline-anchor synthesis at apply time)
AU,CAR.D,0.3566,5.744344e-05,t/vkm,DIES,1.5,264726.9,sh:median|int:FULFILL-median|pkm:obs,shares: ESTAT.CARPARK stock Y13 as 2011 proxy (or observed median); intensity: FULFILL REF 2011 (or median); pkm: ESTAT/ITF Y11 (or gasoline-anchor synthesis at apply time)
AU,CAR.LPG,0.0,5.485533e-05,t/vkm,LPG,1.5,264726.9,sh:median|int:FULFILL-median|pkm:obs,shares: ESTAT.CARPARK stock Y13 as 2011 proxy (or observed median); intensity: FULFILL REF 2011 (or median); pkm: ESTAT/ITF Y11 (or gasoline-anchor synthesis at apply time)
AU,CAR.CNG,0.0001,4.077467e-05,t/vkm,NGAS,1.5,264726.9,sh:median|int:FULFILL-median|pkm:obs,shares: ESTAT.CARPARK stock Y13 as 2011 proxy (or observed median); intensity: FULFILL REF 2011 (or median); pkm: ESTAT/ITF Y11 (or gasoline-anchor synthesis at apply time)
AU,CAR.E,0.0002,8.185288e-07,TJ/vkm,ELE,1.5,264726.9,sh:median|int:FULFILL-median|pkm:obs,shares: ESTAT.CARPARK stock Y13 as 2011 proxy (or observed median); intensity: FULFILL REF 2011 (or median); pkm: ESTAT/ITF Y11 (or gasoline-anchor synthesis at apply time)
AU,MOTO,1.0,3.000000e-05,t/vkm,GASO,1.1,0.0,int:NXTR-default|pkm:none,"MOTO: NXTR v0 default intensity; pkm ESTAT Y11 where observed, else the region gets a zero-output MOTO activity (declared)"
ID,CAR.G,0.6431,5.744344e-05,t/vkm,GASO,1.5,0.0,sh:median|int:FULFILL-median|pkm:synth,shares: ESTAT.CARPARK stock Y13 as 2011 proxy (or observed median); intensity: FULFILL REF 2011 (or median); pkm: ESTAT/ITF Y11 (or gasoline-anchor synthesis at apply time)
ID,CAR.D,0.3566,5.744344e-05,t/vkm,DIES,1.5,0.0,sh:median|int:FULFILL-median|pkm:synth,shares: ESTAT.CARPARK stock Y13 as 2011 proxy (or observed median); intensity: FULFILL REF 2011 (or median); pkm: ESTAT/ITF Y11 (or gasoline-anchor synthesis at apply time)
ID,CAR.LPG,0.0,5.485533e-05,t/vkm,LPG,1.5,0.0,sh:median|int:FULFILL-median|pkm:synth,shares: ESTAT.CARPARK stock Y13 as 2011 proxy (or observed median); intensity: FULFILL REF 2011 (or median); pkm: ESTAT/ITF Y11 (or gasoline-anchor synthesis at apply time)
ID,CAR.CNG,0.0001,4.077467e-05,t/vkm,NGAS,1.5,0.0,sh:median|int:FULFILL-median|pkm:synth,shares: ESTAT.CARPARK stock Y13 as 2011 proxy (or observed median); intensity: FULFILL REF 2011 (or median); pkm: ESTAT/ITF Y11 (or gasoline-anchor synthesis at apply time)
ID,CAR.E,0.0002,8.185288e-07,TJ/vkm,ELE,1.5,0.0,sh:median|int:FULFILL-median|pkm:synth,shares: ESTAT.CARPARK stock Y13 as 2011 proxy (or observed median); intensity: FULFILL REF 2011 (or median); pkm: ESTAT/ITF Y11 (or gasoline-anchor synthesis at apply time)
ID,MOTO,1.0,3.000000e-05,t/vkm,GASO,1.1,0.0,int:NXTR-default|pkm:none,"MOTO: NXTR v0 default intensity; pkm ESTAT Y11 where observed, else the region gets a zero-output MOTO activity (declared)"
ZA,CAR.G,0.6431,5.744344e-05,t/vkm,GASO,1.5,0.0,sh:median|int:FULFILL-median|pkm:synth,shares: ESTAT.CARPARK stock Y13 as 2011 proxy (or observed median); intensity: FULFILL REF 2011 (or median); pkm: ESTAT/ITF Y11 (or gasoline-anchor synthesis at apply time)
ZA,CAR.D,0.3566,5.744344e-05,t/vkm,DIES,1.5,0.0,sh:median|int:FULFILL-median|pkm:synth,shares: ESTAT.CARPARK stock Y13 as 2011 proxy (or observed median); intensity: FULFILL REF 2011 (or median); pkm: ESTAT/ITF Y11 (or gasoline-anchor synthesis at apply time)
ZA,CAR.LPG,0.0,5.485533e-05,t/vkm,LPG,1.5,0.0,sh:median|int:FULFILL-median|pkm:synth,shares: ESTAT.CARPARK stock Y13 as 2011 proxy (or observed median); intensity: FULFILL REF 2011 (or median); pkm: ESTAT/ITF Y11 (or gasoline-anchor synthesis at apply time)
ZA,CAR.CNG,0.0001,4.077467e-05,t/vkm,NGAS,1.5,0.0,sh:median|int:FULFILL-median|pkm:synth,shares: ESTAT.CARPARK stock Y13 as 2011 proxy (or observed median); intensity: FULFILL REF 2011 (or median); pkm: ESTAT/ITF Y11 (or gasoline-anchor synthesis at apply time)
ZA,CAR.E,0.0002,8.185288e-07,TJ/vkm,ELE,1.5,0.0,sh:median|int:FULFILL-median|pkm:synth,shares: ESTAT.CARPARK stock Y13 as 2011 proxy (or observed median); intensity: FULFILL REF 2011 (or median); pkm: ESTAT/ITF Y11 (or gasoline-anchor synthesis at apply time)
ZA,MOTO,1.0,3.000000e-05,t/vkm,GASO,1.1,0.0,int:NXTR-default|pkm:none,"MOTO: NXTR v0 default intensity; pkm ESTAT Y11 where observed, else the region gets a zero-output MOTO activity (declared)"
TW,CAR.G,0.6431,5.744344e-05,t/vkm,GASO,1.5,0.0,sh:median|int:FULFILL-median|pkm:synth,shares: ESTAT.CARPARK stock Y13 as 2011 proxy (or observed median); intensity: FULFILL REF 2011 (or median); pkm: ESTAT/ITF Y11 (or gasoline-anchor synthesis at apply time)
TW,CAR.D,0.3566,5.744344e-05,t/vkm,DIES,1.5,0.0,sh:median|int:FULFILL-median|pkm:synth,shares: ESTAT.CARPARK stock Y13 as 2011 proxy (or observed median); intensity: FULFILL REF 2011 (or median); pkm: ESTAT/ITF Y11 (or gasoline-anchor synthesis at apply time)
TW,CAR.LPG,0.0,5.485533e-05,t/vkm,LPG,1.5,0.0,sh:median|int:FULFILL-median|pkm:synth,shares: ESTAT.CARPARK stock Y13 as 2011 proxy (or observed median); intensity: FULFILL REF 2011 (or median); pkm: ESTAT/ITF Y11 (or gasoline-anchor synthesis at apply time)
TW,CAR.CNG,0.0001,4.077467e-05,t/vkm,NGAS,1.5,0.0,sh:median|int:FULFILL-median|pkm:synth,shares: ESTAT.CARPARK stock Y13 as 2011 proxy (or observed median); intensity: FULFILL REF 2011 (or median); pkm: ESTAT/ITF Y11 (or gasoline-anchor synthesis at apply time)
TW,CAR.E,0.0002,8.185288e-07,TJ/vkm,ELE,1.5,0.0,sh:median|int:FULFILL-median|pkm:synth,shares: ESTAT.CARPARK stock Y13 as 2011 proxy (or observed median); intensity: FULFILL REF 2011 (or median); pkm: ESTAT/ITF Y11 (or gasoline-anchor synthesis at apply time)
TW,MOTO,1.0,3.000000e-05,t/vkm,GASO,1.1,0.0,int:NXTR-default|pkm:none,"MOTO: NXTR v0 default intensity; pkm ESTAT Y11 where observed, else the region gets a zero-output MOTO activity (declared)"
WA,CAR.G,0.6431,5.744344e-05,t/vkm,GASO,1.5,0.0,sh:median|int:FULFILL-median|pkm:synth,shares: ESTAT.CARPARK stock Y13 as 2011 proxy (or observed median); intensity: FULFILL REF 2011 (or median); pkm: ESTAT/ITF Y11 (or gasoline-anchor synthesis at apply time)
WA,CAR.D,0.3566,5.744344e-05,t/vkm,DIES,1.5,0.0,sh:median|int:FULFILL-median|pkm:synth,shares: ESTAT.CARPARK stock Y13 as 2011 proxy (or observed median); intensity: FULFILL REF 2011 (or median); pkm: ESTAT/ITF Y11 (or gasoline-anchor synthesis at apply time)
WA,CAR.LPG,0.0,5.485533e-05,t/vkm,LPG,1.5,0.0,sh:median|int:FULFILL-median|pkm:synth,shares: ESTAT.CARPARK stock Y13 as 2011 proxy (or observed median); intensity: FULFILL REF 2011 (or median); pkm: ESTAT/ITF Y11 (or gasoline-anchor synthesis at apply time)
WA,CAR.CNG,0.0001,4.077467e-05,t/vkm,NGAS,1.5,0.0,sh:median|int:FULFILL-median|pkm:synth,shares: ESTAT.CARPARK stock Y13 as 2011 proxy (or observed median); intensity: FULFILL REF 2011 (or median); pkm: ESTAT/ITF Y11 (or gasoline-anchor synthesis at apply time)
WA,CAR.E,0.0002,8.185288e-07,TJ/vkm,ELE,1.5,0.0,sh:median|int:FULFILL-median|pkm:synth,shares: ESTAT.CARPARK stock Y13 as 2011 proxy (or observed median); intensity: FULFILL REF 2011 (or median); pkm: ESTAT/ITF Y11 (or gasoline-anchor synthesis at apply time)
WA,MOTO,1.0,3.000000e-05,t/vkm,GASO,1.1,0.0,int:NXTR-default|pkm:none,"MOTO: NXTR v0 default intensity; pkm ESTAT Y11 where observed, else the region gets a zero-output MOTO activity (declared)"
WE,CAR.G,0.6431,5.744344e-05,t/vkm,GASO,1.5,0.0,sh:median|int:FULFILL-median|pkm:synth,shares: ESTAT.CARPARK stock Y13 as 2011 proxy (or observed median); intensity: FULFILL REF 2011 (or median); pkm: ESTAT/ITF Y11 (or gasoline-anchor synthesis at apply time)
WE,CAR.D,0.3566,5.744344e-05,t/vkm,DIES,1.5,0.0,sh:median|int:FULFILL-median|pkm:synth,shares: ESTAT.CARPARK stock Y13 as 2011 proxy (or observed median); intensity: FULFILL REF 2011 (or median); pkm: ESTAT/ITF Y11 (or gasoline-anchor synthesis at apply time)
WE,CAR.LPG,0.0,5.485533e-05,t/vkm,LPG,1.5,0.0,sh:median|int:FULFILL-median|pkm:synth,shares: ESTAT.CARPARK stock Y13 as 2011 proxy (or observed median); intensity: FULFILL REF 2011 (or median); pkm: ESTAT/ITF Y11 (or gasoline-anchor synthesis at apply time)
WE,CAR.CNG,0.0001,4.077467e-05,t/vkm,NGAS,1.5,0.0,sh:median|int:FULFILL-median|pkm:synth,shares: ESTAT.CARPARK stock Y13 as 2011 proxy (or observed median); intensity: FULFILL REF 2011 (or median); pkm: ESTAT/ITF Y11 (or gasoline-anchor synthesis at apply time)
WE,CAR.E,0.0002,8.185288e-07,TJ/vkm,ELE,1.5,0.0,sh:median|int:FULFILL-median|pkm:synth,shares: ESTAT.CARPARK stock Y13 as 2011 proxy (or observed median); intensity: FULFILL REF 2011 (or median); pkm: ESTAT/ITF Y11 (or gasoline-anchor synthesis at apply time)
WE,MOTO,1.0,3.000000e-05,t/vkm,GASO,1.1,0.0,int:NXTR-default|pkm:none,"MOTO: NXTR v0 default intensity; pkm ESTAT Y11 where observed, else the region gets a zero-output MOTO activity (declared)"
WF,CAR.G,0.6431,5.744344e-05,t/vkm,GASO,1.5,0.0,sh:median|int:FULFILL-median|pkm:synth,shares: ESTAT.CARPARK stock Y13 as 2011 proxy (or observed median); intensity: FULFILL REF 2011 (or median); pkm: ESTAT/ITF Y11 (or gasoline-anchor synthesis at apply time)
WF,CAR.D,0.3566,5.744344e-05,t/vkm,DIES,1.5,0.0,sh:median|int:FULFILL-median|pkm:synth,shares: ESTAT.CARPARK stock Y13 as 2011 proxy (or observed median); intensity: FULFILL REF 2011 (or median); pkm: ESTAT/ITF Y11 (or gasoline-anchor synthesis at apply time)
WF,CAR.LPG,0.0,5.485533e-05,t/vkm,LPG,1.5,0.0,sh:median|int:FULFILL-median|pkm:synth,shares: ESTAT.CARPARK stock Y13 as 2011 proxy (or observed median); intensity: FULFILL REF 2011 (or median); pkm: ESTAT/ITF Y11 (or gasoline-anchor synthesis at apply time)
WF,CAR.CNG,0.0001,4.077467e-05,t/vkm,NGAS,1.5,0.0,sh:median|int:FULFILL-median|pkm:synth,shares: ESTAT.CARPARK stock Y13 as 2011 proxy (or observed median); intensity: FULFILL REF 2011 (or median); pkm: ESTAT/ITF Y11 (or gasoline-anchor synthesis at apply time)
WF,CAR.E,0.0002,8.185288e-07,TJ/vkm,ELE,1.5,0.0,sh:median|int:FULFILL-median|pkm:synth,shares: ESTAT.CARPARK stock Y13 as 2011 proxy (or observed median); intensity: FULFILL REF 2011 (or median); pkm: ESTAT/ITF Y11 (or gasoline-anchor synthesis at apply time)
WF,MOTO,1.0,3.000000e-05,t/vkm,GASO,1.1,0.0,int:NXTR-default|pkm:none,"MOTO: NXTR v0 default intensity; pkm ESTAT Y11 where observed, else the region gets a zero-output MOTO activity (declared)"
WL,CAR.G,0.6431,5.744344e-05,t/vkm,GASO,1.5,0.0,sh:median|int:FULFILL-median|pkm:synth,shares: ESTAT.CARPARK stock Y13 as 2011 proxy (or observed median); intensity: FULFILL REF 2011 (or median); pkm: ESTAT/ITF Y11 (or gasoline-anchor synthesis at apply time)
WL,CAR.D,0.3566,5.744344e-05,t/vkm,DIES,1.5,0.0,sh:median|int:FULFILL-median|pkm:synth,shares: ESTAT.CARPARK stock Y13 as 2011 proxy (or observed median); intensity: FULFILL REF 2011 (or median); pkm: ESTAT/ITF Y11 (or gasoline-anchor synthesis at apply time)
WL,CAR.LPG,0.0,5.485533e-05,t/vkm,LPG,1.5,0.0,sh:median|int:FULFILL-median|pkm:synth,shares: ESTAT.CARPARK stock Y13 as 2011 proxy (or observed median); intensity: FULFILL REF 2011 (or median); pkm: ESTAT/ITF Y11 (or gasoline-anchor synthesis at apply time)
WL,CAR.CNG,0.0001,4.077467e-05,t/vkm,NGAS,1.5,0.0,sh:median|int:FULFILL-median|pkm:synth,shares: ESTAT.CARPARK stock Y13 as 2011 proxy (or observed median); intensity: FULFILL REF 2011 (or median); pkm: ESTAT/ITF Y11 (or gasoline-anchor synthesis at apply time)
WL,CAR.E,0.0002,8.185288e-07,TJ/vkm,ELE,1.5,0.0,sh:median|int:FULFILL-median|pkm:synth,shares: ESTAT.CARPARK stock Y13 as 2011 proxy (or observed median); intensity: FULFILL REF 2011 (or median); pkm: ESTAT/ITF Y11 (or gasoline-anchor synthesis at apply time)
WL,MOTO,1.0,3.000000e-05,t/vkm,GASO,1.1,0.0,int:NXTR-default|pkm:none,"MOTO: NXTR v0 default intensity; pkm ESTAT Y11 where observed, else the region gets a zero-output MOTO activity (declared)"
WM,CAR.G,0.6431,5.744344e-05,t/vkm,GASO,1.5,0.0,sh:median|int:FULFILL-median|pkm:synth,shares: ESTAT.CARPARK stock Y13 as 2011 proxy (or observed median); intensity: FULFILL REF 2011 (or median); pkm: ESTAT/ITF Y11 (or gasoline-anchor synthesis at apply time)
WM,CAR.D,0.3566,5.744344e-05,t/vkm,DIES,1.5,0.0,sh:median|int:FULFILL-median|pkm:synth,shares: ESTAT.CARPARK stock Y13 as 2011 proxy (or observed median); intensity: FULFILL REF 2011 (or median); pkm: ESTAT/ITF Y11 (or gasoline-anchor synthesis at apply time)
WM,CAR.LPG,0.0,5.485533e-05,t/vkm,LPG,1.5,0.0,sh:median|int:FULFILL-median|pkm:synth,shares: ESTAT.CARPARK stock Y13 as 2011 proxy (or observed median); intensity: FULFILL REF 2011 (or median); pkm: ESTAT/ITF Y11 (or gasoline-anchor synthesis at apply time)
WM,CAR.CNG,0.0001,4.077467e-05,t/vkm,NGAS,1.5,0.0,sh:median|int:FULFILL-median|pkm:synth,shares: ESTAT.CARPARK stock Y13 as 2011 proxy (or observed median); intensity: FULFILL REF 2011 (or median); pkm: ESTAT/ITF Y11 (or gasoline-anchor synthesis at apply time)
WM,CAR.E,0.0002,8.185288e-07,TJ/vkm,ELE,1.5,0.0,sh:median|int:FULFILL-median|pkm:synth,shares: ESTAT.CARPARK stock Y13 as 2011 proxy (or observed median); intensity: FULFILL REF 2011 (or median); pkm: ESTAT/ITF Y11 (or gasoline-anchor synthesis at apply time)
WM,MOTO,1.0,3.000000e-05,t/vkm,GASO,1.1,0.0,int:NXTR-default|pkm:none,"MOTO: NXTR v0 default intensity; pkm ESTAT Y11 where observed, else the region gets a zero-output MOTO activity (declared)"
