DATAFLOW,FREQ,REF_AREA,MEASURE,ACTIVITY,SIZE_CLASS,UNIT_MEASURE,TIME_PERIOD,OBS_VALUE,OBS_STATUS,UNIT_MULT,DECIMALS
OECD.SDD.TPS:DSD_SDBSBSC_ISIC4@DF_SDBS_ISIC4(1.0),A,KOR,EMPE,H4922,S1T19,PS,2011,10574,A,0,0
OECD.SDD.TPS:DSD_SDBSBSC_ISIC4@DF_SDBS_ISIC4(1.0),A,KOR,EMPE,H4923,S_GE10,PS,2011,205374,A,0,0
OECD.SDD.TPS:DSD_SDBSBSC_ISIC4@DF_SDBS_ISIC4(1.0),A,KOR,EMPN,H492,S_GE10,PS,2011,512459,A,0,0
OECD.SDD.TPS:DSD_SDBSBSC_ISIC4@DF_SDBS_ISIC4(1.0),A,KOR,EMPN,H4922,S_GE20,PS,2011,165105,A,0,0
OECD.SDD.TPS:DSD_SDBSBSC_ISIC4@DF_SDBS_ISIC4(1.0),A,KOR,EMPN,H492,S1T9,PS,2011,329060,A,0,0
OECD.SDD.TPS:DSD_SDBSBSC_ISIC4@DF_SDBS_ISIC4(1.0),A,KOR,EMPN,H4921,S10T19,PS,2011,1540,A,0,0
OECD.SDD.TPS:DSD_SDBSBSC_ISIC4@DF_SDBS_ISIC4(1.0),A,KOR,EMPN,H4922,S10T19,PS,2011,8939,A,0,0
OECD.SDD.TPS:DSD_SDBSBSC_ISIC4@DF_SDBS_ISIC4(1.0),A,KOR,EMPN,H4922,S1T249,PS,2011,328646,A,0,0
OECD.SDD.TPS:DSD_SDBSBSC_ISIC4@DF_SDBS_ISIC4(1.0),A,KOR,EMPN,H4923,S1T19,PS,2011,176816,A,0,0
OECD.SDD.TPS:DSD_SDBSBSC_ISIC4@DF_SDBS_ISIC4(1.0),A,KOR,EMPN,H4923,S_GE20,PS,2011,193929,A,0,0
OECD.SDD.TPS:DSD_SDBSBSC_ISIC4@DF_SDBS_ISIC4(1.0),A,KOR,ENTR,H4922,S10T19,ENT,2011,637,A,0,0
OECD.SDD.TPS:DSD_SDBSBSC_ISIC4@DF_SDBS_ISIC4(1.0),A,KOR,ENTR,H4921,S_GE10,ENT,2011,774,A,0,0
OECD.SDD.TPS:DSD_SDBSBSC_ISIC4@DF_SDBS_ISIC4(1.0),A,KOR,VALU,H4921,S_GE10,XDC,2011,5849594,A,6,1
OECD.SDD.TPS:DSD_SDBSBSC_ISIC4@DF_SDBS_ISIC4(1.0),A,KOR,VALU,H4923,S10T19,XDC,2011,573769,A,6,1
OECD.SDD.TPS:DSD_SDBSBSC_ISIC4@DF_SDBS_ISIC4(1.0),A,KOR,VALU,H492,_T,XDC,2011,24116962,A,6,1
OECD.SDD.TPS:DSD_SDBSBSC_ISIC4@DF_SDBS_ISIC4(1.0),A,KOR,VALU,H4922,S50T249,XDC,2011,1625549,A,6,1
OECD.SDD.TPS:DSD_SDBSBSC_ISIC4@DF_SDBS_ISIC4(1.0),A,KOR,VALU,H4923,S1T19,XDC,2011,3960256,A,6,1
OECD.SDD.TPS:DSD_SDBSBSC_ISIC4@DF_SDBS_ISIC4(1.0),A,KOR,VALU,H4922,S1T9,XDC,2011,3298555,A,6,1
OECD.SDD.TPS:DSD_SDBSBSC_ISIC4@DF_SDBS_ISIC4(1.0),A,KOR,TUTT,H492,S50T249,XDC,2011,14592779,A,6,1
OECD.SDD.TPS:DSD_SDBSBSC_ISIC4@DF_SDBS_ISIC4(1.0),A,KOR,TUTT,H4923,_T,XDC,2011,27292952,A,6,1
OECD.SDD.TPS:DSD_SDBSBSC_ISIC4@DF_SDBS_ISIC4(1.0),A,KOR,TUTT,H4922,_T,XDC,2011,11072544,A,6,1
OECD.SDD.TPS:DSD_SDBSBSC_ISIC4@DF_SDBS_ISIC4(1.0),A,KOR,TUTT,H492,S1T9,XDC,2011,12136441,A,6,1
OECD.SDD.TPS:DSD_SDBSBSC_ISIC4@DF_SDBS_ISIC4(1.0),A,KOR,TUTT,H492,S20T49,XDC,2011,6420024,A,6,1
OECD.SDD.TPS:DSD_SDBSBSC_ISIC4@DF_SDBS_ISIC4(1.0),A,KOR,TUTT,H492,S10T49,XDC,2011,8386741,A,6,1
OECD.SDD.TPS:DSD_SDBSBSC_ISIC4@DF_SDBS_ISIC4(1.0),A,KOR,WASE,H492,S1T9,XDC,2011,223302,A,6,1
OECD.SDD.TPS:DSD_SDBSBSC_ISIC4@DF_SDBS_ISIC4(1.0),A,KOR,WASE,H492,S20T49,XDC,2011,1948125,A,6,1
OECD.SDD.TPS:DSD_SDBSBSC_ISIC4@DF_SDBS_ISIC4(1.0),A,KOR,WASE,H492,S_GE10,XDC,2011,12735805,A,6,1
OECD.SDD.TPS:DSD_SDBSBSC_ISIC4@DF_SDBS_ISIC4(1.0),A,KOR,WASE,H4921,S10T19,XDC,2011,30963,A,6,1
OECD.SDD.TPS:DSD_SDBSBSC_ISIC4@DF_SDBS_ISIC4(1.0),A,KOR,WASE,H4922,S1T249,XDC,2011,1932998,A,6,1
OECD.SDD.TPS:DSD_SDBSBSC_ISIC4@DF_SDBS_ISIC4(1.0),A,KOR,WASE,H4923,S_GE20,XDC,2011,5574855,A,6,1
OECD.SDD.TPS:DSD_SDBSBSC_ISIC4@DF_SDBS_ISIC4(1.0),A,KOR,WASE,H4922,S10T19,XDC,2011,112790,A,6,1
OECD.SDD.TPS:DSD_SDBSBSC_ISIC4@DF_SDBS_ISIC4(1.0),A,KOR,PROD,H4923,S50T249,XDC,2011,7913863,A,6,1
OECD.SDD.TPS:DSD_SDBSBSC_ISIC4@DF_SDBS_ISIC4(1.0),A,KOR,PROD,H4921,_T,XDC,2011,11435929,A,6,1
OECD.SDD.TPS:DSD_SDBSBSC_ISIC4@DF_SDBS_ISIC4(1.0),A,KOR,PROD,H492,S50T249,XDC,2011,14881858,A,6,1
OECD.SDD.TPS:DSD_SDBSBSC_ISIC4@DF_SDBS_ISIC4(1.0),A,KOR,PROD,H4923,S1T9,XDC,2011,3745746,A,6,1
OECD.SDD.TPS:DSD_SDBSBSC_ISIC4@DF_SDBS_ISIC4(1.0),A,KOR,VAPE,H492,S1T9,XDC,2011,20.3279590606689,A,6,1
OECD.SDD.TPS:DSD_SDBSBSC_ISIC4@DF_SDBS_ISIC4(1.0),A,KOR,VAPE,H4922,S10T19,XDC,2011,23.7546710968018,A,6,1
OECD.SDD.TPS:DSD_SDBSBSC_ISIC4@DF_SDBS_ISIC4(1.0),A,KOR,VAPE,H4922,S1T249,XDC,2011,18.1769981384277,A,6,1
OECD.SDD.TPS:DSD_SDBSBSC_ISIC4@DF_SDBS_ISIC4(1.0),A,KOR,VAPE,H492,S50T249,XDC,2011,28.0876789093018,A,6,1
OECD.SDD.TPS:DSD_SDBSBSC_ISIC4@DF_SDBS_ISIC4(1.0),A,KOR,VAPE,H492,S_GE250,XDC,2011,46.243335723877,A,6,1
OECD.SDD.TPS:DSD_SDBSBSC_ISIC4@DF_SDBS_ISIC4(1.0),A,KOR,GITG,H492,S_GE20,XDC,2011,3536458,A,6,1
OECD.SDD.TPS:DSD_SDBSBSC_ISIC4@DF_SDBS_ISIC4(1.0),A,KOR,GITG,H4922,S20T49,XDC,2011,233328,A,6,1
OECD.SDD.TPS:DSD_SDBSBSC_ISIC4@DF_SDBS_ISIC4(1.0),A,KOR,GITG,H4922,S1T9,XDC,2011,244212,A,6,1
OECD.SDD.TPS:DSD_SDBSBSC_ISIC4@DF_SDBS_ISIC4(1.0),A,KOR,GITG,H4922,S10T49,XDC,2011,300260,A,6,1
OECD.SDD.TPS:DSD_SDBSBSC_ISIC4@DF_SDBS_ISIC4(1.0),A,KOR,GITG,H492,S1T19,XDC,2011,688339,A,6,1
OECD.SDD.TPS:DSD_SDBSBSC_ISIC4@DF_SDBS_ISIC4(1.0),A,KOR,GFLA,H492,_T,XDC,2011,290862,A,6,1
OECD.SDD.TPS:DSD_SDBSBSC_ISIC4@DF_SDBS_ISIC4(1.0),A,KOR,GFLA,H4921,_T,XDC,2011,186894,A,6,1
OECD.SDD.TPS:DSD_SDBSBSC_ISIC4@DF_SDBS_ISIC4(1.0),A,KOR,TUTT,H4921,S1T19,XDC,2011,178790,A,6,1
OECD.SDD.TPS:DSD_SDBSBSC_ISIC4@DF_SDBS_ISIC4(1.0),A,KOR,VAPE,H4923,S_GE20,XDC,2011,42.0601005554199,A,6,1
OECD.SDD.TPS:DSD_SDBSBSC_ISIC4@DF_SDBS_ISIC4(1.0),A,KOR,VAPE,H4921,S_GE20,XDC,2011,45.2742729187012,A,6,1
OECD.SDD.TPS:DSD_SDBSBSC_ISIC4@DF_SDBS_ISIC4(1.0),A,KOR,VAPE,H492,S_GE20,XDC,2011,34.0670852661133,A,6,1
OECD.SDD.TPS:DSD_SDBSBSC_ISIC4@DF_SDBS_ISIC4(1.0),A,KOR,VAPE,H4922,S1T19,XDC,2011,20.0228004455566,A,6,1
OECD.SDD.TPS:DSD_SDBSBSC_ISIC4@DF_SDBS_ISIC4(1.0),A,KOR,VAPE,H4923,S1T19,XDC,2011,22.397611618042,A,6,1
OECD.SDD.TPS:DSD_SDBSBSC_ISIC4@DF_SDBS_ISIC4(1.0),A,KOR,ENTR,H4922,S20T49,ENT,2011,1169,A,0,0
OECD.SDD.TPS:DSD_SDBSBSC_ISIC4@DF_SDBS_ISIC4(1.0),A,KOR,ENTR,H4923,_T,ENT,2011,158235,A,0,0
OECD.SDD.TPS:DSD_SDBSBSC_ISIC4@DF_SDBS_ISIC4(1.0),A,KOR,ENTR,H492,S20T49,ENT,2011,2914,A,0,0
OECD.SDD.TPS:DSD_SDBSBSC_ISIC4@DF_SDBS_ISIC4(1.0),A,KOR,ENTR,H492,S10T19,ENT,2011,1761,A,0,0
OECD.SDD.TPS:DSD_SDBSBSC_ISIC4@DF_SDBS_ISIC4(1.0),A,KOR,ENTR,H4922,_T,ENT,2011,167450,A,0,0
OECD.SDD.TPS:DSD_SDBSBSC_ISIC4@DF_SDBS_ISIC4(1.0),A,KOR,ENTR,H4922,S1T9,ENT,2011,164512,A,0,0
OECD.SDD.TPS:DSD_SDBSBSC_ISIC4@DF_SDBS_ISIC4(1.0),A,KOR,ENTR,H4923,S1T9,ENT,2011,154483,A,0,0
OECD.SDD.TPS:DSD_SDBSBSC_ISIC4@DF_SDBS_ISIC4(1.0),A,KOR,ENTR,H4923,S10T49,ENT,2011,2548,A,0,0
OECD.SDD.TPS:DSD_SDBSBSC_ISIC4@DF_SDBS_ISIC4(1.0),A,KOR,ENTR,H4923,S_GE250,ENT,2011,77,A,0,0
OECD.SDD.TPS:DSD_SDBSBSC_ISIC4@DF_SDBS_ISIC4(1.0),A,KOR,ENTR,H4921,S10T49,ENT,2011,321,A,0,0
OECD.SDD.TPS:DSD_SDBSBSC_ISIC4@DF_SDBS_ISIC4(1.0),A,KOR,ENTR,H492,S1T9,ENT,2011,319085,A,0,0
OECD.SDD.TPS:DSD_SDBSBSC_ISIC4@DF_SDBS_ISIC4(1.0),A,KOR,ENTR,H492,S1T19,ENT,2011,320846,A,0,0
OECD.SDD.TPS:DSD_SDBSBSC_ISIC4@DF_SDBS_ISIC4(1.0),A,KOR,ENTR,H4922,S_GE10,ENT,2011,2938,A,0,0
OECD.SDD.TPS:DSD_SDBSBSC_ISIC4@DF_SDBS_ISIC4(1.0),A,KOR,ENTR,H4921,S50T249,ENT,2011,339,A,0,0
OECD.SDD.TPS:DSD_SDBSBSC_ISIC4@DF_SDBS_ISIC4(1.0),A,KOR,ENTR,H492,S50T249,ENT,2011,2563,A,0,0
OECD.SDD.TPS:DSD_SDBSBSC_ISIC4@DF_SDBS_ISIC4(1.0),A,KOR,ENTR,H4921,S1T9,ENT,2011,91,A,0,0
OECD.SDD.TPS:DSD_SDBSBSC_ISIC4@DF_SDBS_ISIC4(1.0),A,KOR,ENTR,H492,_T,ENT,2011,326550,A,0,0
OECD.SDD.TPS:DSD_SDBSBSC_ISIC4@DF_SDBS_ISIC4(1.0),A,KOR,EMPE,H4923,S50T249,PS,2011,95930,A,0,0
OECD.SDD.TPS:DSD_SDBSBSC_ISIC4@DF_SDBS_ISIC4(1.0),A,KOR,EMPE,H4921,S10T49,PS,2011,8000,A,0,0
OECD.SDD.TPS:DSD_SDBSBSC_ISIC4@DF_SDBS_ISIC4(1.0),A,KOR,EMPE,H4922,S10T49,PS,2011,45799,A,0,0
OECD.SDD.TPS:DSD_SDBSBSC_ISIC4@DF_SDBS_ISIC4(1.0),A,KOR,EMPE,H4922,S10T19,PS,2011,8768,A,0,0
OECD.SDD.TPS:DSD_SDBSBSC_ISIC4@DF_SDBS_ISIC4(1.0),A,KOR,EMPE,H4923,S10T19,PS,2011,14330,A,0,0
OECD.SDD.TPS:DSD_SDBSBSC_ISIC4@DF_SDBS_ISIC4(1.0),A,KOR,EMPE,H492,S10T19,PS,2011,24577,A,0,0
OECD.SDD.TPS:DSD_SDBSBSC_ISIC4@DF_SDBS_ISIC4(1.0),A,KOR,EMPE,H4921,S_GE10,PS,2011,127358,A,0,0
OECD.SDD.TPS:DSD_SDBSBSC_ISIC4@DF_SDBS_ISIC4(1.0),A,KOR,EMPE,H492,S_GE10,PS,2011,503435,A,0,0
OECD.SDD.TPS:DSD_SDBSBSC_ISIC4@DF_SDBS_ISIC4(1.0),A,KOR,EMPE,H4921,S1T9,PS,2011,275,A,0,0
OECD.SDD.TPS:DSD_SDBSBSC_ISIC4@DF_SDBS_ISIC4(1.0),A,KOR,EMPE,H4922,S1T9,PS,2011,1806,A,0,0
OECD.SDD.TPS:DSD_SDBSBSC_ISIC4@DF_SDBS_ISIC4(1.0),A,KOR,EMPE,H4923,S1T9,PS,2011,7923,A,0,0
OECD.SDD.TPS:DSD_SDBSBSC_ISIC4@DF_SDBS_ISIC4(1.0),A,KOR,EMPE,H4921,S_GE250,PS,2011,73036,A,0,0
OECD.SDD.TPS:DSD_SDBSBSC_ISIC4@DF_SDBS_ISIC4(1.0),A,KOR,EMPE,H4923,S20T49,PS,2011,47130,A,0,0
OECD.SDD.TPS:DSD_SDBSBSC_ISIC4@DF_SDBS_ISIC4(1.0),A,KOR,EMPE,H4923,_T,PS,2011,213297,A,0,0
OECD.SDD.TPS:DSD_SDBSBSC_ISIC4@DF_SDBS_ISIC4(1.0),A,KOR,EMPE,H4923,S1T19,PS,2011,22253,A,0,0
OECD.SDD.TPS:DSD_SDBSBSC_ISIC4@DF_SDBS_ISIC4(1.0),A,KOR,EMPF,H4923,_T,PS,2011,11731,A,0,0
OECD.SDD.TPS:DSD_SDBSBSC_ISIC4@DF_SDBS_ISIC4(1.0),A,KOR,EMPF,H4922,_T,PS,2011,6794,A,0,0
OECD.SDD.TPS:DSD_SDBSBSC_ISIC4@DF_SDBS_ISIC4(1.0),A,KOR,EMPF,H492,_T,PS,2011,25062,A,0,0
OECD.SDD.TPS:DSD_SDBSBSC_ISIC4@DF_SDBS_ISIC4(1.0),A,KOR,EMPN,H4921,S1T9,PS,2011,375,A,0,0
OECD.SDD.TPS:DSD_SDBSBSC_ISIC4@DF_SDBS_ISIC4(1.0),A,KOR,EMPN,H4922,S1T9,PS,2011,166406,A,0,0
OECD.SDD.TPS:DSD_SDBSBSC_ISIC4@DF_SDBS_ISIC4(1.0),A,KOR,EMPN,H4923,S_GE10,PS,2011,208466,A,0,0
OECD.SDD.TPS:DSD_SDBSBSC_ISIC4@DF_SDBS_ISIC4(1.0),A,KOR,EMPN,H4921,S_GE10,PS,2011,129949,A,0,0
OECD.SDD.TPS:DSD_SDBSBSC_ISIC4@DF_SDBS_ISIC4(1.0),A,KOR,EMPN,H4921,S_GE250,PS,2011,75062,A,0,0
OECD.SDD.TPS:DSD_SDBSBSC_ISIC4@DF_SDBS_ISIC4(1.0),A,KOR,EMPN,H4922,S_GE250,PS,2011,11804,A,0,0
OECD.SDD.TPS:DSD_SDBSBSC_ISIC4@DF_SDBS_ISIC4(1.0),A,KOR,EMPN,H4923,S10T19,PS,2011,14537,A,0,0
OECD.SDD.TPS:DSD_SDBSBSC_ISIC4@DF_SDBS_ISIC4(1.0),A,KOR,EMPN,H4923,S1T249,PS,2011,321585,A,0,0
OECD.SDD.TPS:DSD_SDBSBSC_ISIC4@DF_SDBS_ISIC4(1.0),A,KOR,EMPN,H4922,S10T49,PS,2011,47342,A,0,0
OECD.SDD.TPS:DSD_SDBSBSC_ISIC4@DF_SDBS_ISIC4(1.0),A,KOR,EMPN,H4922,S50T249,PS,2011,114898,A,0,0
OECD.SDD.TPS:DSD_SDBSBSC_ISIC4@DF_SDBS_ISIC4(1.0),A,KOR,EMPN,H4923,S50T249,PS,2011,97238,A,0,0
OECD.SDD.TPS:DSD_SDBSBSC_ISIC4@DF_SDBS_ISIC4(1.0),A,KOR,EMPN,H492,S50T249,PS,2011,258818,A,0,0
OECD.SDD.TPS:DSD_SDBSBSC_ISIC4@DF_SDBS_ISIC4(1.0),A,KOR,EMPN,H4921,S50T249,PS,2011,46682,A,0,0
OECD.SDD.TPS:DSD_SDBSBSC_ISIC4@DF_SDBS_ISIC4(1.0),A,KOR,EMPN,H4921,S20T49,PS,2011,6665,A,0,0
OECD.SDD.TPS:DSD_SDBSBSC_ISIC4@DF_SDBS_ISIC4(1.0),A,KOR,EMPN,H4922,S20T49,PS,2011,38403,A,0,0
OECD.SDD.TPS:DSD_SDBSBSC_ISIC4@DF_SDBS_ISIC4(1.0),A,KOR,EMPN,H492,S_GE20,PS,2011,487443,A,0,0
OECD.SDD.TPS:DSD_SDBSBSC_ISIC4@DF_SDBS_ISIC4(1.0),A,KOR,EMPN,H492,S1T19,PS,2011,354076,A,0,0
OECD.SDD.TPS:DSD_SDBSBSC_ISIC4@DF_SDBS_ISIC4(1.0),A,KOR,EMPN,H4922,_T,PS,2011,340450,A,0,0
OECD.SDD.TPS:DSD_SDBSBSC_ISIC4@DF_SDBS_ISIC4(1.0),A,KOR,EMPN,H4923,_T,PS,2011,370745,A,0,0
OECD.SDD.TPS:DSD_SDBSBSC_ISIC4@DF_SDBS_ISIC4(1.0),A,KOR,EMPN,H4921,_T,PS,2011,130324,A,0,0
OECD.SDD.TPS:DSD_SDBSBSC_ISIC4@DF_SDBS_ISIC4(1.0),A,KOR,GFEQ,H4921,_T,XDC,2011,704522,A,6,1
OECD.SDD.TPS:DSD_SDBSBSC_ISIC4@DF_SDBS_ISIC4(1.0),A,KOR,GFBS,H4922,_T,XDC,2011,58901,A,6,1
OECD.SDD.TPS:DSD_SDBSBSC_ISIC4@DF_SDBS_ISIC4(1.0),A,KOR,GFBS,H4921,_T,XDC,2011,937346,A,6,1
OECD.SDD.TPS:DSD_SDBSBSC_ISIC4@DF_SDBS_ISIC4(1.0),A,KOR,GFLA,H4922,_T,XDC,2011,44503,A,6,1
OECD.SDD.TPS:DSD_SDBSBSC_ISIC4@DF_SDBS_ISIC4(1.0),A,KOR,GITG,H4923,S1T249,XDC,2011,683061,A,6,1
OECD.SDD.TPS:DSD_SDBSBSC_ISIC4@DF_SDBS_ISIC4(1.0),A,KOR,GITG,H4922,S1T249,XDC,2011,873503,A,6,1
OECD.SDD.TPS:DSD_SDBSBSC_ISIC4@DF_SDBS_ISIC4(1.0),A,KOR,GITG,H4923,S1T9,XDC,2011,332072,A,6,1
OECD.SDD.TPS:DSD_SDBSBSC_ISIC4@DF_SDBS_ISIC4(1.0),A,KOR,GITG,H4921,S20T49,XDC,2011,25162,A,6,1
OECD.SDD.TPS:DSD_SDBSBSC_ISIC4@DF_SDBS_ISIC4(1.0),A,KOR,GITG,H492,S_GE250,XDC,2011,2344039,A,6,1
OECD.SDD.TPS:DSD_SDBSBSC_ISIC4@DF_SDBS_ISIC4(1.0),A,KOR,GITG,H4923,S50T249,XDC,2011,159016,A,6,1
OECD.SDD.TPS:DSD_SDBSBSC_ISIC4@DF_SDBS_ISIC4(1.0),A,KOR,GITG,H4921,S_GE250,XDC,2011,2027828,A,6,1
OECD.SDD.TPS:DSD_SDBSBSC_ISIC4@DF_SDBS_ISIC4(1.0),A,KOR,GITG,H4923,S_GE250,XDC,2011,287557,A,6,1
OECD.SDD.TPS:DSD_SDBSBSC_ISIC4@DF_SDBS_ISIC4(1.0),A,KOR,GITG,H4923,S_GE10,XDC,2011,638545,A,6,1
OECD.SDD.TPS:DSD_SDBSBSC_ISIC4@DF_SDBS_ISIC4(1.0),A,KOR,GITG,H492,S20T49,XDC,2011,415116,A,6,1
OECD.SDD.TPS:DSD_SDBSBSC_ISIC4@DF_SDBS_ISIC4(1.0),A,KOR,GITG,H4921,S50T249,XDC,2011,289255,A,6,1
OECD.SDD.TPS:DSD_SDBSBSC_ISIC4@DF_SDBS_ISIC4(1.0),A,KOR,GITG,H492,S50T249,XDC,2011,777303,A,6,1
OECD.SDD.TPS:DSD_SDBSBSC_ISIC4@DF_SDBS_ISIC4(1.0),A,KOR,GITG,H4923,S10T49,XDC,2011,191972,A,6,1
OECD.SDD.TPS:DSD_SDBSBSC_ISIC4@DF_SDBS_ISIC4(1.0),A,KOR,GITG,H492,S_GE10,XDC,2011,3646435,A,6,1
OECD.SDD.TPS:DSD_SDBSBSC_ISIC4@DF_SDBS_ISIC4(1.0),A,KOR,GITG,H4922,S10T19,XDC,2011,66932,A,6,1
OECD.SDD.TPS:DSD_SDBSBSC_ISIC4@DF_SDBS_ISIC4(1.0),A,KOR,GITG,H492,S1T9,XDC,2011,578362,A,6,1
OECD.SDD.TPS:DSD_SDBSBSC_ISIC4@DF_SDBS_ISIC4(1.0),A,KOR,GITG,H4922,S_GE10,XDC,2011,657945,A,6,1
OECD.SDD.TPS:DSD_SDBSBSC_ISIC4@DF_SDBS_ISIC4(1.0),A,KOR,GITG,H4921,S1T9,XDC,2011,2078,A,6,1
OECD.SDD.TPS:DSD_SDBSBSC_ISIC4@DF_SDBS_ISIC4(1.0),A,KOR,GITG,H4921,S10T49,XDC,2011,32861,A,6,1
OECD.SDD.TPS:DSD_SDBSBSC_ISIC4@DF_SDBS_ISIC4(1.0),A,KOR,GITG,H4922,_T,XDC,2011,902157,A,6,1
OECD.SDD.TPS:DSD_SDBSBSC_ISIC4@DF_SDBS_ISIC4(1.0),A,KOR,GITG,H492,_T,XDC,2011,4224797,A,6,1
OECD.SDD.TPS:DSD_SDBSBSC_ISIC4@DF_SDBS_ISIC4(1.0),A,KOR,VAPE,H4923,S10T19,XDC,2011,39.4695587158203,A,6,1
OECD.SDD.TPS:DSD_SDBSBSC_ISIC4@DF_SDBS_ISIC4(1.0),A,KOR,VAPE,H492,S10T19,XDC,2011,32.862247467041,A,6,1
OECD.SDD.TPS:DSD_SDBSBSC_ISIC4@DF_SDBS_ISIC4(1.0),A,KOR,VAPE,H492,S10T49,XDC,2011,32.8865432739258,A,6,1
OECD.SDD.TPS:DSD_SDBSBSC_ISIC4@DF_SDBS_ISIC4(1.0),A,KOR,VAPE,H4922,S10T49,XDC,2011,22.1725521087647,A,6,1
OECD.SDD.TPS:DSD_SDBSBSC_ISIC4@DF_SDBS_ISIC4(1.0),A,KOR,VAPE,H4923,S1T9,XDC,2011,20.8683013916016,A,6,1
OECD.SDD.TPS:DSD_SDBSBSC_ISIC4@DF_SDBS_ISIC4(1.0),A,KOR,VAPE,H4921,S1T9,XDC,2011,10.8693332672119,A,6,1
OECD.SDD.TPS:DSD_SDBSBSC_ISIC4@DF_SDBS_ISIC4(1.0),A,KOR,VAPE,H4922,S1T9,XDC,2011,19.8223323822022,A,6,1
OECD.SDD.TPS:DSD_SDBSBSC_ISIC4@DF_SDBS_ISIC4(1.0),A,KOR,VAPE,H4923,S_GE250,XDC,2011,47.300651550293,A,6,1
OECD.SDD.TPS:DSD_SDBSBSC_ISIC4@DF_SDBS_ISIC4(1.0),A,KOR,VAPE,H4921,S_GE250,XDC,2011,50.5239791870117,A,6,1
OECD.SDD.TPS:DSD_SDBSBSC_ISIC4@DF_SDBS_ISIC4(1.0),A,KOR,VAPE,H4922,S_GE250,XDC,2011,14.6192817687988,A,6,1
OECD.SDD.TPS:DSD_SDBSBSC_ISIC4@DF_SDBS_ISIC4(1.0),A,KOR,VAPE,H4923,S50T249,XDC,2011,39.000617980957,A,6,1
OECD.SDD.TPS:DSD_SDBSBSC_ISIC4@DF_SDBS_ISIC4(1.0),A,KOR,VAPE,H4922,S50T249,XDC,2011,14.1477575302124,A,6,1
OECD.SDD.TPS:DSD_SDBSBSC_ISIC4@DF_SDBS_ISIC4(1.0),A,KOR,VAPE,H4921,S50T249,XDC,2011,39.6663589477539,A,6,1
OECD.SDD.TPS:DSD_SDBSBSC_ISIC4@DF_SDBS_ISIC4(1.0),A,KOR,VAPE,H4921,S20T49,XDC,2011,25.429557800293,A,6,1
OECD.SDD.TPS:DSD_SDBSBSC_ISIC4@DF_SDBS_ISIC4(1.0),A,KOR,VAPE,H4922,S20T49,XDC,2011,21.8042869567871,A,6,1
OECD.SDD.TPS:DSD_SDBSBSC_ISIC4@DF_SDBS_ISIC4(1.0),A,KOR,VAPE,H4921,_T,XDC,2011,44.9162864685059,A,6,1
OECD.SDD.TPS:DSD_SDBSBSC_ISIC4@DF_SDBS_ISIC4(1.0),A,KOR,WASE,H4921,_T,XDC,2011,4717875,A,6,1
OECD.SDD.TPS:DSD_SDBSBSC_ISIC4@DF_SDBS_ISIC4(1.0),A,KOR,WASE,H492,S1T249,XDC,2011,8304440,A,6,1
OECD.SDD.TPS:DSD_SDBSBSC_ISIC4@DF_SDBS_ISIC4(1.0),A,KOR,WASE,H4923,S1T249,XDC,2011,4687009,A,6,1
OECD.SDD.TPS:DSD_SDBSBSC_ISIC4@DF_SDBS_ISIC4(1.0),A,KOR,WASE,H4921,S10T49,XDC,2011,178291,A,6,1
OECD.SDD.TPS:DSD_SDBSBSC_ISIC4@DF_SDBS_ISIC4(1.0),A,KOR,WASE,H492,S10T49,XDC,2011,2482348,A,6,1
OECD.SDD.TPS:DSD_SDBSBSC_ISIC4@DF_SDBS_ISIC4(1.0),A,KOR,WASE,H4922,S10T49,XDC,2011,573692,A,6,1
OECD.SDD.TPS:DSD_SDBSBSC_ISIC4@DF_SDBS_ISIC4(1.0),A,KOR,WASE,H4923,S50T249,XDC,2011,2767781,A,6,1
OECD.SDD.TPS:DSD_SDBSBSC_ISIC4@DF_SDBS_ISIC4(1.0),A,KOR,WASE,H4922,S50T249,XDC,2011,1330225,A,6,1
OECD.SDD.TPS:DSD_SDBSBSC_ISIC4@DF_SDBS_ISIC4(1.0),A,KOR,WASE,H492,S10T19,XDC,2011,534223,A,6,1
OECD.SDD.TPS:DSD_SDBSBSC_ISIC4@DF_SDBS_ISIC4(1.0),A,KOR,WASE,H4922,S20T49,XDC,2011,460902,A,6,1
OECD.SDD.TPS:DSD_SDBSBSC_ISIC4@DF_SDBS_ISIC4(1.0),A,KOR,WASE,H4921,S20T49,XDC,2011,147328,A,6,1
OECD.SDD.TPS:DSD_SDBSBSC_ISIC4@DF_SDBS_ISIC4(1.0),A,KOR,WASE,H4921,S1T19,XDC,2011,36321,A,6,1
OECD.SDD.TPS:DSD_SDBSBSC_ISIC4@DF_SDBS_ISIC4(1.0),A,KOR,WASE,H492,S1T19,XDC,2011,757525,A,6,1
OECD.SDD.TPS:DSD_SDBSBSC_ISIC4@DF_SDBS_ISIC4(1.0),A,KOR,WASE,H4923,S_GE10,XDC,2011,5965324,A,6,1
OECD.SDD.TPS:DSD_SDBSBSC_ISIC4@DF_SDBS_ISIC4(1.0),A,KOR,WASE,H4922,S_GE10,XDC,2011,2057963,A,6,1
OECD.SDD.TPS:DSD_SDBSBSC_ISIC4@DF_SDBS_ISIC4(1.0),A,KOR,WASE,H4921,S1T9,XDC,2011,5358,A,6,1
OECD.SDD.TPS:DSD_SDBSBSC_ISIC4@DF_SDBS_ISIC4(1.0),A,KOR,WASE,H4922,S1T9,XDC,2011,29081,A,6,1
OECD.SDD.TPS:DSD_SDBSBSC_ISIC4@DF_SDBS_ISIC4(1.0),A,KOR,WASE,H4923,S1T9,XDC,2011,188864,A,6,1
OECD.SDD.TPS:DSD_SDBSBSC_ISIC4@DF_SDBS_ISIC4(1.0),A,KOR,WASE,H4923,S_GE250,XDC,2011,1467179,A,6,1
OECD.SDD.TPS:DSD_SDBSBSC_ISIC4@DF_SDBS_ISIC4(1.0),A,KOR,WASE,H4921,S_GE250,XDC,2011,3033442,A,6,1
OECD.SDD.TPS:DSD_SDBSBSC_ISIC4@DF_SDBS_ISIC4(1.0),A,KOR,WASE,H492,S_GE20,XDC,2011,12201582,A,6,1
OECD.SDD.TPS:DSD_SDBSBSC_ISIC4@DF_SDBS_ISIC4(1.0),A,KOR,VALU,H4921,S20T49,XDC,2011,169488,A,6,1
OECD.SDD.TPS:DSD_SDBSBSC_ISIC4@DF_SDBS_ISIC4(1.0),A,KOR,VALU,H4922,S20T49,XDC,2011,837350,A,6,1
OECD.SDD.TPS:DSD_SDBSBSC_ISIC4@DF_SDBS_ISIC4(1.0),A,KOR,VALU,H4923,S20T49,XDC,2011,2039031,A,6,1
OECD.SDD.TPS:DSD_SDBSBSC_ISIC4@DF_SDBS_ISIC4(1.0),A,KOR,VALU,H4921,_T,XDC,2011,5853670,A,6,1
OECD.SDD.TPS:DSD_SDBSBSC_ISIC4@DF_SDBS_ISIC4(1.0),A,KOR,VALU,H4923,_T,XDC,2011,12116929,A,6,1
OECD.SDD.TPS:DSD_SDBSBSC_ISIC4@DF_SDBS_ISIC4(1.0),A,KOR,VALU,H492,S10T49,XDC,2011,3867951,A,6,1
OECD.SDD.TPS:DSD_SDBSBSC_ISIC4@DF_SDBS_ISIC4(1.0),A,KOR,VALU,H4922,S10T49,XDC,2011,1049693,A,6,1
OECD.SDD.TPS:DSD_SDBSBSC_ISIC4@DF_SDBS_ISIC4(1.0),A,KOR,VALU,H492,S10T19,XDC,2011,822082,A,6,1
OECD.SDD.TPS:DSD_SDBSBSC_ISIC4@DF_SDBS_ISIC4(1.0),A,KOR,VALU,H492,S50T249,XDC,2011,7269597,A,6,1
OECD.SDD.TPS:DSD_SDBSBSC_ISIC4@DF_SDBS_ISIC4(1.0),A,KOR,VALU,H4923,S50T249,XDC,2011,3792342,A,6,1
OECD.SDD.TPS:DSD_SDBSBSC_ISIC4@DF_SDBS_ISIC4(1.0),A,KOR,VALU,H492,S1T249,XDC,2011,17826666,A,6,1
OECD.SDD.TPS:DSD_SDBSBSC_ISIC4@DF_SDBS_ISIC4(1.0),A,KOR,VALU,H4922,S1T19,XDC,2011,3510898,A,6,1
OECD.SDD.TPS:DSD_SDBSBSC_ISIC4@DF_SDBS_ISIC4(1.0),A,KOR,VALU,H492,S1T19,XDC,2011,7511200,A,6,1
OECD.SDD.TPS:DSD_SDBSBSC_ISIC4@DF_SDBS_ISIC4(1.0),A,KOR,VALU,H4921,S1T19,XDC,2011,40046,A,6,1
OECD.SDD.TPS:DSD_SDBSBSC_ISIC4@DF_SDBS_ISIC4(1.0),A,KOR,VALU,H4923,S_GE10,XDC,2011,8730442,A,6,1
OECD.SDD.TPS:DSD_SDBSBSC_ISIC4@DF_SDBS_ISIC4(1.0),A,KOR,VALU,H4923,S1T9,XDC,2011,3386487,A,6,1
OECD.SDD.TPS:DSD_SDBSBSC_ISIC4@DF_SDBS_ISIC4(1.0),A,KOR,VALU,H4921,S_GE20,XDC,2011,5813624,A,6,1
OECD.SDD.TPS:DSD_SDBSBSC_ISIC4@DF_SDBS_ISIC4(1.0),A,KOR,VALU,H492,S_GE20,XDC,2011,16605762,A,6,1
OECD.SDD.TPS:DSD_SDBSBSC_ISIC4@DF_SDBS_ISIC4(1.0),A,KOR,VALU,H4922,S_GE20,XDC,2011,2635466,A,6,1
OECD.SDD.TPS:DSD_SDBSBSC_ISIC4@DF_SDBS_ISIC4(1.0),A,KOR,PROD,H4922,S_GE20,XDC,2011,5277702,A,6,1
OECD.SDD.TPS:DSD_SDBSBSC_ISIC4@DF_SDBS_ISIC4(1.0),A,KOR,PROD,H4921,S_GE20,XDC,2011,11243573,A,6,1
OECD.SDD.TPS:DSD_SDBSBSC_ISIC4@DF_SDBS_ISIC4(1.0),A,KOR,PROD,H4923,S_GE20,XDC,2011,18763072,A,6,1
OECD.SDD.TPS:DSD_SDBSBSC_ISIC4@DF_SDBS_ISIC4(1.0),A,KOR,PROD,H4921,S10T19,XDC,2011,174680,A,6,1
OECD.SDD.TPS:DSD_SDBSBSC_ISIC4@DF_SDBS_ISIC4(1.0),A,KOR,PROD,H4922,S20T49,XDC,2011,1551460,A,6,1
OECD.SDD.TPS:DSD_SDBSBSC_ISIC4@DF_SDBS_ISIC4(1.0),A,KOR,PROD,H492,S20T49,XDC,2011,6206895,A,6,1
OECD.SDD.TPS:DSD_SDBSBSC_ISIC4@DF_SDBS_ISIC4(1.0),A,KOR,PROD,H4922,S50T249,XDC,2011,3391236,A,6,1
OECD.SDD.TPS:DSD_SDBSBSC_ISIC4@DF_SDBS_ISIC4(1.0),A,KOR,PROD,H4921,S10T49,XDC,2011,564665,A,6,1
OECD.SDD.TPS:DSD_SDBSBSC_ISIC4@DF_SDBS_ISIC4(1.0),A,KOR,PROD,H4923,S10T49,XDC,2011,5601779,A,6,1
OECD.SDD.TPS:DSD_SDBSBSC_ISIC4@DF_SDBS_ISIC4(1.0),A,KOR,PROD,H492,S10T49,XDC,2011,8115684,A,6,1
OECD.SDD.TPS:DSD_SDBSBSC_ISIC4@DF_SDBS_ISIC4(1.0),A,KOR,PROD,H4923,S1T19,XDC,2011,5082075,A,6,1
OECD.SDD.TPS:DSD_SDBSBSC_ISIC4@DF_SDBS_ISIC4(1.0),A,KOR,PROD,H4921,S1T19,XDC,2011,192356,A,6,1
OECD.SDD.TPS:DSD_SDBSBSC_ISIC4@DF_SDBS_ISIC4(1.0),A,KOR,PROD,H4922,S1T19,XDC,2011,3185454,A,6,1
OECD.SDD.TPS:DSD_SDBSBSC_ISIC4@DF_SDBS_ISIC4(1.0),A,KOR,PROD,H4922,_T,XDC,2011,8463156,A,6,1
OECD.SDD.TPS:DSD_SDBSBSC_ISIC4@DF_SDBS_ISIC4(1.0),A,KOR,TUTT,H4921,_T,XDC,2011,10036951,A,6,1
OECD.SDD.TPS:DSD_SDBSBSC_ISIC4@DF_SDBS_ISIC4(1.0),A,KOR,TUTT,H492,_T,XDC,2011,48402448,A,6,1
OECD.SDD.TPS:DSD_SDBSBSC_ISIC4@DF_SDBS_ISIC4(1.0),A,KOR,TUTT,H4921,S1T249,XDC,2011,3836325,A,6,1
OECD.SDD.TPS:DSD_SDBSBSC_ISIC4@DF_SDBS_ISIC4(1.0),A,KOR,TUTT,H492,S1T249,XDC,2011,35115960,A,6,1
OECD.SDD.TPS:DSD_SDBSBSC_ISIC4@DF_SDBS_ISIC4(1.0),A,KOR,TUTT,H4922,S10T19,XDC,2011,408238,A,6,1
OECD.SDD.TPS:DSD_SDBSBSC_ISIC4@DF_SDBS_ISIC4(1.0),A,KOR,TUTT,H492,S10T19,XDC,2011,1966717,A,6,1
OECD.SDD.TPS:DSD_SDBSBSC_ISIC4@DF_SDBS_ISIC4(1.0),A,KOR,TUTT,H4923,S10T49,XDC,2011,5891413,A,6,1
OECD.SDD.TPS:DSD_SDBSBSC_ISIC4@DF_SDBS_ISIC4(1.0),A,KOR,TUTT,H4922,S10T49,XDC,2011,1980195,A,6,1
OECD.SDD.TPS:DSD_SDBSBSC_ISIC4@DF_SDBS_ISIC4(1.0),A,KOR,TUTT,H4921,S10T49,XDC,2011,515132,A,6,1
OECD.SDD.TPS:DSD_SDBSBSC_ISIC4@DF_SDBS_ISIC4(1.0),A,KOR,TUTT,H4923,S50T249,XDC,2011,8165207,A,6,1
OECD.SDD.TPS:DSD_SDBSBSC_ISIC4@DF_SDBS_ISIC4(1.0),A,KOR,TUTT,H4921,S_GE10,XDC,2011,10023308,A,6,1
OECD.SDD.TPS:DSD_SDBSBSC_ISIC4@DF_SDBS_ISIC4(1.0),A,KOR,TUTT,H4922,S_GE10,XDC,2011,5402976,A,6,1
OECD.SDD.TPS:DSD_SDBSBSC_ISIC4@DF_SDBS_ISIC4(1.0),A,KOR,TUTT,H492,S_GE10,XDC,2011,36266008,A,6,1
OECD.SDD.TPS:DSD_SDBSBSC_ISIC4@DF_SDBS_ISIC4(1.0),A,KOR,TUTT,H4922,S1T9,XDC,2011,5669568,A,6,1
OECD.SDD.TPS:DSD_SDBSBSC_ISIC4@DF_SDBS_ISIC4(1.0),A,KOR,TUTT,H4921,S1T9,XDC,2011,13643,A,6,1
OECD.SDD.TPS:DSD_SDBSBSC_ISIC4@DF_SDBS_ISIC4(1.0),A,KOR,TUTT,H4921,S_GE250,XDC,2011,6200626,A,6,1
OECD.SDD.TPS:DSD_SDBSBSC_ISIC4@DF_SDBS_ISIC4(1.0),A,KOR,TUTT,H4923,S_GE20,XDC,2011,19446392,A,6,1
OECD.SDD.TPS:DSD_SDBSBSC_ISIC4@DF_SDBS_ISIC4(1.0),A,KOR,TUTT,H4922,S_GE20,XDC,2011,4994738,A,6,1
OECD.SDD.TPS:DSD_SDBSBSC_ISIC4@DF_SDBS_ISIC4(1.0),A,KOR,PROD,H492,S1T19,XDC,2011,8459885,A,6,1
OECD.SDD.TPS:DSD_SDBSBSC_ISIC4@DF_SDBS_ISIC4(1.0),A,KOR,TUTT,H4923,S1T19,XDC,2011,7846560,A,6,1
OECD.SDD.TPS:DSD_SDBSBSC_ISIC4@DF_SDBS_ISIC4(1.0),A,KOR,TUTT,H4922,S1T19,XDC,2011,6077807,A,6,1
OECD.SDD.TPS:DSD_SDBSBSC_ISIC4@DF_SDBS_ISIC4(1.0),A,KOR,VAPE,H4922,S_GE20,XDC,2011,15.962363243103,A,6,1
OECD.SDD.TPS:DSD_SDBSBSC_ISIC4@DF_SDBS_ISIC4(1.0),A,KOR,VAPE,H492,S1T19,XDC,2011,21.2135238647461,A,6,1
OECD.SDD.TPS:DSD_SDBSBSC_ISIC4@DF_SDBS_ISIC4(1.0),A,KOR,VAPE,H4921,S1T19,XDC,2011,20.9117488861084,A,6,1
OECD.SDD.TPS:DSD_SDBSBSC_ISIC4@DF_SDBS_ISIC4(1.0),A,KOR,ENTR,H4921,S1T19,ENT,2011,191,A,0,0
OECD.SDD.TPS:DSD_SDBSBSC_ISIC4@DF_SDBS_ISIC4(1.0),A,KOR,EMPF,H4921,_T,PS,2011,6537,A,0,0
OECD.SDD.TPS:DSD_SDBSBSC_ISIC4@DF_SDBS_ISIC4(1.0),A,KOR,EMPE,H492,S_GE250,PS,2011,132818,A,0,0
OECD.SDD.TPS:DSD_SDBSBSC_ISIC4@DF_SDBS_ISIC4(1.0),A,KOR,EMPE,H4922,S_GE250,PS,2011,11798,A,0,0
OECD.SDD.TPS:DSD_SDBSBSC_ISIC4@DF_SDBS_ISIC4(1.0),A,KOR,EMPE,H4923,S_GE250,PS,2011,47984,A,0,0
OECD.SDD.TPS:DSD_SDBSBSC_ISIC4@DF_SDBS_ISIC4(1.0),A,KOR,EMPE,H492,S1T9,PS,2011,10004,A,0,0
OECD.SDD.TPS:DSD_SDBSBSC_ISIC4@DF_SDBS_ISIC4(1.0),A,KOR,EMPE,H4922,S_GE10,PS,2011,170703,A,0,0
OECD.SDD.TPS:DSD_SDBSBSC_ISIC4@DF_SDBS_ISIC4(1.0),A,KOR,EMPE,H492,S10T49,PS,2011,115259,A,0,0
OECD.SDD.TPS:DSD_SDBSBSC_ISIC4@DF_SDBS_ISIC4(1.0),A,KOR,EMPE,H4923,S10T49,PS,2011,61460,A,0,0
OECD.SDD.TPS:DSD_SDBSBSC_ISIC4@DF_SDBS_ISIC4(1.0),A,KOR,EMPE,H492,S50T249,PS,2011,255358,A,0,0
OECD.SDD.TPS:DSD_SDBSBSC_ISIC4@DF_SDBS_ISIC4(1.0),A,KOR,EMPE,H4922,S50T249,PS,2011,113106,A,0,0
OECD.SDD.TPS:DSD_SDBSBSC_ISIC4@DF_SDBS_ISIC4(1.0),A,KOR,EMPE,H4921,S50T249,PS,2011,46322,A,0,0
OECD.SDD.TPS:DSD_SDBSBSC_ISIC4@DF_SDBS_ISIC4(1.0),A,KOR,EMPE,H4923,S1T249,PS,2011,165313,A,0,0
OECD.SDD.TPS:DSD_SDBSBSC_ISIC4@DF_SDBS_ISIC4(1.0),A,KOR,EMPE,H492,S1T249,PS,2011,380621,A,0,0
OECD.SDD.TPS:DSD_SDBSBSC_ISIC4@DF_SDBS_ISIC4(1.0),A,KOR,EMPE,H4922,S1T249,PS,2011,160711,A,0,0
OECD.SDD.TPS:DSD_SDBSBSC_ISIC4@DF_SDBS_ISIC4(1.0),A,KOR,EMPE,H4921,S1T249,PS,2011,54597,A,0,0
OECD.SDD.TPS:DSD_SDBSBSC_ISIC4@DF_SDBS_ISIC4(1.0),A,KOR,EMPE,H4921,S10T19,PS,2011,1479,A,0,0
OECD.SDD.TPS:DSD_SDBSBSC_ISIC4@DF_SDBS_ISIC4(1.0),A,KOR,EMPE,H4921,S20T49,PS,2011,6521,A,0,0
OECD.SDD.TPS:DSD_SDBSBSC_ISIC4@DF_SDBS_ISIC4(1.0),A,KOR,EMPE,H492,S20T49,PS,2011,90682,A,0,0
OECD.SDD.TPS:DSD_SDBSBSC_ISIC4@DF_SDBS_ISIC4(1.0),A,KOR,EMPE,H4922,S20T49,PS,2011,37031,A,0,0
OECD.SDD.TPS:DSD_SDBSBSC_ISIC4@DF_SDBS_ISIC4(1.0),A,KOR,EMPE,H492,S1T19,PS,2011,34581,A,0,0
OECD.SDD.TPS:DSD_SDBSBSC_ISIC4@DF_SDBS_ISIC4(1.0),A,KOR,EMPE,H4921,S1T19,PS,2011,1754,A,0,0
OECD.SDD.TPS:DSD_SDBSBSC_ISIC4@DF_SDBS_ISIC4(1.0),A,KOR,EMPE,H4921,S_GE20,PS,2011,125879,A,0,0
OECD.SDD.TPS:DSD_SDBSBSC_ISIC4@DF_SDBS_ISIC4(1.0),A,KOR,EMPE,H492,S_GE20,PS,2011,478858,A,0,0
OECD.SDD.TPS:DSD_SDBSBSC_ISIC4@DF_SDBS_ISIC4(1.0),A,KOR,EMPE,H4923,S_GE20,PS,2011,191044,A,0,0
OECD.SDD.TPS:DSD_SDBSBSC_ISIC4@DF_SDBS_ISIC4(1.0),A,KOR,EMPE,H4922,S_GE20,PS,2011,161935,A,0,0
OECD.SDD.TPS:DSD_SDBSBSC_ISIC4@DF_SDBS_ISIC4(1.0),A,KOR,EMPE,H492,_T,PS,2011,513439,A,0,0
OECD.SDD.TPS:DSD_SDBSBSC_ISIC4@DF_SDBS_ISIC4(1.0),A,KOR,EMPE,H4922,_T,PS,2011,172509,A,0,0
OECD.SDD.TPS:DSD_SDBSBSC_ISIC4@DF_SDBS_ISIC4(1.0),A,KOR,EMPE,H4921,_T,PS,2011,127633,A,0,0
OECD.SDD.TPS:DSD_SDBSBSC_ISIC4@DF_SDBS_ISIC4(1.0),A,KOR,EMPN,H4923,S10T49,PS,2011,62068,A,0,0
OECD.SDD.TPS:DSD_SDBSBSC_ISIC4@DF_SDBS_ISIC4(1.0),A,KOR,EMPN,H4921,S10T49,PS,2011,8205,A,0,0
OECD.SDD.TPS:DSD_SDBSBSC_ISIC4@DF_SDBS_ISIC4(1.0),A,KOR,EMPN,H492,S10T49,PS,2011,117615,A,0,0
OECD.SDD.TPS:DSD_SDBSBSC_ISIC4@DF_SDBS_ISIC4(1.0),A,KOR,EMPN,H4922,S_GE10,PS,2011,174044,A,0,0
OECD.SDD.TPS:DSD_SDBSBSC_ISIC4@DF_SDBS_ISIC4(1.0),A,KOR,EMPN,H4923,S1T9,PS,2011,162279,A,0,0
OECD.SDD.TPS:DSD_SDBSBSC_ISIC4@DF_SDBS_ISIC4(1.0),A,KOR,EMPN,H492,S_GE250,PS,2011,136026,A,0,0
OECD.SDD.TPS:DSD_SDBSBSC_ISIC4@DF_SDBS_ISIC4(1.0),A,KOR,EMPN,H4923,S_GE250,PS,2011,49160,A,0,0
OECD.SDD.TPS:DSD_SDBSBSC_ISIC4@DF_SDBS_ISIC4(1.0),A,KOR,EMPN,H4923,S20T49,PS,2011,47531,A,0,0
OECD.SDD.TPS:DSD_SDBSBSC_ISIC4@DF_SDBS_ISIC4(1.0),A,KOR,EMPN,H492,S20T49,PS,2011,92599,A,0,0
OECD.SDD.TPS:DSD_SDBSBSC_ISIC4@DF_SDBS_ISIC4(1.0),A,KOR,EMPN,H492,S10T19,PS,2011,25016,A,0,0
OECD.SDD.TPS:DSD_SDBSBSC_ISIC4@DF_SDBS_ISIC4(1.0),A,KOR,EMPN,H4921,S1T249,PS,2011,55262,A,0,0
OECD.SDD.TPS:DSD_SDBSBSC_ISIC4@DF_SDBS_ISIC4(1.0),A,KOR,EMPN,H492,S1T249,PS,2011,705493,A,0,0
OECD.SDD.TPS:DSD_SDBSBSC_ISIC4@DF_SDBS_ISIC4(1.0),A,KOR,EMPN,H4921,S1T19,PS,2011,1915,A,0,0
OECD.SDD.TPS:DSD_SDBSBSC_ISIC4@DF_SDBS_ISIC4(1.0),A,KOR,EMPN,H4922,S1T19,PS,2011,175345,A,0,0
OECD.SDD.TPS:DSD_SDBSBSC_ISIC4@DF_SDBS_ISIC4(1.0),A,KOR,EMPN,H4921,S_GE20,PS,2011,128409,A,0,0
OECD.SDD.TPS:DSD_SDBSBSC_ISIC4@DF_SDBS_ISIC4(1.0),A,KOR,EMPN,H492,_T,PS,2011,841519,A,0,0
OECD.SDD.TPS:DSD_SDBSBSC_ISIC4@DF_SDBS_ISIC4(1.0),A,KOR,ENTR,H4921,S10T19,ENT,2011,101,A,0,0
OECD.SDD.TPS:DSD_SDBSBSC_ISIC4@DF_SDBS_ISIC4(1.0),A,KOR,ENTR,H4923,S50T249,ENT,2011,1128,A,0,0
OECD.SDD.TPS:DSD_SDBSBSC_ISIC4@DF_SDBS_ISIC4(1.0),A,KOR,ENTR,H492,S_GE10,ENT,2011,7465,A,0,0
OECD.SDD.TPS:DSD_SDBSBSC_ISIC4@DF_SDBS_ISIC4(1.0),A,KOR,ENTR,H4921,S_GE250,ENT,2011,114,A,0,0
OECD.SDD.TPS:DSD_SDBSBSC_ISIC4@DF_SDBS_ISIC4(1.0),A,KOR,ENTR,H4923,S1T249,ENT,2011,158158,A,0,0
OECD.SDD.TPS:DSD_SDBSBSC_ISIC4@DF_SDBS_ISIC4(1.0),A,KOR,ENTR,H4921,S_GE20,ENT,2011,674,A,0,0
OECD.SDD.TPS:DSD_SDBSBSC_ISIC4@DF_SDBS_ISIC4(1.0),A,KOR,ENTR,H4922,S1T19,ENT,2011,165149,A,0,0
OECD.SDD.TPS:DSD_SDBSBSC_ISIC4@DF_SDBS_ISIC4(1.0),A,KOR,ENTR,H4921,S1T249,ENT,2011,751,A,0,0
OECD.SDD.TPS:DSD_SDBSBSC_ISIC4@DF_SDBS_ISIC4(1.0),A,KOR,ENTR,H4923,S_GE10,ENT,2011,3753,A,0,0
OECD.SDD.TPS:DSD_SDBSBSC_ISIC4@DF_SDBS_ISIC4(1.0),A,KOR,ENTR,H492,S_GE20,ENT,2011,5704,A,0,0
OECD.SDD.TPS:DSD_SDBSBSC_ISIC4@DF_SDBS_ISIC4(1.0),A,KOR,ENTR,H4922,S_GE20,ENT,2011,2302,A,0,0
OECD.SDD.TPS:DSD_SDBSBSC_ISIC4@DF_SDBS_ISIC4(1.0),A,KOR,ENTR,H4922,S10T49,ENT,2011,1806,A,0,0
OECD.SDD.TPS:DSD_SDBSBSC_ISIC4@DF_SDBS_ISIC4(1.0),A,KOR,ENTR,H4921,_T,ENT,2011,865,A,0,0
OECD.SDD.TPS:DSD_SDBSBSC_ISIC4@DF_SDBS_ISIC4(1.0),A,KOR,ENTR,H4922,S_GE250,ENT,2011,36,A,0,0
OECD.SDD.TPS:DSD_SDBSBSC_ISIC4@DF_SDBS_ISIC4(1.0),A,KOR,ENTR,H4923,S20T49,ENT,2011,1525,A,0,0
OECD.SDD.TPS:DSD_SDBSBSC_ISIC4@DF_SDBS_ISIC4(1.0),A,KOR,ENTR,H4922,S1T249,ENT,2011,167414,A,0,0
OECD.SDD.TPS:DSD_SDBSBSC_ISIC4@DF_SDBS_ISIC4(1.0),A,KOR,ENTR,H4923,S10T19,ENT,2011,1023,A,0,0
OECD.SDD.TPS:DSD_SDBSBSC_ISIC4@DF_SDBS_ISIC4(1.0),A,KOR,ENTR,H4921,S20T49,ENT,2011,220,A,0,0
OECD.SDD.TPS:DSD_SDBSBSC_ISIC4@DF_SDBS_ISIC4(1.0),A,KOR,ENTR,H492,S_GE250,ENT,2011,227,A,0,0
OECD.SDD.TPS:DSD_SDBSBSC_ISIC4@DF_SDBS_ISIC4(1.0),A,KOR,ENTR,H492,S1T249,ENT,2011,326323,A,0,0
OECD.SDD.TPS:DSD_SDBSBSC_ISIC4@DF_SDBS_ISIC4(1.0),A,KOR,ENTR,H4923,S1T19,ENT,2011,155506,A,0,0
OECD.SDD.TPS:DSD_SDBSBSC_ISIC4@DF_SDBS_ISIC4(1.0),A,KOR,ENTR,H4922,S50T249,ENT,2011,1096,A,0,0
OECD.SDD.TPS:DSD_SDBSBSC_ISIC4@DF_SDBS_ISIC4(1.0),A,KOR,ENTR,H492,S10T49,ENT,2011,4675,A,0,0
OECD.SDD.TPS:DSD_SDBSBSC_ISIC4@DF_SDBS_ISIC4(1.0),A,KOR,ENTR,H4923,S_GE20,ENT,2011,2729,A,0,0
OECD.SDD.TPS:DSD_SDBSBSC_ISIC4@DF_SDBS_ISIC4(1.0),A,KOR,GFEQ,H4922,_T,XDC,2011,771048,A,6,1
OECD.SDD.TPS:DSD_SDBSBSC_ISIC4@DF_SDBS_ISIC4(1.0),A,KOR,GFEQ,H492,_T,XDC,2011,2148085,A,6,1
OECD.SDD.TPS:DSD_SDBSBSC_ISIC4@DF_SDBS_ISIC4(1.0),A,KOR,GFEQ,H4923,_T,XDC,2011,672515,A,6,1
OECD.SDD.TPS:DSD_SDBSBSC_ISIC4@DF_SDBS_ISIC4(1.0),A,KOR,GFLA,H4923,_T,XDC,2011,59466,A,6,1
OECD.SDD.TPS:DSD_SDBSBSC_ISIC4@DF_SDBS_ISIC4(1.0),A,KOR,GFBS,H4923,_T,XDC,2011,54264,A,6,1
OECD.SDD.TPS:DSD_SDBSBSC_ISIC4@DF_SDBS_ISIC4(1.0),A,KOR,GFBS,H492,_T,XDC,2011,1050510,A,6,1
OECD.SDD.TPS:DSD_SDBSBSC_ISIC4@DF_SDBS_ISIC4(1.0),A,KOR,GITG,H4921,S_GE20,XDC,2011,2342245,A,6,1
OECD.SDD.TPS:DSD_SDBSBSC_ISIC4@DF_SDBS_ISIC4(1.0),A,KOR,GITG,H4922,S_GE20,XDC,2011,591013,A,6,1
OECD.SDD.TPS:DSD_SDBSBSC_ISIC4@DF_SDBS_ISIC4(1.0),A,KOR,GITG,H4923,S_GE20,XDC,2011,603200,A,6,1
OECD.SDD.TPS:DSD_SDBSBSC_ISIC4@DF_SDBS_ISIC4(1.0),A,KOR,GITG,H4922,S50T249,XDC,2011,329031,A,6,1
OECD.SDD.TPS:DSD_SDBSBSC_ISIC4@DF_SDBS_ISIC4(1.0),A,KOR,GITG,H4922,S1T19,XDC,2011,311144,A,6,1
OECD.SDD.TPS:DSD_SDBSBSC_ISIC4@DF_SDBS_ISIC4(1.0),A,KOR,GITG,H4923,S1T19,XDC,2011,367418,A,6,1
OECD.SDD.TPS:DSD_SDBSBSC_ISIC4@DF_SDBS_ISIC4(1.0),A,KOR,GITG,H4921,S1T19,XDC,2011,9777,A,6,1
OECD.SDD.TPS:DSD_SDBSBSC_ISIC4@DF_SDBS_ISIC4(1.0),A,KOR,GITG,H4923,S20T49,XDC,2011,156626,A,6,1
OECD.SDD.TPS:DSD_SDBSBSC_ISIC4@DF_SDBS_ISIC4(1.0),A,KOR,GITG,H4921,S1T249,XDC,2011,324194,A,6,1
OECD.SDD.TPS:DSD_SDBSBSC_ISIC4@DF_SDBS_ISIC4(1.0),A,KOR,GITG,H492,S1T249,XDC,2011,1880758,A,6,1
OECD.SDD.TPS:DSD_SDBSBSC_ISIC4@DF_SDBS_ISIC4(1.0),A,KOR,GITG,H4921,S10T19,XDC,2011,7699,A,6,1
OECD.SDD.TPS:DSD_SDBSBSC_ISIC4@DF_SDBS_ISIC4(1.0),A,KOR,GITG,H492,S10T49,XDC,2011,525093,A,6,1
OECD.SDD.TPS:DSD_SDBSBSC_ISIC4@DF_SDBS_ISIC4(1.0),A,KOR,GITG,H492,S10T19,XDC,2011,109977,A,6,1
OECD.SDD.TPS:DSD_SDBSBSC_ISIC4@DF_SDBS_ISIC4(1.0),A,KOR,GITG,H4923,S10T19,XDC,2011,35346,A,6,1
OECD.SDD.TPS:DSD_SDBSBSC_ISIC4@DF_SDBS_ISIC4(1.0),A,KOR,GITG,H4922,S_GE250,XDC,2011,28654,A,6,1
OECD.SDD.TPS:DSD_SDBSBSC_ISIC4@DF_SDBS_ISIC4(1.0),A,KOR,GITG,H4921,S_GE10,XDC,2011,2349944,A,6,1
OECD.SDD.TPS:DSD_SDBSBSC_ISIC4@DF_SDBS_ISIC4(1.0),A,KOR,GITG,H4923,_T,XDC,2011,970618,A,6,1
OECD.SDD.TPS:DSD_SDBSBSC_ISIC4@DF_SDBS_ISIC4(1.0),A,KOR,GITG,H4921,_T,XDC,2011,2352022,A,6,1
OECD.SDD.TPS:DSD_SDBSBSC_ISIC4@DF_SDBS_ISIC4(1.0),A,KOR,VAPE,H4921,S10T19,XDC,2011,23.3571434020996,A,6,1
OECD.SDD.TPS:DSD_SDBSBSC_ISIC4@DF_SDBS_ISIC4(1.0),A,KOR,VAPE,H4923,S10T49,XDC,2011,42.0957641601563,A,6,1
OECD.SDD.TPS:DSD_SDBSBSC_ISIC4@DF_SDBS_ISIC4(1.0),A,KOR,VAPE,H4921,S10T49,XDC,2011,25.040584564209,A,6,1
OECD.SDD.TPS:DSD_SDBSBSC_ISIC4@DF_SDBS_ISIC4(1.0),A,KOR,VAPE,H4923,S20T49,XDC,2011,42.8989715576172,A,6,1
OECD.SDD.TPS:DSD_SDBSBSC_ISIC4@DF_SDBS_ISIC4(1.0),A,KOR,VAPE,H492,S20T49,XDC,2011,32.8931083679199,A,6,1
OECD.SDD.TPS:DSD_SDBSBSC_ISIC4@DF_SDBS_ISIC4(1.0),A,KOR,VAPE,H492,S1T249,XDC,2011,25.2683811187744,A,6,1
OECD.SDD.TPS:DSD_SDBSBSC_ISIC4@DF_SDBS_ISIC4(1.0),A,KOR,VAPE,H4921,S1T249,XDC,2011,37.2993927001953,A,6,1
OECD.SDD.TPS:DSD_SDBSBSC_ISIC4@DF_SDBS_ISIC4(1.0),A,KOR,VAPE,H4923,S1T249,XDC,2011,30.4480285644531,A,6,1
OECD.SDD.TPS:DSD_SDBSBSC_ISIC4@DF_SDBS_ISIC4(1.0),A,KOR,VAPE,H492,_T,XDC,2011,28.6588439941406,A,6,1
OECD.SDD.TPS:DSD_SDBSBSC_ISIC4@DF_SDBS_ISIC4(1.0),A,KOR,VAPE,H4922,_T,XDC,2011,18.0536460876465,A,6,1
OECD.SDD.TPS:DSD_SDBSBSC_ISIC4@DF_SDBS_ISIC4(1.0),A,KOR,VAPE,H4923,_T,XDC,2011,32.6826515197754,A,6,1
OECD.SDD.TPS:DSD_SDBSBSC_ISIC4@DF_SDBS_ISIC4(1.0),A,KOR,VALU,H4923,S1T249,XDC,2011,9791629,A,6,1
OECD.SDD.TPS:DSD_SDBSBSC_ISIC4@DF_SDBS_ISIC4(1.0),A,KOR,VALU,H4921,S1T249,XDC,2011,2061239,A,6,1
OECD.SDD.TPS:DSD_SDBSBSC_ISIC4@DF_SDBS_ISIC4(1.0),A,KOR,VALU,H4922,S1T249,XDC,2011,5973798,A,6,1
OECD.SDD.TPS:DSD_SDBSBSC_ISIC4@DF_SDBS_ISIC4(1.0),A,KOR,VALU,H4923,S_GE20,XDC,2011,8156673,A,6,1
OECD.SDD.TPS:DSD_SDBSBSC_ISIC4@DF_SDBS_ISIC4(1.0),A,KOR,VALU,H4922,S10T19,XDC,2011,212343,A,6,1
OECD.SDD.TPS:DSD_SDBSBSC_ISIC4@DF_SDBS_ISIC4(1.0),A,KOR,VALU,H4921,S10T19,XDC,2011,35970,A,6,1
OECD.SDD.TPS:DSD_SDBSBSC_ISIC4@DF_SDBS_ISIC4(1.0),A,KOR,VALU,H492,S20T49,XDC,2011,3045869,A,6,1
OECD.SDD.TPS:DSD_SDBSBSC_ISIC4@DF_SDBS_ISIC4(1.0),A,KOR,VALU,H4921,S50T249,XDC,2011,1851705,A,6,1
OECD.SDD.TPS:DSD_SDBSBSC_ISIC4@DF_SDBS_ISIC4(1.0),A,KOR,VALU,H4922,S_GE10,XDC,2011,2847808,A,6,1
OECD.SDD.TPS:DSD_SDBSBSC_ISIC4@DF_SDBS_ISIC4(1.0),A,KOR,VALU,H492,S_GE10,XDC,2011,17427844,A,6,1
OECD.SDD.TPS:DSD_SDBSBSC_ISIC4@DF_SDBS_ISIC4(1.0),A,KOR,VALU,H4923,S10T49,XDC,2011,2612800,A,6,1
OECD.SDD.TPS:DSD_SDBSBSC_ISIC4@DF_SDBS_ISIC4(1.0),A,KOR,VALU,H4921,S10T49,XDC,2011,205458,A,6,1
OECD.SDD.TPS:DSD_SDBSBSC_ISIC4@DF_SDBS_ISIC4(1.0),A,KOR,VALU,H492,S1T9,XDC,2011,6689118,A,6,1
OECD.SDD.TPS:DSD_SDBSBSC_ISIC4@DF_SDBS_ISIC4(1.0),A,KOR,VALU,H4921,S1T9,XDC,2011,4076,A,6,1
OECD.SDD.TPS:DSD_SDBSBSC_ISIC4@DF_SDBS_ISIC4(1.0),A,KOR,VALU,H4922,S_GE250,XDC,2011,172566,A,6,1
OECD.SDD.TPS:DSD_SDBSBSC_ISIC4@DF_SDBS_ISIC4(1.0),A,KOR,VALU,H4923,S_GE250,XDC,2011,2325300,A,6,1
OECD.SDD.TPS:DSD_SDBSBSC_ISIC4@DF_SDBS_ISIC4(1.0),A,KOR,VALU,H492,S_GE250,XDC,2011,6290296,A,6,1
OECD.SDD.TPS:DSD_SDBSBSC_ISIC4@DF_SDBS_ISIC4(1.0),A,KOR,VALU,H4921,S_GE250,XDC,2011,3792431,A,6,1
OECD.SDD.TPS:DSD_SDBSBSC_ISIC4@DF_SDBS_ISIC4(1.0),A,KOR,VALU,H4922,_T,XDC,2011,6146364,A,6,1
OECD.SDD.TPS:DSD_SDBSBSC_ISIC4@DF_SDBS_ISIC4(1.0),A,KOR,PROD,H492,_T,XDC,2011,43744232,A,6,1
OECD.SDD.TPS:DSD_SDBSBSC_ISIC4@DF_SDBS_ISIC4(1.0),A,KOR,PROD,H4923,_T,XDC,2011,23845148,A,6,1
OECD.SDD.TPS:DSD_SDBSBSC_ISIC4@DF_SDBS_ISIC4(1.0),A,KOR,PROD,H492,S1T249,XDC,2011,29548638,A,6,1
OECD.SDD.TPS:DSD_SDBSBSC_ISIC4@DF_SDBS_ISIC4(1.0),A,KOR,PROD,H4922,S1T249,XDC,2011,8128150,A,6,1
OECD.SDD.TPS:DSD_SDBSBSC_ISIC4@DF_SDBS_ISIC4(1.0),A,KOR,PROD,H4923,S1T249,XDC,2011,17261388,A,6,1
OECD.SDD.TPS:DSD_SDBSBSC_ISIC4@DF_SDBS_ISIC4(1.0),A,KOR,PROD,H4921,S1T249,XDC,2011,4159100,A,6,1
OECD.SDD.TPS:DSD_SDBSBSC_ISIC4@DF_SDBS_ISIC4(1.0),A,KOR,PROD,H4921,S20T49,XDC,2011,389985,A,6,1
OECD.SDD.TPS:DSD_SDBSBSC_ISIC4@DF_SDBS_ISIC4(1.0),A,KOR,PROD,H4923,S20T49,XDC,2011,4265450,A,6,1
OECD.SDD.TPS:DSD_SDBSBSC_ISIC4@DF_SDBS_ISIC4(1.0),A,KOR,PROD,H4921,S50T249,XDC,2011,3576759,A,6,1
OECD.SDD.TPS:DSD_SDBSBSC_ISIC4@DF_SDBS_ISIC4(1.0),A,KOR,PROD,H4923,S10T19,XDC,2011,1336329,A,6,1
OECD.SDD.TPS:DSD_SDBSBSC_ISIC4@DF_SDBS_ISIC4(1.0),A,KOR,PROD,H4922,S10T19,XDC,2011,397781,A,6,1
OECD.SDD.TPS:DSD_SDBSBSC_ISIC4@DF_SDBS_ISIC4(1.0),A,KOR,PROD,H492,S10T19,XDC,2011,1908789,A,6,1
OECD.SDD.TPS:DSD_SDBSBSC_ISIC4@DF_SDBS_ISIC4(1.0),A,KOR,PROD,H4922,S10T49,XDC,2011,1949241,A,6,1
OECD.SDD.TPS:DSD_SDBSBSC_ISIC4@DF_SDBS_ISIC4(1.0),A,KOR,PROD,H4921,S_GE10,XDC,2011,11418253,A,6,1
OECD.SDD.TPS:DSD_SDBSBSC_ISIC4@DF_SDBS_ISIC4(1.0),A,KOR,PROD,H4923,S_GE10,XDC,2011,20099400,A,6,1
OECD.SDD.TPS:DSD_SDBSBSC_ISIC4@DF_SDBS_ISIC4(1.0),A,KOR,PROD,H4922,S_GE10,XDC,2011,5675483,A,6,1
OECD.SDD.TPS:DSD_SDBSBSC_ISIC4@DF_SDBS_ISIC4(1.0),A,KOR,PROD,H492,S_GE10,XDC,2011,37193136,A,6,1
OECD.SDD.TPS:DSD_SDBSBSC_ISIC4@DF_SDBS_ISIC4(1.0),A,KOR,PROD,H4921,S1T9,XDC,2011,17676,A,6,1
OECD.SDD.TPS:DSD_SDBSBSC_ISIC4@DF_SDBS_ISIC4(1.0),A,KOR,PROD,H492,S1T9,XDC,2011,6551095,A,6,1
OECD.SDD.TPS:DSD_SDBSBSC_ISIC4@DF_SDBS_ISIC4(1.0),A,KOR,PROD,H4922,S1T9,XDC,2011,2787673,A,6,1
OECD.SDD.TPS:DSD_SDBSBSC_ISIC4@DF_SDBS_ISIC4(1.0),A,KOR,PROD,H4923,S_GE250,XDC,2011,6583759,A,6,1
OECD.SDD.TPS:DSD_SDBSBSC_ISIC4@DF_SDBS_ISIC4(1.0),A,KOR,PROD,H492,S_GE250,XDC,2011,14195594,A,6,1
OECD.SDD.TPS:DSD_SDBSBSC_ISIC4@DF_SDBS_ISIC4(1.0),A,KOR,PROD,H4921,S_GE250,XDC,2011,7276829,A,6,1
OECD.SDD.TPS:DSD_SDBSBSC_ISIC4@DF_SDBS_ISIC4(1.0),A,KOR,PROD,H4922,S_GE250,XDC,2011,335006,A,6,1
OECD.SDD.TPS:DSD_SDBSBSC_ISIC4@DF_SDBS_ISIC4(1.0),A,KOR,PROD,H492,S_GE20,XDC,2011,35284348,A,6,1
OECD.SDD.TPS:DSD_SDBSBSC_ISIC4@DF_SDBS_ISIC4(1.0),A,KOR,WASE,H492,_T,XDC,2011,12959107,A,6,1
OECD.SDD.TPS:DSD_SDBSBSC_ISIC4@DF_SDBS_ISIC4(1.0),A,KOR,WASE,H4922,_T,XDC,2011,2087044,A,6,1
OECD.SDD.TPS:DSD_SDBSBSC_ISIC4@DF_SDBS_ISIC4(1.0),A,KOR,WASE,H4923,_T,XDC,2011,6154188,A,6,1
OECD.SDD.TPS:DSD_SDBSBSC_ISIC4@DF_SDBS_ISIC4(1.0),A,KOR,WASE,H4921,S_GE20,XDC,2011,4681554,A,6,1
OECD.SDD.TPS:DSD_SDBSBSC_ISIC4@DF_SDBS_ISIC4(1.0),A,KOR,WASE,H4922,S_GE20,XDC,2011,1945174,A,6,1
OECD.SDD.TPS:DSD_SDBSBSC_ISIC4@DF_SDBS_ISIC4(1.0),A,KOR,WASE,H4923,S20T49,XDC,2011,1339894,A,6,1
OECD.SDD.TPS:DSD_SDBSBSC_ISIC4@DF_SDBS_ISIC4(1.0),A,KOR,WASE,H4923,S10T19,XDC,2011,390470,A,6,1
OECD.SDD.TPS:DSD_SDBSBSC_ISIC4@DF_SDBS_ISIC4(1.0),A,KOR,WASE,H4921,S1T249,XDC,2011,1684433,A,6,1
OECD.SDD.TPS:DSD_SDBSBSC_ISIC4@DF_SDBS_ISIC4(1.0),A,KOR,WASE,H492,S50T249,XDC,2011,5598790,A,6,1
OECD.SDD.TPS:DSD_SDBSBSC_ISIC4@DF_SDBS_ISIC4(1.0),A,KOR,WASE,H4921,S50T249,XDC,2011,1500784,A,6,1
OECD.SDD.TPS:DSD_SDBSBSC_ISIC4@DF_SDBS_ISIC4(1.0),A,KOR,WASE,H4923,S10T49,XDC,2011,1730364,A,6,1
OECD.SDD.TPS:DSD_SDBSBSC_ISIC4@DF_SDBS_ISIC4(1.0),A,KOR,WASE,H4923,S1T19,XDC,2011,579334,A,6,1
OECD.SDD.TPS:DSD_SDBSBSC_ISIC4@DF_SDBS_ISIC4(1.0),A,KOR,WASE,H4921,S_GE10,XDC,2011,4712517,A,6,1
OECD.SDD.TPS:DSD_SDBSBSC_ISIC4@DF_SDBS_ISIC4(1.0),A,KOR,WASE,H4922,S_GE250,XDC,2011,154046,A,6,1
OECD.SDD.TPS:DSD_SDBSBSC_ISIC4@DF_SDBS_ISIC4(1.0),A,KOR,WASE,H492,S_GE250,XDC,2011,4654667,A,6,1
OECD.SDD.TPS:DSD_SDBSBSC_ISIC4@DF_SDBS_ISIC4(1.0),A,KOR,TUTT,H4921,S_GE20,XDC,2011,9858161,A,6,1
OECD.SDD.TPS:DSD_SDBSBSC_ISIC4@DF_SDBS_ISIC4(1.0),A,KOR,TUTT,H492,S_GE20,XDC,2011,34299288,A,6,1
OECD.SDD.TPS:DSD_SDBSBSC_ISIC4@DF_SDBS_ISIC4(1.0),A,KOR,TUTT,H4922,S20T49,XDC,2011,1571957,A,6,1
OECD.SDD.TPS:DSD_SDBSBSC_ISIC4@DF_SDBS_ISIC4(1.0),A,KOR,TUTT,H4921,S20T49,XDC,2011,349984,A,6,1
OECD.SDD.TPS:DSD_SDBSBSC_ISIC4@DF_SDBS_ISIC4(1.0),A,KOR,TUTT,H4923,S20T49,XDC,2011,4498082,A,6,1
OECD.SDD.TPS:DSD_SDBSBSC_ISIC4@DF_SDBS_ISIC4(1.0),A,KOR,TUTT,H4922,S50T249,XDC,2011,3120022,A,6,1
OECD.SDD.TPS:DSD_SDBSBSC_ISIC4@DF_SDBS_ISIC4(1.0),A,KOR,TUTT,H4921,S50T249,XDC,2011,3307550,A,6,1
OECD.SDD.TPS:DSD_SDBSBSC_ISIC4@DF_SDBS_ISIC4(1.0),A,KOR,TUTT,H4923,S1T249,XDC,2011,20509850,A,6,1
OECD.SDD.TPS:DSD_SDBSBSC_ISIC4@DF_SDBS_ISIC4(1.0),A,KOR,TUTT,H4922,S1T249,XDC,2011,10769785,A,6,1
OECD.SDD.TPS:DSD_SDBSBSC_ISIC4@DF_SDBS_ISIC4(1.0),A,KOR,TUTT,H4923,S10T19,XDC,2011,1393331,A,6,1
OECD.SDD.TPS:DSD_SDBSBSC_ISIC4@DF_SDBS_ISIC4(1.0),A,KOR,TUTT,H4921,S10T19,XDC,2011,165148,A,6,1
OECD.SDD.TPS:DSD_SDBSBSC_ISIC4@DF_SDBS_ISIC4(1.0),A,KOR,TUTT,H4923,S1T9,XDC,2011,6453230,A,6,1
OECD.SDD.TPS:DSD_SDBSBSC_ISIC4@DF_SDBS_ISIC4(1.0),A,KOR,TUTT,H4923,S_GE10,XDC,2011,20839722,A,6,1
OECD.SDD.TPS:DSD_SDBSBSC_ISIC4@DF_SDBS_ISIC4(1.0),A,KOR,TUTT,H492,S_GE250,XDC,2011,13286487,A,6,1
OECD.SDD.TPS:DSD_SDBSBSC_ISIC4@DF_SDBS_ISIC4(1.0),A,KOR,TUTT,H4922,S_GE250,XDC,2011,302759,A,6,1
OECD.SDD.TPS:DSD_SDBSBSC_ISIC4@DF_SDBS_ISIC4(1.0),A,KOR,TUTT,H4923,S_GE250,XDC,2011,6783102,A,6,1
OECD.SDD.TPS:DSD_SDBSBSC_ISIC4@DF_SDBS_ISIC4(1.0),A,KOR,TUTT,H492,S1T19,XDC,2011,14103157,A,6,1
OECD.SDD.TPS:DSD_SDBSBSC_ISIC4@DF_SDBS_ISIC4(1.0),A,KOR,WASE,H4922,S1T19,XDC,2011,141870,A,6,1
